# Iteration 21 Log

## Metadata

- **Task ID**: US-118
- **Task Title**: M9a-2: gallery surface — one host surface with categories, search, preview, Use template / Blank
- **Description**: As a user, I want one searchable template gallery across installed apps, openable from Cmd+K 'Templates' and every 'New' button, so that templates are discoverable in one place. Starting state: not st...
- **Status**: completed
- **Task Completed**: Yes
- **Promise Detected**: Yes
- **Started At**: 2026-09-30T03:36:59.640Z
- **Ended At**: 2026-09-30T03:52:11.165Z
- **Duration**: 15m 11s
- **Agent**: opencode
- **Model**: opencode-go/deepseek-v4.1-flash
- **Sandbox Mode**: auto
- **Sandbox Network**: Enabled
--- RAW OUTPUT ---
[94m[bash][0m $ git status --porcelain && echo "---HEAD---" && git rev-parse HEAD
[94m[bash][0m $ ls docs/plan/phases/ | tail -30
[94m[bash][0m $ grep -n "US-118" PLAN.md | head -50
[94m[bash][0m $ grep -rn "US-118" --include="*.md" . | grep -v node_modules | grep -v "Inspiration" | head -30
[94m[bash][0m $ grep -rln "US-117" --include="*.md" . | grep -v node_modules | grep -v "Inspiration" | head -30
[94m[bash][0m $ grep -rn "M9a\|US-117\|US-118" tasks/prd.json | head -30
[94m[bash][0m $ wc -l PLAN.md
[94m[read][0m /Users/maxaubert/Projets/A2E Suite/tasks/prd.json
[94m[read][0m /Users/maxaubert/Projets/A2E Suite/docs/plan/phases/phase-13-report.md
[94m[read][0m /Users/maxaubert/Projets/A2E Suite/packages/twenty-shared/src/application/templateDescriptorGuards.ts
[94m[read][0m /Users/maxaubert/Projets/A2E Suite/packages/twenty-shared/src/application/templateDescriptorType.ts
[94m[read][0m
[94m[read][0m /Users/maxaubert/Projets/A2E Suite/packages/twenty-apps/internal/a2e-documents/src/lib/document-template-descriptors.ts
[94m[bash][0m $ ls packages/twenty-front/src/modules/ | head -80
[94m[bash][0m $ done
[94m[read][0m /Users/maxaubert/Projets/A2E Suite/packages/twenty-apps/internal/a2e-documents/src/lib/instantiate-template.ts
[94m[read][0m /Users/maxaubert/Projets/A2E Suite/packages/twenty-apps/internal/a2e-documents/src/lib/template-gallery.ts
[94m[task][0m Map front logic-function execution
[94m[task][0m Map app template instantiation paths
[94m[task][0m Map command menu + New surfaces
[94m[read][0m
[94m[read][0m /Users/maxaubert/Projets/A2E Suite/packages/twenty-front/src/modules/a2e-workspace/hooks/useA2eSuiteApplications.ts
[94m[read][0m
[94m[bash][0m $ sed -n '1,60p' packages/twenty-ui/src/icon/icon-dictionary.md 2>/dev/null || true
[94m[bash][0m $ grep -rn "IconLayoutGrid\|IconTemplate\|IconFileText\|IconFolders\|IconBriefcase\|IconCoin\|IconSett...
[94m[bash][0m $ grep -n "IconFolder\|IconArchive\|IconTemplate\|IconSitemap\|IconBolt\|IconRobot\|IconSparkles\|Icon...
[94m[bash][0m $ grep -in "template\|folder\|document\|archive\|automat\|page\|project" packages/twenty-ui/src/icon/i...
[94m[read][0m /Users/maxaubert/Projets/A2E Suite/packages/twenty-front/src/modules/a2e-workspace/constants/A2eWorkspaceTemplates.ts
[94m[read][0m
[94m[read][0m /Users/maxaubert/Projets/A2E Suite/packages/twenty-shared/src/types/SidePanelPages.ts
[94m[read][0m /Users/maxaubert/Projets/A2E Suite/packages/twenty-front/src/modules/quick-capture/components/QuickCaptureCommand.tsx
[94m[read][0m /Users/maxaubert/Projets/A2E Suite/packages/twenty-front/src/modules/quick-capture/hooks/useQuickCaptureCommand.ts
[94m[read][0m
[94m[read][0m /Users/maxaubert/Projets/A2E Suite/packages/twenty-front/src/modules/ui/layout/modal/hooks/useModal.tsx
[94m[bash][0m $ cat packages/twenty-front/.oxlintrc.json 2>/dev/null | head -100
[94m[bash][0m $ grep -rln "max-consts-per-file" packages/twenty-front --include="*.js" --include="*.ts" --include="*...
[94m[read][0m /Users/maxaubert/Projets/A2E Suite/packages/twenty-front/.oxlintrc.json
[94m[bash][0m $ sed -n '1,60p' packages/twenty-front/src/modules/ui/layout/modal/components/ModalContent.tsx 2>/dev/...
[94m[bash][0m $ grep -rln "from '@/ui/layout/modal/components/Modal'" packages/twenty-front/src/modules --include="*...
[94m[bash][0m $ ls packages/twenty-front/src/modules/ui/layout/modal/components/ 2>/dev/null
[94m[bash][0m $ grep -rln "ConfirmationModal\|useModal(" packages/twenty-front/src/modules --include="*.tsx" | head ...
[94m[bash][0m $ sed -n '1,120p' packages/twenty-ui/src/surfaces/Modal/Modal.tsx
[94m[bash][0m $ grep -rln "ModalContent" packages/twenty-front/src/modules --include="*.tsx" | head -8
[94m[bash][0m $ sed -n '1,90p' packages/twenty-front/src/modules/ui/field/display/components/GlobalFilePreviewModal....
[94m[bash][0m $ grep -rn "export" packages/twenty-ui/src/index.ts | grep -i "modal" | head -30
[94m[bash][0m $ grep -rn "GlobalFilePreviewModal" packages/twenty-front/src --include="*.tsx" | grep -v "GlobalFileP...
[94m[bash][0m $ grep -rln "SidePanelPages\." packages/twenty-front/src --include="*.tsx" | head
[94m[bash][0m $ sed -n '1,130p' packages/twenty-front/src/modules/side-panel/constants/SidePanelPagesConfig.tsx
[94m[bash][0m $ sed -n '1,80p' packages/twenty-shared/package.json
[94m[bash][0m $ grep -n "twenty-shared" packages/twenty-front/tsconfig.json tsconfig.base.json 2>/dev/null | head
[94m[bash][0m $ grep -rn "templateDescriptor\|TemplateDescriptor" packages/twenty-shared/src/application/index.ts pa...
[94m[bash][0m $ grep -rn "TemplateDescriptor" packages/twenty-front/src 2>/dev/null | head
[94m[bash][0m $ echo "exit:$?"
[94m[bash][0m $ cat packages/twenty-front/src/modules/applications/hooks/useInstalledApplications.ts
[94m[bash][0m $ ls packages/twenty-oxlint-rules/ 2>/dev/null
[94m[bash][0m $ find packages/twenty-oxlint-rules/rules -iname "*folder*"
[94m[read][0m /Users/maxaubert/Projets/A2E Suite/packages/twenty-oxlint-rules/rules/folder-structure.ts
[94m[read][0m /Users/maxaubert/Projets/A2E Suite/packages/twenty-oxlint-rules/rules/component-props-naming.ts
[94m[bash][0m $ cat packages/twenty-front/src/modules/side-panel/hooks/useSidePanelMenu.ts
[94m[bash][0m $ sed -n '1,160p' packages/twenty-front/src/modules/side-panel/components/SidePanelRouter.tsx
[94m[todowrite][0m
[94m[bash][0m $ date -u +"%Y-%m-%dT%H:%M:%SZ"
[94m[bash][0m $ ls packages/twenty-ui/src/input/ | grep -i text
[94m[bash][0m $ cat >> docs/plan/phases/phase-13-report.md <<'EOF'  CLAIMED — US-118/gallery-surface — deepseek-v4.1...
[94m[bash][0m $ grep -n "US-118" docs/plan/phases/phase-13-report.md
[94m[bash][0m $ cat packages/twenty-front/src/modules/applications/states/applicationsSelector.ts
[94m[read][0m /Users/maxaubert/Projets/A2E Suite/packages/twenty-front/src/utils/normalizeSearchText.ts
[94m[bash][0m $ cat packages/twenty-front/src/modules/logic-functions/graphql/fragments/logicFunctionFragment.ts
[94m[bash][0m $ sed -n '1,60p' packages/twenty-front/tsconfig.json
[94m[write][0m "import { type TemplateDescriptor } from 'twenty-shared/application';

// What one installed app's `list-template-descriptors` logic function returns,
// tagged with the app identity the gallery groups... (503 chars)"
[94m[write][0m "import { type TemplateDescriptor } from 'twenty-shared/application';

export type TemplateGallerySourceApplication = {
  universalIdentifier: string;
  name: string;
};

// A descriptor plus the two i... (609 chars)"
[94m[write][0m "// The one well-known logic-function name every A2E content app exposes to
// describe its templates (US-117). The gallery discovers descriptor sources by
// matching this name on each installed appli... (379 chars)"
[94m[write][0m "import { type MessageDescriptor } from '@lingui/core';
import { msg } from '@lingui/core/macro';
import { type TemplateDescriptorCategory } from 'twenty-shared/application';
import {
  IconArchive,
  ... (1210 chars)"
[94m[write][0m "import { type TemplateGalleryDescriptorGroup } from '@/template-gallery/types/TemplateGalleryDescriptorGroup';
import { type TemplateGalleryItem } from '@/template-gallery/types/TemplateGalleryItem';
... (1391 chars)"
[94m[write][0m "import { type LogicFunction } from '@/logic-functions/types/LogicFunction';
import { type FlatApplication } from '@/metadata-store/types/FlatApplication';
import { TEMPLATE_DESCRIPTOR_LOGIC_FUNCTION_N... (1471 chars)"
[94m[write][0m "import { type TemplateGalleryItem } from '@/template-gallery/types/TemplateGalleryItem';
import { type TemplateDescriptorCategory } from 'twenty-shared/application';
import { isDefined } from 'twenty-... (1246 chars)"
[94m[write][0m "import { applicationsSelector } from '@/applications/states/applicationsSelector';
import { logicFunctionsSelector } from '@/logic-functions/states/logicFunctionsSelector';
import { buildTemplateGalle... (3965 chars)"
[94m[bash][0m $ grep -rln "currentLocaleState\|localeState" packages/twenty-front/src/modules/localization 2>/dev/nu...
[94m[bash][0m $ grep -rn "i18n.locale\|currentLocale\|useLingui().i18n\|getLocale" packages/twenty-front/src/modules...
[94m[bash][0m $ grep -rn "const { i18n" packages/twenty-front/src --include="*.tsx" | head -5
[94m[bash][0m $ grep -rn "i18n" packages/twenty-front/node_modules/@lingui/react/macro/dist/index.d.ts 2>/dev/null |...
[94m[bash][0m $ ls packages/twenty-ui/src/theme-constants/ 2>/dev/null
[94m[bash][0m $ sed -n '1,60p' packages/twenty-ui/src/theme/constants/BackgroundLight.ts 2>/dev/null
[94m[bash][0m $ grep -rn "radius" packages/twenty-ui/src/theme/constants/BorderLight.ts 2>/dev/null | head
[94m[write][0m "import { TEMPLATE_GALLERY_CATEGORY_CONFIG } from '@/template-gallery/constants/TemplateGalleryCategoryConfig';
import { filterTemplateGalleryItems } from '@/template-gallery/utils/filterTemplateGaller... (11664 chars)"
[94m[write][0m "import { buildTemplateGalleryItems } from '@/template-gallery/utils/buildTemplateGalleryItems';
import { type TemplateGalleryDescriptorGroup } from '@/template-gallery/types/TemplateGalleryDescriptorG... (2785 chars)"
[94m[write][0m "import { collectTemplateDescriptorLogicFunctions } from '@/template-gallery/utils/collectTemplateDescriptorLogicFunctions';
import { type LogicFunction } from '@/logic-functions/types/LogicFunction';
... (2256 chars)"
[94m[write][0m "import { filterTemplateGalleryItems } from '@/template-gallery/utils/filterTemplateGalleryItems';
import { type TemplateGalleryItem } from '@/template-gallery/types/TemplateGalleryItem';
import { type... (2381 chars)"
[94m[write][0m "import { TemplateGallery } from '@/template-gallery/components/TemplateGallery';
import { type TemplateGalleryItem } from '@/template-gallery/types/TemplateGalleryItem';
import { i18n } from '@lingui/... (5731 chars)"
[94m[edit][0m /Users/maxaubert/Projets/A2E Suite/packages/twenty-front/src/modules/template-gallery/components/TemplateGallery.tsx
[94m[edit][0m
[94m[bash][0m $ npx jest src/modules/template-gallery --config=packages/twenty-front/jest.config.mjs 2>&1 | tail -60
[94m[bash][0m $ npx jest src/modules/template-gallery/components --config=packages/twenty-front/jest.config.mjs 2>&1...
[94m[bash][0m $ npx jest src/modules/template-gallery/components --config=packages/twenty-front/jest.config.mjs 2>&1...
[94m[edit][0m
[94m[edit][0m
[94m[edit][0m
[94m[bash][0m $ npx jest src/modules/template-gallery --config=packages/twenty-front/jest.config.mjs 2>&1 | tail -30
All 18 tests pass. Now the typecheck, lint and format gates.

[94m[bash][0m $ echo "EXIT:${PIPESTATUS[0]}"
[94m[edit][0m
[94m[edit][0m
[94m[bash][0m $ echo "EXIT:${PIPESTATUS[0]}"
[94m[bash][0m $ grep -rln "isNonEmptyString" packages/twenty-shared/src/utils/ | head
[94m[bash][0m $ grep -rn "isNonEmptyString" packages/twenty-shared/src/utils/strings/*.ts | grep "export" | head
[94m[bash][0m $ grep -rn "from '@sniptt/guards'" packages/twenty-front/src/modules --include="*.ts" --include="*.tsx...
[94m[edit][0m
[94m[bash][0m $ echo "EXIT:${PIPESTATUS[0]}"
Typecheck clean. Now lint and format on touched files.

[94m[bash][0m $ echo "EXIT:${PIPESTATUS[0]}"
[94m[edit][0m
[94m[bash][0m $ echo "EXIT:${PIPESTATUS[0]}"
[94m[bash][0m $ echo "EXIT:${PIPESTATUS[0]}"
[94m[bash][0m $ echo "EXIT:${PIPESTATUS[0]}"
[94m[bash][0m $ npx oxlint --type-aware -c .oxlintrc.json src/modules/template-gallery 2>&1 | tail -4
[94m[bash][0m $ npx jest src/modules/template-gallery --config=packages/twenty-front/jest.config.mjs 2>&1 | tail -8
[94m[bash][0m $ npx jest src/modules/template-gallery --config=jest.config.mjs 2>&1 | tail -10
[94m[bash][0m $ git status --porcelain
[94m[bash][0m $ grep -rn "text-transform\|letter-spacing" packages/twenty-front/src/modules --include="*.tsx" | grep...
[94m[edit][0m /Users/maxaubert/Projets/A2E Suite/packages/twenty-front/src/modules/template-gallery/components/TemplateGallery.tsx
[94m[edit][0m /Users/maxaubert/Projets/A2E Suite/packages/twenty-front/src/modules/template-gallery/components/TemplateGallery.tsx
[94m[bash][0m $ echo "TSC_EXIT:${PIPESTATUS[0]}"
[94m[edit][0m /Users/maxaubert/Projets/A2E Suite/packages/twenty-front/src/modules/template-gallery/components/TemplateGallery.tsx
[94m[bash][0m $ echo "TSC_EXIT:${PIPESTATUS[0]}"
[94m[edit][0m /Users/maxaubert/Projets/A2E Suite/packages/twenty-front/src/modules/template-gallery/components/TemplateGallery.tsx
[94m[edit][0m /Users/maxaubert/Projets/A2E Suite/packages/twenty-front/src/modules/template-gallery/components/TemplateGallery.tsx
[94m[bash][0m $ grep -n "type JSX\|JSX.Element\|ReactNode" packages/twenty-front/src/modules/template-gallery/compon...
[94m[bash][0m $ grep -n "from 'react'" packages/twenty-front/src/modules/template-gallery/components/TemplateGallery...
[94m[edit][0m /Users/maxaubert/Projets/A2E Suite/packages/twenty-front/src/modules/template-gallery/components/TemplateGallery.tsx
[94m[bash][0m $ echo "TSC_EXIT:${PIPESTATUS[0]}"
[94m[bash][0m $ npx jest src/modules/template-gallery --config=jest.config.mjs 2>&1 | tail -7
All green. Let me do a final review of the module and confirm no stray files.

[94m[bash][0m $ find packages/twenty-front/src/modules/template-gallery -type f | sort
[94m[write][0m "
---

## 2026-09-30 03:44 UTC — deepseek-v4.1-flash [executor] — contract v4
**Task:** US-118 M9a-2: gallery surface — one host surface with categories, search, preview, Use template / Blank · **Slice... (6308 chars)"
Oops, I overwrote the report instead of appending. Let me check.

[94m[bash][0m $ head -5 docs/plan/phases/phase-13-report.md
I clobbered the phase report. Restoring it from git and appending properly.

[94m[bash][0m $ git checkout -- docs/plan/phases/phase-13-report.md && wc -l docs/plan/phases/phase-13-report.md && ...
[94m[bash][0m $ wc -l docs/plan/phases/phase-13-report.md
Now the progress.md entry. Let me read the current file.

[94m[bash][0m $ tail -40 .ralph-tui/progress.md
[94m[bash][0m $ tail -3 .ralph-tui/progress.md
[94m[bash][0m $ git diff --stat
[94m[todowrite][0m
US-118 slice complete — reported `partial` in `docs/plan/phases/phase-13-report.md` and logged in `.ralph-tui/progress.md`.

**Delivered:** new module `packages/twenty-front/src/modules/template-gallery/` (13 files):
- Install-gated data layer consuming the US-117 descriptors — `buildTemplateGalleryItems` (availability from `requiredApps`), `collectTemplateDescriptorLogicFunctions` (resolve each installed app's `list-template-descriptors`), `filterTemplateGalleryItems` (category + diacritic-insensitive search), `useTemplateGalleryItems` (executes descriptor functions via `ExecuteOneLogicFunctionDocument`, validates with `isTemplateDescriptor`).
- `TemplateGallery` host surface: search, category tabs, list, descriptor preview pane, locale-aware fr/en labels, `Use template`/`Blank` callbacks, unavailable safe state with disabled apply.
- 18 unit tests across 4 suites.

**Gates:** `tsgo --noEmit` exit 0 · oxlint 0/0 · oxfmt clean · jest 4 suites/18 tests green · no catalog churn.

**Honest partial:** the AC's shell entry-points (Cmd+K `Templates`, `New` surfaces, landing pages) and the app-side `applyTemplateByKey` write path aren't wired — no app exposes a callable apply keyed by descriptor key yet, so the surface takes host callbacks for the next slice rather than forking the template-copy path.

<promise>COMPLETE</promise>

--- SUBAGENT TRACE ---
{
  "events": [
    {
      "id": "subagent_1790739568178_iiasast",
      "type": "spawn",
      "timestamp": "2026-09-30T03:39:28.178Z",
      "agentType": "explore",
      "description": "Map front logic-function execution",
      "prompt": "In the repo /Users/maxaubert/Projets/A2E Suite, investigate how the twenty-front React app can execute an installed application's logic function, and how it knows which applications are installed.\n\nFocus:\n1. `packages/twenty-front/src/modules/logic-functions/` — what hooks/services exist to list/execute logic functions? Look for GraphQL queries/mutations, e.g. `executeOneLogicFunction`, `findManyLogicFunctions`, `findManyLogicFunctionLogs`, and how they are used.\n2. `packages/twenty-front/src/modules/applications/` — hooks for listing installed applications (e.g. `useFindManyApplications`, `useApplicationByRegistrationId`), and the shape of an Application record (universalIdentifier, name, registrationId, etc.).\n3. How does the front determine whether a given app is installed? Search for `applicationRegistrationId`, `installedApplication`, `findManyApplications`.\n4. Are there any existing examples of twenty-front calling an app logic function (e.g. executing `list-template-descriptors` or any app-provided logic function) from the front? Search the whole repo for `list-template-descriptors`, `executeOneLogicFunction`, `LogicFunctionExecutor`.\n5. The generated GraphQL document hooks mechanism (`twenty-front/src/generated/graphql.ts` or graphql:generate) — how new queries are added and used.\n\nReport exact file paths with line numbers, the names/exports of the relevant hooks/services, and the call signatures. Be thorough (medium-to-thorough). Return a concise structured report. Do NOT modify any files."
    },
    {
      "id": "subagent_1790739568178_iiasast",
      "type": "error",
      "timestamp": "2026-09-30T03:39:28.179Z",
      "agentType": "explore",
      "description": "Map front logic-function execution",
      "errorMessage": "<task id=\"ses_f0f9be50affeZkY7rDB3q03g8E\" state=\"completed\">\n<task_result>\nI have gathered enough. Here is the structured report.\n\n---\n\n# Report: twenty-front → application logic functions & installed-application detection\n\n## 1. Logic-functions module (`packages/twenty-front/src/modules/logic-functions/`)\n\n### GraphQL operations\n- **Execute mutation** — `packages/twenty-front/src/modules/logic-functions/graphql/mutations/executeOneLogicFunction.ts:3-13`\n  - `EXECUTE_ONE_LOGIC_FUNCTION` (`gql`), `mutation ExecuteOneLogicFunction($input: ExecuteOneLogicFunctionInput!)`, returns `{ data logs duration status error }`.\n  - Input shape (`src/generated-metadata/graphql.ts:1943-1948`): `{ id: UUID!, payload: JSON }`.\n  - Result (`graphql.ts:2471-2490`): `{ data?: JSON, duration: Float, error?: JSON, logs: String, status: LogicFunctionExecutionStatus }`; status enum = `ERROR | IDLE | SUCCESS`.\n- **List query** — `.../graphql/queries/findManyLogicFunctions.ts:4-11`\n  - `FIND_MANY_LOGIC_FUNCTIONS`, `query FindManyLogicFunctions { findManyLogicFunctions { ...LogicFunctionFields } }`.\n  - Fragment `LOGIC_FUNCTION_FRAGMENT` at `.../graphql/fragments/logicFunctionFragment.ts:3-23` (id, name, description, runtime, timeoutSeconds, executionMode, sourceHandlerPath, handlerName, trigger settings, **applicationId**, **universalIdentifier**, createdAt, updatedAt).\n- **Single query** — `.../graphql/queries/findOneLogicFunction.ts:4-11`, variable `LogicFunctionIdInput { id }` (`graphql.ts:2492-2495`).\n- Also present: `createOneLogicFunction.ts`, `updateOneLogicFunction.ts`, `deleteOneLogicFunction.ts`, `getLogicFunctionSourceCode.ts`, `findManyAvailablePackages.ts`.\n- **No `findManyLogicFunctionLogs` query exists in twenty-front.** Logs are delivered by a GraphQL subscription: `Subscription.logicFunctionLogs` / `SubscriptionLogicFunctionLogsArgs` (`graphql.ts:5792`, `5803-5804`). UI component: `src/modules/logic-functions/components/LogicFunctionLogs.tsx:10`.\n\n### Hooks/services\n- **`useExecuteLogicFunction`** — `.../hooks/useExecuteLogicFunction.ts:28-111` (exported).\n  - Signature: `useExecuteLogicFunction({ logicFunctionId: string, callback?: (result: object) => void })`.\n  - Returns `{ executeLogicFunction, updateLogicFunctionInput, logicFunctionTestData, isExecuting }`.\n  - `executeLogicFunction()` takes **no arguments**: it reads the payload from the Jotai family state `logicFunctionTestDataFamilyState` (imported from `@/workflow/workflow-steps/workflow-actions/code-action/states/logicFunctionTestDataFamilyState`, line 4) and calls the mutation with `{ input: { id: logicFunctionId, payload: logicFunctionTestData.input } }` (lines 66-73). This makes it tailored to the settings/workflow \"test function\" UI, not a generic app-function invoker.\n  - It uses the local `EXECUTE_ONE_LOGIC_FUNCTION` gql constant (line 39), **not** the generated `ExecuteOneLogicFunctionDocument`.\n  - Known call sites: `src/modules/settings/logic-functions/components/tabs/SettingsLogicFunctionTestTab.tsx:70`, `src/pages/settings/logic-functions/SettingsLogicFunctionDetail.tsx:70`, `src/modules/workflow/.../code-action/components/WorkflowEditActionCode.tsx:129`, `src/modules/workflow/.../logic-function-action/components/WorkflowEditActionLogicFunction.tsx:144`.\n- **`useGetOneLogicFunction`** — `.../hooks/useGetOneLogicFunction.ts:9-27`: `({ id, skip? })` → `{ logicFunction, loading }`, uses `FIND_ONE_LOGIC_FUNCTION`.\n- **`usePersistLogicFunction`** — `.../hooks/usePersistLogicFunction.ts:25-167`: create/update/delete (settings CRUD); refetches `FIND_MANY_LOGIC_FUNCTIONS`.\n- **`useLogicFunctionThirdPartyApplicationInformation`** — `.../hooks/useLogicFunctionThirdPartyApplicationInformation.ts:12-35`: resolves a logic function's `applicationId` from `logicFunctionsSelector` and returns its app name/chip.\n- **`useGetAvailablePackages`**, `useGetLogicFunctionSourceCode`, `useLogicFunctionForm`, `useLogicFunctionUpdateFormState`.\n\n### State / bulk loading\n- **`logicFunctionsSelector`** — `.../states/logicFunctionsSelector.ts:5-12`: `createAtomSelector<LogicFunction[]>` reading `metadataStoreState, 'logicFunctions'`. This is the front's global list of all logic functions, each carrying `applicationId`, `name`, and `universalIdentifier`.\n- **Type** — `.../types/LogicFunction.ts:3-4`: `FindManyLogicFunctionsQuery['findManyLogicFunctions'][number]`.\n- Bulk load into the metadata store: `src/modules/metadata-store/hooks/useLoadStaleMetadataEntities.ts:175-193` runs `FindManyLogicFunctionsDocument` (`fetchPolicy: 'network-only'`) and calls `replaceDraft('logicFunctions', result.data.findManyLogicFunctions)`. Entity keys registered in `metadata-store/states/metadataStoreState.ts:23` and mapped in `metadata-store/utils/mapAllMetadataNameToEntityKey.ts:16`.\n\n## 2. Applications module (`packages/twenty-front/src/modules/applications/`)\n\n### GraphQL\n- **`findManyApplications`** — `.../graphql/queries/findManyApplications.ts:3-21`: selects `id, name, description, logoUrl, version, state, universalIdentifier, applicationRegistrationId, applicationRegistration { id, latestAvailableVersion, sourceType }`.\n- **`findOneApplication`** — `.../graphql/queries/findOneApplication.ts:4-11` (variable `$id: UUID!`, uses `APPLICATION_FRAGMENT`).\n- **`findOneApplicationByUniversalIdentifier`** — `.../graphql/queries/findOneApplicationByUniversalIdentifier.ts:3-13`: `findOneApplication(universalIdentifier: UUID!) { id universalIdentifier name version state }`.\n- **`APPLICATION_FRAGMENT`** — `.../graphql/fragments/applicationFragment.ts:6-79`: adds `canBeUninstalled, autoUpgrade, defaultRoleId, settingsCustomTabFrontComponentId, availablePackages, applicationVariables, agents, frontComponents, commandMenuItems, objects, logicFunctions {...LogicFunctionFields}`.\n\n### Hooks\n- **`useInstalledApplications`** — `.../hooks/useInstalledApplications.ts:9-33`: runs `FindManyApplicationsDocument`, merges with `applicationsSelector` by id; returns `ApplicationWithoutRelation[]`. Refetches on lifecycle/registration change hooks.\n- **`useIsThirdPartyApplication`** — `.../hooks/useIsThirdPartyApplication.ts:7-25`: looks up `applicationId` in `currentWorkspace?.installedApplications`.\n- **`useApplicationChipData`**, `useApplicationAvatarColors`, `useResolvedApplicationDescription`, `useRefetchOnApplicationLifecycleSettled`, `useRefetchOnApplicationRegistrationChange`.\n- **`applicationsSelector`** — `.../states/applicationsSelector.ts:5-11` → `metadataStoreState, 'applications'` (`FlatApplication[]`).\n- **`ApplicationsLoadEffect`** — `.../components/ApplicationsLoadEffect.tsx:44-117`: network-only `FindManyApplicationsDocument`, maps to `FlatApplication` and `replaceDraft('applications', …)`.\n- **No `useFindManyApplications` and no `useApplicationByRegistrationId` hooks exist** (grep found none). The registration id field is named **`applicationRegistrationId`**, not `registrationId`.\n\n### Record shapes\n- `Application` (`src/generated-metadata/graphql.ts:298-326`): `id, name, description, logoUrl, version, state, universalIdentifier, applicationRegistrationId, applicationRegistration{…}, logicFunctions: LogicFunction[], frontComponents, commandMenuItems, objects, agents, applicationVariables, availablePackages, canBeUninstalled, autoUpgrade, defaultRoleId, settingsCustomTabFrontComponentId, logoFileId, packageJson*, yarnLock*`.\n- `ApplicationWithoutRelation` (`src/pages/settings/applications/types/applicationWithoutRelation.ts:3-13`): Pick of `id, name, description, logoUrl, version, universalIdentifier, applicationRegistrationId, applicationRegistration`.\n- `FlatApplication` (`src/modules/metadata-store/types/FlatApplication.ts:3-12`): Pick of `id, universalIdentifier, name, description, version, state, applicationRegistrationId`.\n\n## 3. How the front determines whether an app is installed\n\n- **`findManyApplications` is install-scoped.** Server resolver `packages/twenty-server/src/engine/core-modules/application/application-install/application-install.resolver.ts:72-78` → `ApplicationService.findManyApplications` (`application.service.ts:153-160`) queries `applicationRepository.find({ where: { workspaceId }, relations: ['applicationRegistration'] })`. So *presence in `findManyApplications` = installed in this workspace*.\n- **Canonical front pattern** — `src/modules/a2e-workspace/hooks/useA2eSuiteApplications.ts:15-56`:\n  - builds `installedUniversalIdentifiers` = `Set(data.findManyApplications.map(a => a.universalIdentifier))` (lines 27-35);\n  - `installedApplications` = `findManyApplications` filtered to the A2E suite universal-identifier list (lines 37-45);\n  - `availableApplications` = marketplace catalog (`useMarketplaceApps`) minus `installedUniversalIdentifiers` (lines 47-54).\n  - Comment at lines 12-14 states the identity rule: \"`findManyApplications` holds workspace installs only… whose app id **IS** the application universal identifier.\"\n- **Existence check alternative**: `findOneApplication(universalIdentifier)` (`findOneApplicationByUniversalIdentifier.ts`), used e.g. in `src/pages/settings/applications/SettingsAvailableApplicationDetails.tsx:63`.\n- **Auth-state alternative**: `currentWorkspace?.installedApplications` (e.g. `useIsThirdPartyApplication.ts:16`, `pages/settings/ai/utils/getToolApplicationId.ts:15`, `pages/settings/data-model/SettingsObjectTable.tsx:95`).\n- Stable identity for matching is `universalIdentifier`; `applicationRegistrationId` links an install to its registration/publisher record. The A2E app UIDs are hard-coded in `src/modules/a2e-workspace/constants/A2eSuiteApplicationUniversalIdentifiers.ts:5-17`.\n\n## 4. Existing examples of the front calling an app-provided logic function\n\n- **None for app functions such as `list-template-descriptors`.** A repo-wide search for `list-template-descriptors` hits only the four app packages (`packages/twenty-apps/internal/{a2e-documents,a2e-projects,a2e-accounting,a2e-drive}/src/logic-functions/list-template-descriptors.ts`) plus docs/ralph logs — **zero hits under `packages/twenty-front/src`**.\n- The descriptor function is a plain `defineLogicFunction` handler, e.g. `packages/twenty-apps/internal/a2e-documents/src/logic-functions/list-template-descriptors.ts:12-22`, name `'list-template-descriptors'`, returns `{ templates: buildDocumentTemplateDescriptors() }`, no `toolTriggerSettings`.\n- The only front-side execution path is the generic `useExecuteLogicFunction` mutation by logic-function `id` (Section 1). To execute an app function the front must first resolve its id, e.g. filter `logicFunctionsSelector` by `applicationId` + `name` (the selector fields support this), then call `executeOneLogicFunction`. No helper doing this lookup exists yet.\n- A separate, non-Apollo path exists for **app front-components**: `FrontComponentRenderer` passes `functionsBaseUrl` (from `useGetLogicFunctionHttpUrl`, `src/modules/settings/logic-functions/hooks/useGetLogicFunctionHttpUrl.ts:12-39`; base `/s` or `https://<subdomain>.<publicFunctionDomain>`, util `utils/getLogicFunctionHttpUrl.ts:3-42`) into `twenty-front-component-renderer`, so app code calls logic functions over HTTP route triggers, not through the front's GraphQL mutation.\n- Server-side executors for reference: `ApplicationInstallService`, `LogicFunctionExecutorService` (`packages/twenty-server/src/engine/core-modules/logic-function/logic-function-executor/logic-function-executor.service.ts:81`), and resolver `logic-function.resolver.ts:177-194` (`executeOneLogicFunction`, guarded by `SettingsPermissionGuard(PermissionFlagType.WORKFLOWS)`; note both `executeOneLogicFunction` mutation and `findManyLogicFunctions` query in the front run against the **metadata** schema).\n\n## 5. Generated GraphQL document-hook mechanism\n\n- **Codegen configs**: `packages/twenty-front/codegen.cjs` (core/data), `codegen-metadata.cjs` (metadata), `codegen-admin.cjs` (admin). Metadata config `codegen-metadata.cjs`:\n  - schema = `${REACT_APP_SERVER_BASE_URL ?? 'http://localhost:3000'}/metadata` (lines 4-6);\n  - `documents` globs include `./src/modules/applications/graphql/**/*.{ts,tsx}` (line 12) and `./src/modules/logic-functions/graphql/**/*.{ts,tsx}` (line 23), plus `./src/modules/settings/**/graphql/**` and `./src/pages/**/graphql/**` (lines 18, 48), excluding tests/stories/mocks (lines 50-52);\n  - output `./src/generated-metadata/graphql.ts` with plugins `typescript`, `typescript-operations`, `typed-document-node` (lines 55-67).\n- **Commands** (`packages/twenty-front/project.json:252-270`): `graphql:generate` runs `dotenv graphql-codegen -- --config={args.config}`, configurations `data` (default) / `metadata` / `admin`. Per `AGENTS.md`: `npx nx run twenty-front:graphql:generate` (add `--configuration=metadata` for the metadata schema).\n- **Workflow to add a query/mutation**: add a `.ts` file exporting `gql` under a scanned `graphql/` directory → run codegen → a typed `XDocument` (and `XQuery`/`XVariables` types) is emitted into `src/generated-metadata/graphql.ts` → import the `Document` and types and pass to Apollo `useQuery`/`useMutation`.\n- **Generated docs already emitted** (in `src/generated-metadata/graphql.ts`):\n  - `ExecuteOneLogicFunctionDocument` — line 9777; `ExecuteOneLogicFunctionMutation` type line 8057.\n  - `FindManyLogicFunctionsDocument` — line 9780; `FindManyLogicFunctionsQuery` line 8076.\n  - `FindOneLogicFunctionDocument` — line 9781.\n  - `FindManyApplicationsDocument` — line 9722; `FindManyApplicationsQuery` line 7515.\n  - `FindOneApplicationDocument` — line 9723; `FindOneApplicationByUniversalIdentifierDocument` — line 9724.\n- **Usage conventions differ by module**: applications hooks import generated documents directly (`useInstalledApplications.ts:6`, `ApplicationsLoadEffect.tsx:14-17`, `useA2eSuiteApplications.ts:4-8`); the logic-functions execute hook still uses its hand-written `gql` constant (`useExecuteLogicFunction.ts:1,39`) even though `ExecuteOneLogicFunctionDocument` exists.\n\n## Bottom line\n- Installed apps are known via `findManyApplications` (workspace-scoped = installed), exposed through `useInstalledApplications`, `applicationsSelector`, `ApplicationsLoadEffect`, and `useA2eSuiteApplications`, keyed by `universalIdentifier`; `findOneApplication(universalIdentifier)` is the existence check.\n- The only front call to run a logic function is the `executeOneLogicFunction` mutation, wrapped by `useExecuteLogicFunction({ logicFunctionId, callback? })`, which is currently built for settings/workflow test payloads and takes no payload argument.\n- There is **no existing front example** of invoking an app-provided function like `list-template-descriptors`; doing so would require resolving the function id from `logicFunctionsSelector` by `applicationId`/`name` and then calling the mutation (or using the front-component HTTP/SDK path for app-rendered components).\n</task_result>\n</task>",
      "durationMs": 1
    },
    {
      "id": "subagent_1790739634512_oelrame",
      "type": "spawn",
      "timestamp": "2026-09-30T03:40:34.512Z",
      "agentType": "explore",
      "description": "Map app template instantiation paths",
      "prompt": "In the repo /Users/maxaubert/Projets/A2E Suite, map how each internal A2E app instantiates a template from its lib constants so a gallery \"Use template\" action can trigger the existing template path.\n\nFocus on these four apps under packages/twenty-apps/internal/:\n1. a2e-documents — `src/lib/starter-templates.ts`, `src/lib/document-template-descriptors.ts`, `src/lib/instantiate-template.ts`, `src/lib/save-document-as-template.ts`, and any logic-function that creates a document from a starter template. How is a starter page template turned into a real document record? Is there a logic function exposed (e.g. `create-from-template`)? List `src/logic-functions/` and `src/logic-functions/handlers/`.\n2. a2e-projects — `src/lib/starter-projects.ts`, `project-template-descriptors.ts`, and the instantiate path (does one exist?).\n3. a2e-accounting — `src/lib/fiche-templates.ts`, `fiche-template-descriptors.ts`, `withTemplateDefaults`, and instantiate path.\n4. a2e-drive — `src/lib/folder-structure-templates.ts`, `folder-structure-descriptors.ts`, and the seed handler.\n\nFor each: report the exact logic-function names/universal identifiers, the handler (in `logic-functions/handlers/*.ts`) signature and what it accepts as input (template key?), and whether the current install-time seeding is the ONLY path or if there is a callable instantiate path. Also report the app package names and current versions from each `package.json`, and each app's `src/constants/universal-identifiers.ts` logic-function ids. \n\nReport exact file paths with line numbers and concise code signatures. Be thorough. Do NOT modify any files."
    },
    {
      "id": "subagent_1790739634512_oelrame",
      "type": "complete",
      "timestamp": "2026-09-30T03:40:34.512Z",
      "agentType": "explore",
      "description": "Map app template instantiation paths",
      "exitStatus": "success",
      "durationMs": 0,
      "result": "<task id=\"ses_f0f9be47cffeJqfmvMhC7s04bM\" state=\"completed\">\n<task_result>\n# Template instantiation map — four internal A2E apps\n\nScope inspected: `packages/twenty-apps/internal/{a2e-documents,a2e-projects,a2e-accounting,a2e-drive}` plus the shared contract in `twenty-shared`. No files were modified.\n\n## Headline finding\n\nAll four apps expose exactly one template-facing logic function, `list-template-descriptors`, and it is **read-only** (`handler = async () => ({ templates: ... })`). There is **no `create-from-template` / apply / instantiate-by-key logic function anywhere** in these four apps. The only actual instantiation implementation is a **front-component-local function in a2e-documents** that copies by document record id (not by descriptor key). a2e-projects, a2e-accounting and a2e-drive have **no callable instantiate path at all** — only install-time `post-install` seeding. The M9a-2 gallery (US-118) that would call these is not built.\n\n---\n\n## Shared contract\n\n- `/Users/maxaubert/Projets/A2E Suite/packages/twenty-shared/src/application/templateDescriptorType.ts`\n  - `TemplateDescriptor` (line 47): `{ key, version, labels{fr,en}, category, preview[], requiredApps[], inputs[] }`\n  - `category` union (line 21): `'Pages' | 'Projets' | 'Bilan' | 'Archive' | 'Agenda' | 'Automatisations'`\n  - `TemplateDescriptorPreviewWrite` (line 41): `{ object, summary, count }`\n  - Comment at line 31 documents `required` drives the gallery's \"Use template\" enablement.\n- Guards: `templateDescriptorGuards.ts` (same dir) — `isTemplateDescriptor`, `validateTemplateDescriptors`.\n\nThe intended consumer is documented in `tasks/prd.json:365`: *\"Preview pane renders the descriptor's preview; 'Use template' instantiates through the app's existing template path (fresh IDs, provenance); 'Blank' keeps the existing blank-creation flow.\"* US-118 is planned, not shipped.\n\n---\n\n## 1. a2e-documents (`a2e-documents`, v0.2.7)\n\n### Lib constants / helpers\n\n- `src/lib/starter-templates.ts`\n  - `STARTER_DOCUMENT_TEMPLATES: StarterDocumentTemplate[]` (line 11) — 20 `{ title, markdown }` entries; titles are prefixed `Modèle — `.\n  - `findMissingStarterTemplates(existingTemplateTitles: string[]): StarterDocumentTemplate[]` (line 114).\n- `src/lib/document-template-descriptors.ts`\n  - `buildDocumentTemplateDescriptors(): TemplateDescriptor[]` (line 75) — one descriptor per starter; `key` = slug via `toDocumentTemplateKey(title)` (line 50), `version: 1`, `category: 'Pages'` (line 16), `preview` = one `document` row (line 64), `requiredApps: []` (line 19), `inputs: []`.\n- `src/lib/instantiate-template.ts` (payload construction only; caller owns persistence)\n  - `buildTemplateCopyPayload(source: TemplateCopySource, options?): TemplateCopyPayload` (line 195) → `{ title, kind: DOCUMENT, position: 'V', content }`.\n  - `readAuthorizedTemplateCopySource(fetched): TemplateCopySource | null` (line 182) — fail-closed permission gate.\n  - `remapTemplateBlockIds(blocknote, options?): string | null` (line 128) — re-keys BlockNote block anchors, skips `threadId`.\n  - `buildTemplateCopyTitle` (line 171), `TEMPLATE_TITLE_PREFIX = 'Modèle — '` (line 41), `DEFAULT_TEMPLATE_COPY_POSITION = 'V'` (line 46).\n- `src/lib/save-document-as-template.ts`\n  - `buildSaveAsTemplatePayload` (line 47), `buildTemplateDuplicatePayload` (line 63).\n- `src/lib/template-gallery.ts`\n  - `collectGalleryTemplates(flatDocuments)` (line 9) — local in-app gallery (filters `kind === TEMPLATE && archivedAt === null`). This is *not* the M9a-2 cross-app gallery.\n- `src/lib/record-note-copy.ts:116` reuses `remapTemplateBlockIds` for record-note copy.\n\n### The real instantiate path (front components, keyed by document id)\n\n- `src/front-components/document-browser.front-component.tsx`\n  - `instantiateTemplate(templateDocument: DocumentNode)` (line 424): fresh fetch by id → `readAuthorizedTemplateCopySource` (line 451) → `buildTemplateCopyPayload` (line 457) → `createDocuments` mutation (line 459) → `reloadTree()`.\n  - Wired to gallery rows via `onInstantiate` (lines 828, 847).\n- `src/front-components/document-page.front-component.tsx`\n  - `instantiateTemplate()` (line 165): copy from `record`, `createDocuments` (line 181), then `navigate(AppPath.RecordShowPage, { objectNameSingular: 'document', objectRecordId })` (line 207). Button label `\"Utiliser ce modèle\"` (line 249).\n\nThere is **no logic-function wrapper** around this; it is inline component logic.\n\n### `src/logic-functions/` (9 files)\n\n`document-content.logic-function.ts`, `guard-document-parent-cycle.ts`, `guard-document-revision-save.ts`, `improve-document-writing.logic-function.ts`, `list-template-descriptors.ts`, `post-install.ts`, `purge-archived-documents.ts`, `summarize-document.logic-function.ts`, `translate-document.logic-function.ts`.\n\n### `src/logic-functions/handlers/` (3 files)\n\n`document-action-handler.ts`, `document-content-handler.ts`, `purge-archived-documents-handler.ts`. None touch templates.\n\n### The only template-creating write: install-time seeding\n\n- `src/logic-functions/post-install.ts`\n  - `seedGettingStartedDocument(client)` (line 53) — creates the welcome `DOCUMENT`.\n  - `seedStarterTemplates(client): Promise<number>` (line 94): reads existing `kind: 'TEMPLATE'` titles, deltas via `findMissingStarterTemplates`, then one `createDocuments` mutation with `kind: 'TEMPLATE'` and `markdown` (line 105). This is the **only** path that turns `STARTER_DOCUMENT_TEMPLATES` into records.\n  - Wrapped in `definePostInstallLogicFunction({ universalIdentifier: LOGIC_FUNCTION_IDS.postInstall, name: 'post-install', ... })` (line 141).\n\n### `list-template-descriptors` logic function\n\n- `src/logic-functions/list-template-descriptors.ts`\n  - handler (line 12): `async () => ({ templates: buildDocumentTemplateDescriptors() })` — no input.\n  - `defineLogicFunction({ universalIdentifier: LOGIC_FUNCTION_IDS.listTemplateDescriptors, name: 'list-template-descriptors', timeoutSeconds: 30 })` (line 16).\n\n### Logic-function ids (`src/constants/universal-identifiers.ts`)\n\n- `postInstall: 'c31a0000-0012-4000-8000-000000000001'`\n- `purgeArchivedDocuments: 'c31a0000-0012-4000-8000-000000000002'`\n- `guardDocumentParentCycle: 'c31a0000-0012-4000-8000-000000000003'`\n- `documentContent: 'c31a0000-0012-4000-8000-000000000004'`\n- `guardDocumentRevisionSave: 'c31a0000-0012-4000-8000-000000000005'`\n- `summarizeDocument: 'c31a0000-0012-4000-8000-000000000006'`\n- `translateDocument: 'c31a0000-0012-4000-8000-000000000007'`\n- `improveDocumentWriting: 'c31a0000-0012-4000-8000-000000000008'`\n- `listTemplateDescriptors: 'c31a0000-0012-4000-8000-000000000009'`\n\n---\n\n## 2. a2e-projects (`a2e-projects`, v0.1.16)\n\n### Lib constants\n\n- `src/lib/starter-projects.ts`\n  - `STARTER_PROJECT_TEMPLATES: StarterProjectTemplate[]` (line 29) — 12 entries `{ name, key, status, health, description, tasks[], milestones[] }`; keys `LIV, EVT, SPR, CNT, REC, ONB, WEB, SEM, AGA, SUB, BUG, OBJ`.\n  - `resolveMilestoneDueAt(dueInDays, now): string` (line 274).\n  - `findMissingStarterProjects(existingProjectKeys: string[]): StarterProjectTemplate[]` (line 284).\n- `src/lib/project-template-descriptors.ts`\n  - `buildProjectTemplateDescriptors(): TemplateDescriptor[]` (line 40). `key` = the project `key` (`LIV`…, line 78), `version: 1`, `category: 'Projets'` (line 16), `preview` = `project` (1) + `task` (tasks.length) + `milestone` (milestones.length) (lines 42–75), `requiredApps: []` (line 20), `inputs: []`.\n\n### Instantiate path: does not exist\n\n- Only install-time seeding: `src/logic-functions/post-install.ts`\n  - `findExistingProjectKeys(client)` (line 23); `createStarterProject(client, starterProject, now)` (line 43) creates the project (`createProjects`, line 48), then tasks (`createTasks`, line 79) and milestones (`createMilestones`, line 97).\n  - `handler` (line 112) deltas via `findMissingStarterProjects` and loops `createStarterProject`.\n  - `definePostInstallLogicFunction({ universalIdentifier: LOGIC_FUNCTION_IDS.postInstall, name: 'post-install' })` (line 132).\n- No logic function accepts a project template key; no `handlers/` function applies a starter project; no front-component instantiates one.\n- `src/logic-functions/list-template-descriptors.ts`: handler `async () => ({ templates: buildProjectTemplateDescriptors() })` (line 12); `name: 'list-template-descriptors'` (line 18).\n\n### `src/logic-functions/` (14 files)\n\n`deal-won-create-channel.logic-function.ts`, `deal-won-create-project.logic-function.ts`, `extract-tasks-from-document.logic-function.ts`, `file-review-task.logic-function.ts`, `list-template-descriptors.ts`, `meeting-notes-page.logic-function.ts`, `post-install.ts`, `purge-trash.logic-function.ts`, `recurring-task-generator.logic-function.ts`, `retroplanning.logic-function.ts`, `standup-digest.logic-function.ts`, `task-breakdown-context.logic-function.ts`, `task-due-reminder.logic-function.ts`, `task-human-id.logic-function.ts`.\n\n### `src/logic-functions/handlers/` (13 files)\n\n`apply-retroplanning-handler.ts`, `deal-won-create-channel-handler.ts`, `deal-won-create-project-handler.ts`, `extract-tasks-from-document-handler.ts`, `file-review-task-handler.ts`, `meeting-notes-page-handler.ts`, `projects-tool-support.ts`, `purge-trash-handler.ts`, `recurring-task-generator-handler.ts`, `standup-digest-handler.ts`, `task-breakdown-context-handler.ts`, `task-due-reminder-handler.ts`, `task-human-id-handler.ts`.\n\n### Logic-function ids (`src/constants/universal-identifiers.ts`)\n\n`postInstall: 'c31b0000-0012-4000-8000-000000000003'`, `purgeTrash: ...0005`, `taskHumanId: ...0007`, `recurringTaskGenerator: ...0009`, `retroplanning: ...000b`, `extractTasksFromDocument: ...000d`, `standupDigest: ...000e`, `taskBreakdownContext: ...000f`, `dealWonCreateProject: ...0010`, `dealWonCreateChannel: ...0011`, `meetingNotesPage: ...0012`, `fileReviewTask: ...0013`, `taskDueReminder: ...0014`, `listTemplateDescriptors: 'c31b0000-0012-4000-8000-000000000015'`.\n\n---\n\n## 3. a2e-accounting (`a2e-accounting`, v0.1.2)\n\n### Lib constants\n\n- `src/lib/fiche-templates.ts`\n  - `FICHE_TEMPLATE_KEYS: FicheTemplateKey[]` (line 920) from `Object.keys(FICHE_TEMPLATES)`.\n  - `FICHE_TEMPLATES: Record<FicheTemplateKey, FicheTemplate>` (line 151) — 10 templates: `ASSO_FR, BLANK, RECU_DON, BUDGET_EQUILIBRE, BUDGET_MENSUEL_PERSONNEL, DEMANDE_SUBVENTION, CONVENTION_SUBVENTION, RAPPORT_ACTIVITE, ATTESTATION_HONNEUR, KIT_FACTURATION_INDEPENDANT` (type at line 9).\n  - `getFicheTemplate(key: string): FicheTemplate | undefined` (line 924).\n  - `withTemplateDefaults(key: string, data: Record<string, unknown> | null | undefined): Record<string, unknown>` (line 931) — `{ ...structuredClone(template.defaultData), ...(data ?? {}) }`; unknown key returns `data ?? {}`.\n- `src/lib/fiche-template-descriptors.ts`\n  - `buildFicheTemplateDescriptors(): TemplateDescriptor[]` (line 50). `key` = `FicheTemplateKey`, `version: 1`, `category: 'Bilan'` (line 17), `preview` = one `fiche` row, amounts zeroed (line 39), `requiredApps: []` (line 20), `inputs: []`.\n\n### Instantiate path: does not exist\n\n- `withTemplateDefaults` is only consumed at install time, inside `starter-books.ts`:\n  - `STARTER_FICHES: StarterFiche[]` (line 94) — only 2 draft fiches (`BUDGET_EQUILIBRE`, `DEMANDE_SUBVENTION`).\n  - `starterFichePayloads()` (line 128) → `{ title, templateKey, fiscalYear, data: withTemplateDefaults(templateKey, undefined) }` (line 139).\n  - `findMissingStarterFiches(existing)` (line 114) deltas by `(title, templateKey)`.\n- `src/logic-functions/handlers/seed-starter-content.ts`\n  - `seedStarterFiches(client: SeedingClient): Promise<number>` (line 175): reads existing `{title, templateKey}`, deltas, `createRecords('createFiches', payloads)` (line 196). **No template-key parameter** — it always seeds the fixed `STARTER_FICHES`.\n  - `seedStarterSheets` (line 143), `seedCategories` (line 65), `seedOrgProfile` (line 103).\n- `src/logic-functions/post-install.ts` calls `seedStarterFiches(client)` (line 44) inside the install step list.\n- `src/logic-functions/list-template-descriptors.ts`: handler `async () => ({ templates: buildFicheTemplateDescriptors() })` (line 11); `name: 'list-template-descriptors'` (line 17).\n- Note: `LOGIC_FUNCTION_IDS.renderFiche: 'b11a0000-0012-4000-8000-00000000000b'` (constants line 109) is committed but **has no corresponding logic-function file** — a reserved id only. No fiche-editor front component exists under `src/front-components/` (only `quick-entry` and `subvention-explorer`), so there is no UI apply either.\n\n### `src/logic-functions/` (12 files, plus `fetchers/`, `handlers/`, `utils/`)\n\n`generate-recurring-documents.ts`, `grant-subvention-income.ts`, `list-template-descriptors.ts`, `post-install.ts`, `refresh-subventions-now.ts`, `refresh-subventions.ts`, `rollup-budgets.ts`, `score-subventions.ts`, `stamp-invoice-number.ts`, `sweep-overdue-invoices.ts`, `sync-finance-entry-to-ledger.ts`, `sync-invoice-to-ledger.ts`.\n\n### `src/logic-functions/handlers/` (4 files)\n\n`ledger-handler.ts`, `numbering-handler.ts`, `refresh-subventions-handler.ts`, `seed-starter-content.ts`.\n\n### Logic-function ids (`src/constants/universal-identifiers.ts`)\n\n`postInstall: 'b11a0000-0012-4000-8000-000000000001'`, `syncFinanceEntryToLedger: ...0002`, `syncInvoiceToLedger: ...0003`, `sweepOverdueInvoices: ...0004`, `generateRecurringDocuments: ...0005`, `rollupBudgets: ...0006`, `refreshSubventions: ...0007`, `grantSubventionIncome: ...0008`, `refreshSubventionsNow: ...0009`, `scoreSubventions: ...000a`, `renderFiche: ...000b` (no file), `stampInvoiceNumber: ...000c`, `listTemplateDescriptors: 'b11a0000-0012-4000-8000-00000000000d'`.\n\n---\n\n## 4. a2e-drive (`a2e-drive`, v0.1.3)\n\n### Lib constants\n\n- `src/lib/folder-structure-templates.ts`\n  - `FOLDER_STRUCTURE_TEMPLATES: FolderStructureTemplate[]` (line 40) — 4 keys: `CLIENT`, `ASSOCIATION`, `ETUDIANT`, `ADMINISTRATION_ENTREPRISE`; each `{ key, version, labels{fr,en}, category: 'Archive', requiredApps: [], tree }`.\n  - `FOLDER_STRUCTURE_TEMPLATE_KEYS` (line 189); `getFolderStructureTemplate(key: string)` (line 193).\n  - `findMissingFolderStructureTemplates(existingTemplateKeys)` (line 200) — deltas by descriptor key.\n  - `FolderStructureFolderDraft = { name, icon, parentName, templateKey }` (line 213).\n  - `flattenFolderStructureTemplate(template): FolderStructureFolderDraft[]` (line 220) — depth-first pre-order.\n- `src/lib/folder-structure-descriptors.ts`\n  - `buildFolderStructureDescriptors(): TemplateDescriptor[]` (line 22). `key` = template key, `version`, labels from constants, `category: 'Archive'`, `preview` = one `driveFolder` write with `count` = flattened length (line 38), `requiredApps`, `inputs: []`.\n\n### Instantiate path: does not exist (only install-time seeding)\n\n- `src/logic-functions/handlers/seed-folder-structures-handler.ts`\n  - `seedFolderStructures(client: SeedingClient): Promise<FolderStructureSeedingSummary>` (line 106) → `{ templatesCreated, foldersCreated }`.\n  - Internal: `findExistingTemplateKeys(client)` (line 26, filters `templateKey !== null`), `createFolder(client, draft, parentId)` (line 46), `createTemplateTree(client, template)` (line 72).\n  - Each folder is tagged `templateKey: draft.templateKey` (line 58) so reinstall deltas. **No template-key parameter** — it always processes the missing set of all 4 templates.\n- `src/logic-functions/post-install.ts`: `seedFolderStructures(client)` (line 19); `definePostInstallLogicFunction` (line 29).\n- `src/logic-functions/list-template-descriptors.ts`: handler `async () => ({ templates: buildFolderStructureDescriptors() })` (line 12); `name: 'list-template-descriptors'` (line 18).\n- No front-components directory exists for drive, so no UI apply.\n\n### `src/logic-functions/` (6 files)\n\n`dedupe-hints.ts`, `find-file.ts`, `guard-drive-folder-parent-cycle.ts`, `list-template-descriptors.ts`, `post-install.ts`, `purge-drive-trash.ts`.\n\n### `src/logic-functions/handlers/` (5 files)\n\n`dedupe-hints-handler.ts`, `drive-tool-support.ts`, `find-file-handler.ts`, `purge-drive-trash-handler.ts`, `seed-folder-structures-handler.ts`.\n\n### Logic-function ids (`src/constants/universal-identifiers.ts`)\n\n`guardDriveFolderParentCycle: 'c31d0000-0012-4000-8000-000000000001'`, `purgeDriveTrash: ...0002`, `findFile: ...0003`, `dedupeHints: ...0004`, `postInstall: ...0005`, `listTemplateDescriptors: 'c31d0000-0012-4000-8000-000000000006'`. Provenance field id `templateKey: 'c31d0100-0001-4000-8000-000000000005'` (constants line 40), declared on `driveFolder` (`src/objects/drive-folder.object.ts:73`).\n\n---\n\n## Cross-app matrix\n\n| App | package / version | Descriptor builder | Descriptor key source | `list-template-descriptors` UID | Callable instantiate-by-key? | Actual creation path |\n|---|---|---|---|---|---|---|\n| a2e-documents | `a2e-documents` 0.2.7 | `document-template-descriptors.ts:75` | slug of `Modèle — …` title | `c31a0000-0012-4000-8000-000000000009` | No logic function. Inline front-component `instantiateTemplate` by record id | `post-install` seed (TEMPLATE docs) + browser/page component copy via `buildTemplateCopyPayload` |\n| a2e-projects | `a2e-projects` 0.1.16 | `project-template-descriptors.ts:40` | project `key` (`LIV`…) | `c31b0000-0012-4000-8000-000000000015` | No | `post-install` only (`createStarterProject`) |\n| a2e-accounting | `a2e-accounting` 0.1.2 | `fiche-template-descriptors.ts:50` | `FicheTemplateKey` | `b11a0000-0012-4000-8000-00000000000d` | No | `post-install` only (`seedStarterFiches`, via `withTemplateDefaults`) |\n| a2e-drive | `a2e-drive` 0.1.3 | `folder-structure-descriptors.ts:22` | `FolderStructureTemplateKey` | `c31d0000-0012-4000-8000-000000000006` | No | `post-install` only (`seedFolderStructures`) |\n\n## Consequences for a gallery \"Use template\" action\n\n- **The descriptor layer and the write layer are not connected in any app.** The descriptors are pure data with a declared `preview`; only `a2e-documents` even has a working copy implementation, and it is keyed by a live `document` record id fetched from the tree, not by descriptor `key`.\n- To make \"Use template\" trigger \"the existing template path\", the gallery would need, per app:\n  - a2e-documents: a callable apply that resolves `key → STARTER_DOCUMENT_TEMPLATES[i]` (or a pre-seeded TEMPLATE record) and persists via `buildTemplateCopyPayload`; today only the front-component does this by id.\n  - a2e-projects: no existing path — would require extracting the `createStarterProject` logic from `post-install.ts:43` into a callable handler accepting a template `key`.\n  - a2e-accounting: no existing path — would require extracting `seedStarterFiches`/`withTemplateDefaults` into a callable handler accepting a `FicheTemplateKey` (note only 2 of 10 keys are seeded; the other 8 exist only as descriptors).\n  - a2e-drive: no existing path — would require exposing `createTemplateTree`/`seedFolderStructures` for a single template `key`.\n- None of the four `list-template-descriptors` handlers accept any input (no template key), so the gallery currently has a read side only. Related plan references: `PLAN.md:82` (M9 planned), `PLAN.md:329-371` (M9 scope incl. \"Use template\"), `tasks/prd.json:359-367` (US-118 AC), `docs/plan/phases/phase-13-report.md:150-177` (US-117 shipped the descriptors and the shared contract; `package.json` bumps match the versions above).\n</task_result>\n</task>"
    },
    {
      "id": "subagent_1790739678796_x6fd76k",
      "type": "spawn",
      "timestamp": "2026-09-30T03:41:18.796Z",
      "agentType": "explore",
      "description": "Map command menu + New surfaces",
      "prompt": "In the repo /Users/maxaubert/Projets/A2E Suite, map the twenty-front command menu (Cmd+K) and the \"New\"/create surfaces so a new \"Templates\" gallery command can be added.\n\nFocus:\n1. `packages/twenty-front/src/modules/command-menu/` and `packages/twenty-front/src/modules/command-menu-item/` — how command menu items are registered/listed, the command menu item type/registration API, and any existing command entries (e.g. \"Create record\", \"Go to\"). Find the main command-menu item definitions or hooks (search for `CommandMenuPages`, `useCommandMenu`, `commandMenuItems`, `CommandMenuItemType`, `enqueueCommandMenuItem`).\n2. How a modal is opened from a command menu item (search for `CommandMenuPages` enum and how pages/components are registered).\n3. Existing \"New\" create surfaces: the object-record create button/menu (`packages/twenty-front/src/modules/object-record/...`), e.g. `CreateRecordButton`, `ObjectRecordCreate`, and where a \"New\" menu is rendered. Search for components named like `*CreateButton*`, `useCreateOneRecord`, and how documents/projects create new records.\n4. The `packages/twenty-front/src/modules/a2e-workspace/` module — what does it currently contain (landing pages, template surfaces)? List its files and summarize.\n5. Any existing modal/panel components in a2e-workspace or elsewhere that could host a gallery (search for `Modal`, `SidePanel`, `TemplateGallery`).\n\nReport exact file paths with line numbers, exported component/hook names, and how registration works. Be thorough. Return a concise structured report. Do NOT modify any files."
    },
    {
      "id": "subagent_1790739678796_x6fd76k",
      "type": "error",
      "timestamp": "2026-09-30T03:41:18.796Z",
      "agentType": "explore",
      "description": "Map command menu + New surfaces",
      "errorMessage": "<task id=\"ses_f0f9be4bcffeJwOy2pCyBboizw\" state=\"completed\">\n<task_result>\nI now have a complete picture. Here is the structured report.\n\n---\n\n# Report: twenty-front Cmd+K command menu + create surfaces (for a \"Templates\" gallery command)\n\n## 0. Critical architecture finding (read first)\n\nThe APIs named in the request **do not exist in this repo** — the command menu was migrated to a server-metadata-driven **\"SidePanel\"** architecture:\n\n| Searched for | Status | Current equivalent |\n|---|---|---|\n| `CommandMenuPages` | **Not present** | `SidePanelPages` enum in `twenty-shared` |\n| `useCommandMenu` | **Not present** | `useSidePanelMenu` (`/modules/side-panel/hooks/useSidePanelMenu.ts`) |\n| `CommandMenuItemType` | **Not present** | `CommandMenuItemAvailabilityType`, `CommandMenuItemContainerType` (generated/twenty-front enums) |\n| `enqueueCommandMenuItem` | **Not present** | Command items are persisted metadata; execution is `useMountCommand` + engine-command components |\n| `commandMenuItems` | Present | Jotai selector over `metadataStoreState`, backed by GraphQL `commandMenuItems` query |\n\nSo Cmd+K (`meta+k`) toggles the side panel and renders its root page (`SidePanelPages.CommandMenuDisplay`); \"command menu\" and \"side panel\" are now the same surface.\n\n---\n\n## 1. Command menu / side panel registration\n\n### 1a. The page enum (the old `CommandMenuPages`)\n`packages/twenty-shared/src/types/SidePanelPages.ts:1`\n```ts\nexport enum SidePanelPages {\n  CommandMenuDisplay = 'command-menu-display',\n  ...\n  QuickCapture = 'quick-capture',   // line 47 – newest native command page\n}\n```\n`PurposeBuiltSidePanelPage` / `ActiveSidePanelPage` derived in `packages/twenty-front/src/modules/side-panel/types/SidePanelPage.ts:8-15`.\n\n### 1b. Page component registry\n`packages/twenty-front/src/modules/side-panel/constants/SidePanelPagesConfig.tsx:42`\n```ts\nexport const SIDE_PANEL_PAGES_CONFIG = new Map<ActiveSidePanelPage, React.ReactNode>([\n  [SidePanelPages.CommandMenuDisplay, <SidePanelCommandMenuItemDisplayPage />], // line 46\n  [SidePanelPages.CreateRelatedRecord, <SidePanelCreateRelatedRecordPage />],    // line 102\n  [SidePanelPages.QuickCapture, <QuickCaptureSidePanelPage />],                 // line 113\n  ...\n]);\n```\nConsumed at `packages/twenty-front/src/modules/side-panel/components/SidePanelRouter.tsx:61-71` (`.get(sidePanelPage)`), wrapped in `CommandMenuContextProvider` at lines 127-134.\nPages belonging to the Cmd+K stack: `packages/twenty-front/src/modules/side-panel/constants/CommandMenuSidePanelPages.ts:3` (`COMMAND_MENU_SIDE_PANEL_PAGES`).\n\n### 1c. Where the list of commands is built\n`packages/twenty-front/src/modules/command-menu-item/display/components/SidePanelCommandMenuItemDisplayPage.tsx:26` (`SidePanelCommandMenuItemDisplayPage`)\n- Pulls `commandMenuItems` from context (line 32), groups pinned/other via `groupCommandMenuItems` (line 53), filters by search via `useFilterCommandMenuItemsWithSidePanelSearch` (line 46).\n- Renders a mix of three kinds inside `SidePanelGroup`/`SidePanelList`:\n  1. **Metadata-driven items** → `<CommandMenuItemRenderer item=.../>` (lines 144, 154, 184)\n  2. **Hard-coded native commands** → `<QuickCaptureCommand />` (line 156), `<CoreObjectsCommands />` (line 178), plus `appActions` (lines 157-177)\n  3. Fallback group (line 181-187)\n\n### 1d. Metadata-driven command item pipeline (the main mechanism)\n- GraphQL query: `packages/twenty-front/src/modules/command-menu-item/graphql/queries/findManyCommandMenuItems.ts:4` (`FIND_MANY_COMMAND_MENU_ITEMS`, query `commandMenuItems`).\n- Fragment: `.../graphql/fragments/commandMenuItemFragment.ts:3` (`CommandMenuItemFields`: `engineComponentKey`, `frontComponentId`, `label`, `icon`, `position`, `isPinned`, `availabilityType`, `hotKeys`, `payload { path }`, …).\n- Selector: `.../states/commandMenuItemsSelector.ts:8` (`commandMenuItemsSelector`, reads `metadataStoreState` `commandMenuItems` + joins `frontComponents`).\n- React context: `.../contexts/CommandMenuContext.ts` + `CommandMenuContextProviderContent.tsx`; display type/container via `CommandMenuItemContainerType` (`.../types/CommandMenuItemContainerType.ts:1`).\n- Click/execution: `.../hooks/useCommandMenuItemClick.ts:17` — decides between engine command / headless front-component / front-component side panel, then calls `mountCommand(...)` (line 76) or `openFrontComponentInSidePanel(...)` (line 107).\n- Mounting: `.../engine-command/hooks/useMountCommand.ts:27` (`useMountCommand`), rendered by `.../engine-command/components/CommandRunner.tsx:9`.\n- **Engine key → component map**: `.../engine-command/constants/EngineComponentKeyHeadlessComponentMap.tsx:59` (`ENGINE_COMPONENT_KEY_COMPONENT_MAP`). Examples: `CREATE_NEW_RECORD` (line 63), `SEARCH_RECORDS` (line 198), `ASK_AI` (line 213). Keys come from generated GraphQL enum `~/generated-metadata/graphql`, mirrored server-side in `packages/twenty-server/src/engine/metadata-modules/command-menu-item/enums/engine-component-key.enum.ts`.\n\n### 1e. Hard-coded native commands (best template for a new gallery command)\n- `packages/twenty-front/src/modules/quick-capture/components/QuickCaptureCommand.tsx:10` + `.../quick-capture/hooks/useQuickCaptureCommand.ts:6` (`QUICK_CAPTURE_COMMAND_ID = 'quick-capture'`) — the cleanest end-to-end example: a stable id, a search-aware visibility hook, a `CommandMenuItem`, and an opener hook.\n- `packages/twenty-front/src/modules/object-core/commands/components/CoreObjectsCommands.tsx:9` + `.../hooks/useCoreObjectsCommands.ts:15`.\n- `packages/twenty-front/src/modules/command-menu-item/display/hooks/useCommandMenuAppActions.ts:16` (`useCommandMenuAppActions`) — locally composed actions (theme, copy link) filtered by search.\n\n### 1f. Opening a page/modal from a command\n- `packages/twenty-front/src/modules/side-panel/hooks/useNavigateSidePanel.ts:21` (`useNavigateSidePanel` → `navigateSidePanel({ page, pageTitle, pageIcon, pageId?, resetNavigationStack?, focusTitleInput? })`).\n- `packages/twenty-front/src/modules/command-menu-item/engine-command/components/HeadlessOpenSidePanelPageEngineCommand.tsx:10` — generic engine command that navigates to any `PurposeBuiltSidePanelPage`.\n- `packages/twenty-front/src/modules/side-panel/hooks/useSidePanelMenu.ts:22` (`useSidePanelMenu` → `openSidePanelMenu`, `closeSidePanelMenu`, `navigateSidePanelMenu`, `toggleSidePanelMenu`).\n- `packages/twenty-front/src/modules/side-panel/hooks/useOpenCreateRelatedRecordInSidePanel.ts:11` — pattern of setting a component-scoped state then navigating with a page id.\n- Cmd+K mount/hotkeys: `packages/twenty-front/src/modules/ui/layout/page/components/MainAppLayoutWithSidePanel.tsx:47-50` and `packages/twenty-front/src/modules/command-menu/hooks/useCommandMenuHotKeys.ts:11-30` (`meta+k`/`ctrl+k` → `toggleSidePanelMenu`).\n- Container: `packages/twenty-front/src/modules/command-menu/components/CommandMenuOpenContainer.tsx:44`.\n\n### 1g. Server-side registration (if the command must be a metadata item)\n- Enum: `packages/twenty-server/src/engine/metadata-modules/command-menu-item/enums/engine-component-key.enum.ts` (e.g. `CREATE_NEW_RECORD = 'CREATE_NEW_RECORD'`, line 6).\n- Standard definitions table: `packages/twenty-server/src/engine/workspace-manager/twenty-standard-application/constants/standard-command-menu-item.constant.ts` (`STANDARD_COMMAND_MENU_ITEMS`, entries have `universalIdentifier`, `label: i18nLabel(...)`, `engineComponentKey`, `availabilityType` — e.g. lines 50-71 for `CREATE_NEW_RECORD`).\n- Materialization: `.../utils/command-menu-item/create-standard-command-menu-item-flat-metadata.util.ts:10`.\n- Mock for front tests: `packages/twenty-front/src/modules/command-menu-item/mock/command-menu-items.mock.tsx:7` (`createMockCommandMenuItems`).\n\n---\n\n## 2. \"New\" / create surfaces\n\n### 2a. Core mutation hook\n- `packages/twenty-front/src/modules/object-record/hooks/useCreateOneRecord.ts:42` (`useCreateOneRecord`, returns `{ createOneRecord, loading }`); mutation hook at `useCreateOneRecordMutation.ts`; cache at `cache/hooks/useCreateOneRecordInCache.ts`.\n- Permissions gate: `packages/twenty-front/src/modules/object-record/utils/canCreateRecordsForObjectMetadataItem.ts`.\n\n### 2b. Record-index \"New\" flow\n- `packages/twenty-front/src/modules/object-record/record-table/hooks/useCreateNewIndexRecord.ts:32` (`useCreateNewIndexRecord`) — creates with optional `position: 'first'|'last'`, group/filter defaults, then opens the record (side panel or full page).\n- Cmd+K create command: `packages/twenty-front/src/modules/command-menu-item/engine-command/record/no-selection/components/CreateNewIndexRecordNoSelectionRecordCommand.tsx:6` → calls `createNewIndexRecord({ position: 'first' })`.\n- Empty state button: `packages/twenty-front/src/modules/object-record/record-index/components/RecordIndexEmptyState.tsx:26` (`RecordIndexEmptyState`, \"Add a {label}\" → `createNewIndexRecord()` at line 65).\n- Inline add rows: `packages/twenty-front/src/modules/object-record/record-list/components/RecordListAddNew.tsx:39` (`RecordListAddNew`), `record-table/record-table-section/components/RecordTableRecordGroupSectionAddNew.tsx`, `record-board/record-board-column/components/RecordBoardColumnNewRecordButton.tsx`, `record-calendar/components/RecordCalendarAddNew.tsx`, `record-table/record-table-header/components/RecordTableHeaderLabelIdentifierCellPlusButton.tsx`.\n- Header/entry: `packages/twenty-front/src/modules/object-record/record-index/components/RecordIndexPageHeader.tsx` (+ `RecordIndexContainerGater.tsx`).\n\n### 2c. Non-record-index create surfaces\n- `packages/twenty-front/src/modules/activities/hooks/useOpenCreateActivityDrawer.ts:18` (`useOpenCreateActivityDrawer`) — creates Note/Task and opens it in side panel; \"drawer\" is now a side-panel navigation, not a modal.\n- Related-record create: `packages/twenty-front/src/modules/side-panel/pages/create-related-record/components/SidePanelCreateRelatedRecordPage.tsx:70` + opener `.../side-panel/hooks/useOpenCreateRelatedRecordInSidePanel.ts:11`.\n- Object options / view create: `record-table/record-table-section/components/RecordTableRecordGroupAddNewGroup.tsx`, `views/view-picker/components/ViewPickerCreateButton.tsx`.\n- Note: there is **no** `CreateRecordButton` or `ObjectRecordCreate` component; the old `AddRecordDropdown`-style surface has been replaced by the inline \"+\" rows and the Cmd+K `CREATE_NEW_RECORD` command.\n\n---\n\n## 3. `a2e-workspace` module — inventory & summary\n\nPath root: `packages/twenty-front/src/modules/a2e-workspace/`\n\n**Components**\n- `components/A2eWorkspaceTemplatePicker.tsx:69` — grid of workspace templates (cards), selects one and renders the preview. Props `{ options, onApplied? }`. Reused by both onboarding and Settings (parity-tested).\n- `components/A2eWorkspaceTemplatePreview.tsx:284` — full preview/apply panel: per-app install resolution, optional-app checkboxes, navigation changes, sample content, step-by-step apply status, distinct failure panels. Uses `useWorkspaceTemplatePreview` + `useApplyWorkspaceTemplateOperation`.\n- `components/SettingsA2eWorkspaceTemplateSection.tsx:7` — Settings `<Section>` wrapper around the picker.\n- `components/A2eSuiteApplicationCard.tsx:54` — marketplace card with Install button/readiness.\n- `components/SettingsA2eSuiteSection.tsx:22` — Settings section listing installed A2E apps + available catalog cards.\n- Tests: `components/__tests__/A2eWorkspaceTemplatePicker.test.tsx`, `A2eWorkspaceTemplatePreview.test.tsx`, `__tests__/entrypoint-parity.test.tsx`.\n\n**Constants**\n- `constants/A2eWorkspaceTemplates.ts:36` — `A2E_WORKSPACE_TEMPLATE_OPTIONS` (CRM, INDIVIDUAL, STUDENT, TEAM, NON_PROFIT, SMALL_BUSINESS) with `{ value, label, description, Icon }`.\n- `constants/A2eSuiteApplicationUniversalIdentifiers.ts:5` — universal ids for a2e-documents, a2e-accounting, a2e-projects, a2e-chat, a2e-drive, a2e-crm.\n- `constants/A2eSuiteApplicationGroupHeadings.ts:6` — maps a2e-projects universal id → `'Bureau'`; consumed in `side-panel/pages/search/hooks/useAppSearchResultItems.ts:76` to relabel Cmd+K app-provider result groups. **Directly relevant to gallery/command grouping.**\n- Tests: `constants/__tests__/*`.\n\n**Hooks**\n- `hooks/useA2eSuiteApplications.ts:15` — installed vs available A2E apps.\n- `hooks/useApplyWorkspaceTemplate.ts:22` — simple legacy apply mutation.\n- `hooks/useApplyWorkspaceTemplateOperation.ts:41` — idempotent operation-based apply (idempotency key per hook instance), returns `{ applyTemplateOperation, resetOperation, operationResult, operationErrorCode, idempotencyKey, isLoading }`.\n- `hooks/useWorkspaceTemplatePreview.ts:15` — preview query, skips until a template is selected.\n- Tests under `hooks/__tests__/`.\n\n**GraphQL** — `graphql/queries/workspaceTemplatePreview.ts`, `graphql/mutations/applyWorkspaceTemplate.ts`, `graphql/mutations/applyWorkspaceTemplateOperation.ts`.\n\n**Types** — `types/apply-template-operation.types.ts` (`ApplyTemplateResult`, `TemplatePreview`, `ApplyTemplateStep`, `ApplyTemplateErrorCode`, …).\n\n**Utils** — `utils/getApplyTemplateResultOutcome.ts`, `utils/resolveTemplatePreview.ts`, `utils/getWorkspaceTemplateSetupErrorCode.ts` (+ tests).\n\nThere is **no gallery** (`TemplateGallery` does not exist anywhere in the repo) and no a2e-specific side-panel page yet. The closest \"gallery\" primitives are the template **picker grid** above.\n\n---\n\n## 4. Existing modal / panel hosts that could host a gallery\n\n- **Side panel page (recommended, matches Cmd+K):** add a component to `SIDE_PANEL_PAGES_CONFIG` (`SidePanelPagesConfig.tsx:42`). List scaffolding: `packages/twenty-front/src/modules/side-panel/components/SidePanelList.tsx` and `SidePanelGroup.tsx` (used by `SidePanelCommandMenuItemDisplayPage` and `SidePanelCreateRelatedRecordPage`).\n- **Generic modal:** `packages/twenty-ui/src/surfaces/Modal/Modal.tsx` + `ModalContent`/`ModalHeader`/`ModalFooter`/`ModalBackdrop`; state hook `packages/twenty-front/src/modules/ui/layout/modal/hooks/useModal.tsx:10` (`useModal` → `openModal`/`closeModal`/`toggleModal` by instance id). Confirmation variant: `.../ui/layout/modal/components/ConfirmationModal.tsx`.\n- **Full-screen overlay:** `packages/twenty-front/src/modules/ui/layout/fullscreen/components/FullScreenModal.tsx:54` + `.../hooks/useFullScreenModal.tsx`.\n- **Existing gallery implementations to copy:**\n  - `packages/twenty-front/src/modules/settings/applications/components/SettingsApplicationScreenshotGallery.tsx:70` (`SettingsApplicationScreenshotGallery`) — main image + thumbnail strip.\n  - `packages/twenty-front/src/modules/drive/components/DriveFileGallery.tsx:117` (`DriveFileGallery`).\n  - Card grid pattern: `A2eWorkspaceTemplatePicker.tsx:9` (`StyledGrid`) and `SettingsA2eSuiteSection.tsx:12` (`StyledCardsGrid`).\n\n---\n\n## 5. Suggested integration points for a \"Templates\" gallery command\n\n**Option A — native front-end command (smallest, no server migration):**\n1. Add `SidePanelPages.TemplatesGallery = 'templates-gallery'` in `packages/twenty-shared/src/types/SidePanelPages.ts` (after line 47; it auto-enters `PurposeBuiltSidePanelPage`).\n2. Create `SidePanelTemplatesGalleryPage` and register it in `SidePanelPagesConfig.tsx:42`.\n3. Add a command entry beside `QuickCaptureCommand`/`CoreObjectsCommands` in `SidePanelCommandMenuItemDisplayPage.tsx` (e.g. clone the `QuickCaptureCommand` + `useQuickCaptureCommand` pattern), and add its id to `selectableItemIds` (lines 125-134).\n4. Open it with `useNavigateSidePanel`/`useSidePanelMenu` (`navigateSidePanel({ page: SidePanelPages.TemplatesGallery, pageTitle, pageIcon })`).\n5. Reuse `A2eWorkspaceTemplatePicker`/`A2eWorkspaceTemplatePreview` as the gallery content.\n\n**Option B — metadata/server command:**\n1. Add `TEMPLATES_GALLERY` to `packages/twenty-server/.../command-menu-item/enums/engine-component-key.enum.ts`.\n2. Define it in `standard-command-menu-item.constant.ts`.\n3. Map the key in `EngineComponentKeyHeadlessComponentMap.tsx:59` to `<HeadlessOpenSidePanelPageEngineCommand page={SidePanelPages.TemplatesGallery} …/>` (same shape as `SEARCH_RECORDS`, lines 198-205).\n4. Regenerate GraphQL types (`npx nx run twenty-front:graphql:generate`) and add a DB migration/upgrade command if the standard constant changes (per `AGENTS.md` Gotchas).\n\nNo files were modified.\n</task_result>\n</task>",
      "durationMs": 0
    }
  ],
  "hierarchy": [
    {
      "state": {
        "id": "subagent_1790739568178_iiasast",
        "agentType": "explore",
        "description": "Map front logic-function execution",
        "status": "error",
        "childIds": [],
        "spawnedAt": "2026-09-30T03:39:28.178Z",
        "prompt": "In the repo /Users/maxaubert/Projets/A2E Suite, investigate how the twenty-front React app can execute an installed application's logic function, and how it knows which applications are installed.\n\nFocus:\n1. `packages/twenty-front/src/modules/logic-functions/` — what hooks/services exist to list/execute logic functions? Look for GraphQL queries/mutations, e.g. `executeOneLogicFunction`, `findManyLogicFunctions`, `findManyLogicFunctionLogs`, and how they are used.\n2. `packages/twenty-front/src/modules/applications/` — hooks for listing installed applications (e.g. `useFindManyApplications`, `useApplicationByRegistrationId`), and the shape of an Application record (universalIdentifier, name, registrationId, etc.).\n3. How does the front determine whether a given app is installed? Search for `applicationRegistrationId`, `installedApplication`, `findManyApplications`.\n4. Are there any existing examples of twenty-front calling an app logic function (e.g. executing `list-template-descriptors` or any app-provided logic function) from the front? Search the whole repo for `list-template-descriptors`, `executeOneLogicFunction`, `LogicFunctionExecutor`.\n5. The generated GraphQL document hooks mechanism (`twenty-front/src/generated/graphql.ts` or graphql:generate) — how new queries are added and used.\n\nReport exact file paths with line numbers, the names/exports of the relevant hooks/services, and the call signatures. Be thorough (medium-to-thorough). Return a concise structured report. Do NOT modify any files.",
        "endedAt": "2026-09-30T03:39:28.179Z",
        "durationMs": 1,
        "result": "<task id=\"ses_f0f9be50affeZkY7rDB3q03g8E\" state=\"completed\">\n<task_result>\nI have gathered enough. Here is the structured report.\n\n---\n\n# Report: twenty-front → application logic functions & installed-application detection\n\n## 1. Logic-functions module (`packages/twenty-front/src/modules/logic-functions/`)\n\n### GraphQL operations\n- **Execute mutation** — `packages/twenty-front/src/modules/logic-functions/graphql/mutations/executeOneLogicFunction.ts:3-13`\n  - `EXECUTE_ONE_LOGIC_FUNCTION` (`gql`), `mutation ExecuteOneLogicFunction($input: ExecuteOneLogicFunctionInput!)`, returns `{ data logs duration status error }`.\n  - Input shape (`src/generated-metadata/graphql.ts:1943-1948`): `{ id: UUID!, payload: JSON }`.\n  - Result (`graphql.ts:2471-2490`): `{ data?: JSON, duration: Float, error?: JSON, logs: String, status: LogicFunctionExecutionStatus }`; status enum = `ERROR | IDLE | SUCCESS`.\n- **List query** — `.../graphql/queries/findManyLogicFunctions.ts:4-11`\n  - `FIND_MANY_LOGIC_FUNCTIONS`, `query FindManyLogicFunctions { findManyLogicFunctions { ...LogicFunctionFields } }`.\n  - Fragment `LOGIC_FUNCTION_FRAGMENT` at `.../graphql/fragments/logicFunctionFragment.ts:3-23` (id, name, description, runtime, timeoutSeconds, executionMode, sourceHandlerPath, handlerName, trigger settings, **applicationId**, **universalIdentifier**, createdAt, updatedAt).\n- **Single query** — `.../graphql/queries/findOneLogicFunction.ts:4-11`, variable `LogicFunctionIdInput { id }` (`graphql.ts:2492-2495`).\n- Also present: `createOneLogicFunction.ts`, `updateOneLogicFunction.ts`, `deleteOneLogicFunction.ts`, `getLogicFunctionSourceCode.ts`, `findManyAvailablePackages.ts`.\n- **No `findManyLogicFunctionLogs` query exists in twenty-front.** Logs are delivered by a GraphQL subscription: `Subscription.logicFunctionLogs` / `SubscriptionLogicFunctionLogsArgs` (`graphql.ts:5792`, `5803-5804`). UI component: `src/modules/logic-functions/components/LogicFunctionLogs.tsx:10`.\n\n### Hooks/services\n- **`useExecuteLogicFunction`** — `.../hooks/useExecuteLogicFunction.ts:28-111` (exported).\n  - Signature: `useExecuteLogicFunction({ logicFunctionId: string, callback?: (result: object) => void })`.\n  - Returns `{ executeLogicFunction, updateLogicFunctionInput, logicFunctionTestData, isExecuting }`.\n  - `executeLogicFunction()` takes **no arguments**: it reads the payload from the Jotai family state `logicFunctionTestDataFamilyState` (imported from `@/workflow/workflow-steps/workflow-actions/code-action/states/logicFunctionTestDataFamilyState`, line 4) and calls the mutation with `{ input: { id: logicFunctionId, payload: logicFunctionTestData.input } }` (lines 66-73). This makes it tailored to the settings/workflow \"test function\" UI, not a generic app-function invoker.\n  - It uses the local `EXECUTE_ONE_LOGIC_FUNCTION` gql constant (line 39), **not** the generated `ExecuteOneLogicFunctionDocument`.\n  - Known call sites: `src/modules/settings/logic-functions/components/tabs/SettingsLogicFunctionTestTab.tsx:70`, `src/pages/settings/logic-functions/SettingsLogicFunctionDetail.tsx:70`, `src/modules/workflow/.../code-action/components/WorkflowEditActionCode.tsx:129`, `src/modules/workflow/.../logic-function-action/components/WorkflowEditActionLogicFunction.tsx:144`.\n- **`useGetOneLogicFunction`** — `.../hooks/useGetOneLogicFunction.ts:9-27`: `({ id, skip? })` → `{ logicFunction, loading }`, uses `FIND_ONE_LOGIC_FUNCTION`.\n- **`usePersistLogicFunction`** — `.../hooks/usePersistLogicFunction.ts:25-167`: create/update/delete (settings CRUD); refetches `FIND_MANY_LOGIC_FUNCTIONS`.\n- **`useLogicFunctionThirdPartyApplicationInformation`** — `.../hooks/useLogicFunctionThirdPartyApplicationInformation.ts:12-35`: resolves a logic function's `applicationId` from `logicFunctionsSelector` and returns its app name/chip.\n- **`useGetAvailablePackages`**, `useGetLogicFunctionSourceCode`, `useLogicFunctionForm`, `useLogicFunctionUpdateFormState`.\n\n### State / bulk loading\n- **`logicFunctionsSelector`** — `.../states/logicFunctionsSelector.ts:5-12`: `createAtomSelector<LogicFunction[]>` reading `metadataStoreState, 'logicFunctions'`. This is the front's global list of all logic functions, each carrying `applicationId`, `name`, and `universalIdentifier`.\n- **Type** — `.../types/LogicFunction.ts:3-4`: `FindManyLogicFunctionsQuery['findManyLogicFunctions'][number]`.\n- Bulk load into the metadata store: `src/modules/metadata-store/hooks/useLoadStaleMetadataEntities.ts:175-193` runs `FindManyLogicFunctionsDocument` (`fetchPolicy: 'network-only'`) and calls `replaceDraft('logicFunctions', result.data.findManyLogicFunctions)`. Entity keys registered in `metadata-store/states/metadataStoreState.ts:23` and mapped in `metadata-store/utils/mapAllMetadataNameToEntityKey.ts:16`.\n\n## 2. Applications module (`packages/twenty-front/src/modules/applications/`)\n\n### GraphQL\n- **`findManyApplications`** — `.../graphql/queries/findManyApplications.ts:3-21`: selects `id, name, description, logoUrl, version, state, universalIdentifier, applicationRegistrationId, applicationRegistration { id, latestAvailableVersion, sourceType }`.\n- **`findOneApplication`** — `.../graphql/queries/findOneApplication.ts:4-11` (variable `$id: UUID!`, uses `APPLICATION_FRAGMENT`).\n- **`findOneApplicationByUniversalIdentifier`** — `.../graphql/queries/findOneApplicationByUniversalIdentifier.ts:3-13`: `findOneApplication(universalIdentifier: UUID!) { id universalIdentifier name version state }`.\n- **`APPLICATION_FRAGMENT`** — `.../graphql/fragments/applicationFragment.ts:6-79`: adds `canBeUninstalled, autoUpgrade, defaultRoleId, settingsCustomTabFrontComponentId, availablePackages, applicationVariables, agents, frontComponents, commandMenuItems, objects, logicFunctions {...LogicFunctionFields}`.\n\n### Hooks\n- **`useInstalledApplications`** — `.../hooks/useInstalledApplications.ts:9-33`: runs `FindManyApplicationsDocument`, merges with `applicationsSelector` by id; returns `ApplicationWithoutRelation[]`. Refetches on lifecycle/registration change hooks.\n- **`useIsThirdPartyApplication`** — `.../hooks/useIsThirdPartyApplication.ts:7-25`: looks up `applicationId` in `currentWorkspace?.installedApplications`.\n- **`useApplicationChipData`**, `useApplicationAvatarColors`, `useResolvedApplicationDescription`, `useRefetchOnApplicationLifecycleSettled`, `useRefetchOnApplicationRegistrationChange`.\n- **`applicationsSelector`** — `.../states/applicationsSelector.ts:5-11` → `metadataStoreState, 'applications'` (`FlatApplication[]`).\n- **`ApplicationsLoadEffect`** — `.../components/ApplicationsLoadEffect.tsx:44-117`: network-only `FindManyApplicationsDocument`, maps to `FlatApplication` and `replaceDraft('applications', …)`.\n- **No `useFindManyApplications` and no `useApplicationByRegistrationId` hooks exist** (grep found none). The registration id field is named **`applicationRegistrationId`**, not `registrationId`.\n\n### Record shapes\n- `Application` (`src/generated-metadata/graphql.ts:298-326`): `id, name, description, logoUrl, version, state, universalIdentifier, applicationRegistrationId, applicationRegistration{…}, logicFunctions: LogicFunction[], frontComponents, commandMenuItems, objects, agents, applicationVariables, availablePackages, canBeUninstalled, autoUpgrade, defaultRoleId, settingsCustomTabFrontComponentId, logoFileId, packageJson*, yarnLock*`.\n- `ApplicationWithoutRelation` (`src/pages/settings/applications/types/applicationWithoutRelation.ts:3-13`): Pick of `id, name, description, logoUrl, version, universalIdentifier, applicationRegistrationId, applicationRegistration`.\n- `FlatApplication` (`src/modules/metadata-store/types/FlatApplication.ts:3-12`): Pick of `id, universalIdentifier, name, description, version, state, applicationRegistrationId`.\n\n## 3. How the front determines whether an app is installed\n\n- **`findManyApplications` is install-scoped.** Server resolver `packages/twenty-server/src/engine/core-modules/application/application-install/application-install.resolver.ts:72-78` → `ApplicationService.findManyApplications` (`application.service.ts:153-160`) queries `applicationRepository.find({ where: { workspaceId }, relations: ['applicationRegistration'] })`. So *presence in `findManyApplications` = installed in this workspace*.\n- **Canonical front pattern** — `src/modules/a2e-workspace/hooks/useA2eSuiteApplications.ts:15-56`:\n  - builds `installedUniversalIdentifiers` = `Set(data.findManyApplications.map(a => a.universalIdentifier))` (lines 27-35);\n  - `installedApplications` = `findManyApplications` filtered to the A2E suite universal-identifier list (lines 37-45);\n  - `availableApplications` = marketplace catalog (`useMarketplaceApps`) minus `installedUniversalIdentifiers` (lines 47-54).\n  - Comment at lines 12-14 states the identity rule: \"`findManyApplications` holds workspace installs only… whose app id **IS** the application universal identifier.\"\n- **Existence check alternative**: `findOneApplication(universalIdentifier)` (`findOneApplicationByUniversalIdentifier.ts`), used e.g. in `src/pages/settings/applications/SettingsAvailableApplicationDetails.tsx:63`.\n- **Auth-state alternative**: `currentWorkspace?.installedApplications` (e.g. `useIsThirdPartyApplication.ts:16`, `pages/settings/ai/utils/getToolApplicationId.ts:15`, `pages/settings/data-model/SettingsObjectTable.tsx:95`).\n- Stable identity for matching is `universalIdentifier`; `applicationRegistrationId` links an install to its registration/publisher record. The A2E app UIDs are hard-coded in `src/modules/a2e-workspace/constants/A2eSuiteApplicationUniversalIdentifiers.ts:5-17`.\n\n## 4. Existing examples of the front calling an app-provided logic function\n\n- **None for app functions such as `list-template-descriptors`.** A repo-wide search for `list-template-descriptors` hits only the four app packages (`packages/twenty-apps/internal/{a2e-documents,a2e-projects,a2e-accounting,a2e-drive}/src/logic-functions/list-template-descriptors.ts`) plus docs/ralph logs — **zero hits under `packages/twenty-front/src`**.\n- The descriptor function is a plain `defineLogicFunction` handler, e.g. `packages/twenty-apps/internal/a2e-documents/src/logic-functions/list-template-descriptors.ts:12-22`, name `'list-template-descriptors'`, returns `{ templates: buildDocumentTemplateDescriptors() }`, no `toolTriggerSettings`.\n- The only front-side execution path is the generic `useExecuteLogicFunction` mutation by logic-function `id` (Section 1). To execute an app function the front must first resolve its id, e.g. filter `logicFunctionsSelector` by `applicationId` + `name` (the selector fields support this), then call `executeOneLogicFunction`. No helper doing this lookup exists yet.\n- A separate, non-Apollo path exists for **app front-components**: `FrontComponentRenderer` passes `functionsBaseUrl` (from `useGetLogicFunctionHttpUrl`, `src/modules/settings/logic-functions/hooks/useGetLogicFunctionHttpUrl.ts:12-39`; base `/s` or `https://<subdomain>.<publicFunctionDomain>`, util `utils/getLogicFunctionHttpUrl.ts:3-42`) into `twenty-front-component-renderer`, so app code calls logic functions over HTTP route triggers, not through the front's GraphQL mutation.\n- Server-side executors for reference: `ApplicationInstallService`, `LogicFunctionExecutorService` (`packages/twenty-server/src/engine/core-modules/logic-function/logic-function-executor/logic-function-executor.service.ts:81`), and resolver `logic-function.resolver.ts:177-194` (`executeOneLogicFunction`, guarded by `SettingsPermissionGuard(PermissionFlagType.WORKFLOWS)`; note both `executeOneLogicFunction` mutation and `findManyLogicFunctions` query in the front run against the **metadata** schema).\n\n## 5. Generated GraphQL document-hook mechanism\n\n- **Codegen configs**: `packages/twenty-front/codegen.cjs` (core/data), `codegen-metadata.cjs` (metadata), `codegen-admin.cjs` (admin). Metadata config `codegen-metadata.cjs`:\n  - schema = `${REACT_APP_SERVER_BASE_URL ?? 'http://localhost:3000'}/metadata` (lines 4-6);\n  - `documents` globs include `./src/modules/applications/graphql/**/*.{ts,tsx}` (line 12) and `./src/modules/logic-functions/graphql/**/*.{ts,tsx}` (line 23), plus `./src/modules/settings/**/graphql/**` and `./src/pages/**/graphql/**` (lines 18, 48), excluding tests/stories/mocks (lines 50-52);\n  - output `./src/generated-metadata/graphql.ts` with plugins `typescript`, `typescript-operations`, `typed-document-node` (lines 55-67).\n- **Commands** (`packages/twenty-front/project.json:252-270`): `graphql:generate` runs `dotenv graphql-codegen -- --config={args.config}`, configurations `data` (default) / `metadata` / `admin`. Per `AGENTS.md`: `npx nx run twenty-front:graphql:generate` (add `--configuration=metadata` for the metadata schema).\n- **Workflow to add a query/mutation**: add a `.ts` file exporting `gql` under a scanned `graphql/` directory → run codegen → a typed `XDocument` (and `XQuery`/`XVariables` types) is emitted into `src/generated-metadata/graphql.ts` → import the `Document` and types and pass to Apollo `useQuery`/`useMutation`.\n- **Generated docs already emitted** (in `src/generated-metadata/graphql.ts`):\n  - `ExecuteOneLogicFunctionDocument` — line 9777; `ExecuteOneLogicFunctionMutation` type line 8057.\n  - `FindManyLogicFunctionsDocument` — line 9780; `FindManyLogicFunctionsQuery` line 8076.\n  - `FindOneLogicFunctionDocument` — line 9781.\n  - `FindManyApplicationsDocument` — line 9722; `FindManyApplicationsQuery` line 7515.\n  - `FindOneApplicationDocument` — line 9723; `FindOneApplicationByUniversalIdentifierDocument` — line 9724.\n- **Usage conventions differ by module**: applications hooks import generated documents directly (`useInstalledApplications.ts:6`, `ApplicationsLoadEffect.tsx:14-17`, `useA2eSuiteApplications.ts:4-8`); the logic-functions execute hook still uses its hand-written `gql` constant (`useExecuteLogicFunction.ts:1,39`) even though `ExecuteOneLogicFunctionDocument` exists.\n\n## Bottom line\n- Installed apps are known via `findManyApplications` (workspace-scoped = installed), exposed through `useInstalledApplications`, `applicationsSelector`, `ApplicationsLoadEffect`, and `useA2eSuiteApplications`, keyed by `universalIdentifier`; `findOneApplication(universalIdentifier)` is the existence check.\n- The only front call to run a logic function is the `executeOneLogicFunction` mutation, wrapped by `useExecuteLogicFunction({ logicFunctionId, callback? })`, which is currently built for settings/workflow test payloads and takes no payload argument.\n- There is **no existing front example** of invoking an app-provided function like `list-template-descriptors`; doing so would require resolving the function id from `logicFunctionsSelector` by `applicationId`/`name` and then calling the mutation (or using the front-component HTTP/SDK path for app-rendered components).\n</task_result>\n</task>"
      },
      "children": []
    },
    {
      "state": {
        "id": "subagent_1790739634512_oelrame",
        "agentType": "explore",
        "description": "Map app template instantiation paths",
        "status": "completed",
        "childIds": [],
        "spawnedAt": "2026-09-30T03:40:34.512Z",
        "prompt": "In the repo /Users/maxaubert/Projets/A2E Suite, map how each internal A2E app instantiates a template from its lib constants so a gallery \"Use template\" action can trigger the existing template path.\n\nFocus on these four apps under packages/twenty-apps/internal/:\n1. a2e-documents — `src/lib/starter-templates.ts`, `src/lib/document-template-descriptors.ts`, `src/lib/instantiate-template.ts`, `src/lib/save-document-as-template.ts`, and any logic-function that creates a document from a starter template. How is a starter page template turned into a real document record? Is there a logic function exposed (e.g. `create-from-template`)? List `src/logic-functions/` and `src/logic-functions/handlers/`.\n2. a2e-projects — `src/lib/starter-projects.ts`, `project-template-descriptors.ts`, and the instantiate path (does one exist?).\n3. a2e-accounting — `src/lib/fiche-templates.ts`, `fiche-template-descriptors.ts`, `withTemplateDefaults`, and instantiate path.\n4. a2e-drive — `src/lib/folder-structure-templates.ts`, `folder-structure-descriptors.ts`, and the seed handler.\n\nFor each: report the exact logic-function names/universal identifiers, the handler (in `logic-functions/handlers/*.ts`) signature and what it accepts as input (template key?), and whether the current install-time seeding is the ONLY path or if there is a callable instantiate path. Also report the app package names and current versions from each `package.json`, and each app's `src/constants/universal-identifiers.ts` logic-function ids. \n\nReport exact file paths with line numbers and concise code signatures. Be thorough. Do NOT modify any files.",
        "endedAt": "2026-09-30T03:40:34.512Z",
        "durationMs": 0,
        "result": "<task id=\"ses_f0f9be47cffeJqfmvMhC7s04bM\" state=\"completed\">\n<task_result>\n# Template instantiation map — four internal A2E apps\n\nScope inspected: `packages/twenty-apps/internal/{a2e-documents,a2e-projects,a2e-accounting,a2e-drive}` plus the shared contract in `twenty-shared`. No files were modified.\n\n## Headline finding\n\nAll four apps expose exactly one template-facing logic function, `list-template-descriptors`, and it is **read-only** (`handler = async () => ({ templates: ... })`). There is **no `create-from-template` / apply / instantiate-by-key logic function anywhere** in these four apps. The only actual instantiation implementation is a **front-component-local function in a2e-documents** that copies by document record id (not by descriptor key). a2e-projects, a2e-accounting and a2e-drive have **no callable instantiate path at all** — only install-time `post-install` seeding. The M9a-2 gallery (US-118) that would call these is not built.\n\n---\n\n## Shared contract\n\n- `/Users/maxaubert/Projets/A2E Suite/packages/twenty-shared/src/application/templateDescriptorType.ts`\n  - `TemplateDescriptor` (line 47): `{ key, version, labels{fr,en}, category, preview[], requiredApps[], inputs[] }`\n  - `category` union (line 21): `'Pages' | 'Projets' | 'Bilan' | 'Archive' | 'Agenda' | 'Automatisations'`\n  - `TemplateDescriptorPreviewWrite` (line 41): `{ object, summary, count }`\n  - Comment at line 31 documents `required` drives the gallery's \"Use template\" enablement.\n- Guards: `templateDescriptorGuards.ts` (same dir) — `isTemplateDescriptor`, `validateTemplateDescriptors`.\n\nThe intended consumer is documented in `tasks/prd.json:365`: *\"Preview pane renders the descriptor's preview; 'Use template' instantiates through the app's existing template path (fresh IDs, provenance); 'Blank' keeps the existing blank-creation flow.\"* US-118 is planned, not shipped.\n\n---\n\n## 1. a2e-documents (`a2e-documents`, v0.2.7)\n\n### Lib constants / helpers\n\n- `src/lib/starter-templates.ts`\n  - `STARTER_DOCUMENT_TEMPLATES: StarterDocumentTemplate[]` (line 11) — 20 `{ title, markdown }` entries; titles are prefixed `Modèle — `.\n  - `findMissingStarterTemplates(existingTemplateTitles: string[]): StarterDocumentTemplate[]` (line 114).\n- `src/lib/document-template-descriptors.ts`\n  - `buildDocumentTemplateDescriptors(): TemplateDescriptor[]` (line 75) — one descriptor per starter; `key` = slug via `toDocumentTemplateKey(title)` (line 50), `version: 1`, `category: 'Pages'` (line 16), `preview` = one `document` row (line 64), `requiredApps: []` (line 19), `inputs: []`.\n- `src/lib/instantiate-template.ts` (payload construction only; caller owns persistence)\n  - `buildTemplateCopyPayload(source: TemplateCopySource, options?): TemplateCopyPayload` (line 195) → `{ title, kind: DOCUMENT, position: 'V', content }`.\n  - `readAuthorizedTemplateCopySource(fetched): TemplateCopySource | null` (line 182) — fail-closed permission gate.\n  - `remapTemplateBlockIds(blocknote, options?): string | null` (line 128) — re-keys BlockNote block anchors, skips `threadId`.\n  - `buildTemplateCopyTitle` (line 171), `TEMPLATE_TITLE_PREFIX = 'Modèle — '` (line 41), `DEFAULT_TEMPLATE_COPY_POSITION = 'V'` (line 46).\n- `src/lib/save-document-as-template.ts`\n  - `buildSaveAsTemplatePayload` (line 47), `buildTemplateDuplicatePayload` (line 63).\n- `src/lib/template-gallery.ts`\n  - `collectGalleryTemplates(flatDocuments)` (line 9) — local in-app gallery (filters `kind === TEMPLATE && archivedAt === null`). This is *not* the M9a-2 cross-app gallery.\n- `src/lib/record-note-copy.ts:116` reuses `remapTemplateBlockIds` for record-note copy.\n\n### The real instantiate path (front components, keyed by document id)\n\n- `src/front-components/document-browser.front-component.tsx`\n  - `instantiateTemplate(templateDocument: DocumentNode)` (line 424): fresh fetch by id → `readAuthorizedTemplateCopySource` (line 451) → `buildTemplateCopyPayload` (line 457) → `createDocuments` mutation (line 459) → `reloadTree()`.\n  - Wired to gallery rows via `onInstantiate` (lines 828, 847).\n- `src/front-components/document-page.front-component.tsx`\n  - `instantiateTemplate()` (line 165): copy from `record`, `createDocuments` (line 181), then `navigate(AppPath.RecordShowPage, { objectNameSingular: 'document', objectRecordId })` (line 207). Button label `\"Utiliser ce modèle\"` (line 249).\n\nThere is **no logic-function wrapper** around this; it is inline component logic.\n\n### `src/logic-functions/` (9 files)\n\n`document-content.logic-function.ts`, `guard-document-parent-cycle.ts`, `guard-document-revision-save.ts`, `improve-document-writing.logic-function.ts`, `list-template-descriptors.ts`, `post-install.ts`, `purge-archived-documents.ts`, `summarize-document.logic-function.ts`, `translate-document.logic-function.ts`.\n\n### `src/logic-functions/handlers/` (3 files)\n\n`document-action-handler.ts`, `document-content-handler.ts`, `purge-archived-documents-handler.ts`. None touch templates.\n\n### The only template-creating write: install-time seeding\n\n- `src/logic-functions/post-install.ts`\n  - `seedGettingStartedDocument(client)` (line 53) — creates the welcome `DOCUMENT`.\n  - `seedStarterTemplates(client): Promise<number>` (line 94): reads existing `kind: 'TEMPLATE'` titles, deltas via `findMissingStarterTemplates`, then one `createDocuments` mutation with `kind: 'TEMPLATE'` and `markdown` (line 105). This is the **only** path that turns `STARTER_DOCUMENT_TEMPLATES` into records.\n  - Wrapped in `definePostInstallLogicFunction({ universalIdentifier: LOGIC_FUNCTION_IDS.postInstall, name: 'post-install', ... })` (line 141).\n\n### `list-template-descriptors` logic function\n\n- `src/logic-functions/list-template-descriptors.ts`\n  - handler (line 12): `async () => ({ templates: buildDocumentTemplateDescriptors() })` — no input.\n  - `defineLogicFunction({ universalIdentifier: LOGIC_FUNCTION_IDS.listTemplateDescriptors, name: 'list-template-descriptors', timeoutSeconds: 30 })` (line 16).\n\n### Logic-function ids (`src/constants/universal-identifiers.ts`)\n\n- `postInstall: 'c31a0000-0012-4000-8000-000000000001'`\n- `purgeArchivedDocuments: 'c31a0000-0012-4000-8000-000000000002'`\n- `guardDocumentParentCycle: 'c31a0000-0012-4000-8000-000000000003'`\n- `documentContent: 'c31a0000-0012-4000-8000-000000000004'`\n- `guardDocumentRevisionSave: 'c31a0000-0012-4000-8000-000000000005'`\n- `summarizeDocument: 'c31a0000-0012-4000-8000-000000000006'`\n- `translateDocument: 'c31a0000-0012-4000-8000-000000000007'`\n- `improveDocumentWriting: 'c31a0000-0012-4000-8000-000000000008'`\n- `listTemplateDescriptors: 'c31a0000-0012-4000-8000-000000000009'`\n\n---\n\n## 2. a2e-projects (`a2e-projects`, v0.1.16)\n\n### Lib constants\n\n- `src/lib/starter-projects.ts`\n  - `STARTER_PROJECT_TEMPLATES: StarterProjectTemplate[]` (line 29) — 12 entries `{ name, key, status, health, description, tasks[], milestones[] }`; keys `LIV, EVT, SPR, CNT, REC, ONB, WEB, SEM, AGA, SUB, BUG, OBJ`.\n  - `resolveMilestoneDueAt(dueInDays, now): string` (line 274).\n  - `findMissingStarterProjects(existingProjectKeys: string[]): StarterProjectTemplate[]` (line 284).\n- `src/lib/project-template-descriptors.ts`\n  - `buildProjectTemplateDescriptors(): TemplateDescriptor[]` (line 40). `key` = the project `key` (`LIV`…, line 78), `version: 1`, `category: 'Projets'` (line 16), `preview` = `project` (1) + `task` (tasks.length) + `milestone` (milestones.length) (lines 42–75), `requiredApps: []` (line 20), `inputs: []`.\n\n### Instantiate path: does not exist\n\n- Only install-time seeding: `src/logic-functions/post-install.ts`\n  - `findExistingProjectKeys(client)` (line 23); `createStarterProject(client, starterProject, now)` (line 43) creates the project (`createProjects`, line 48), then tasks (`createTasks`, line 79) and milestones (`createMilestones`, line 97).\n  - `handler` (line 112) deltas via `findMissingStarterProjects` and loops `createStarterProject`.\n  - `definePostInstallLogicFunction({ universalIdentifier: LOGIC_FUNCTION_IDS.postInstall, name: 'post-install' })` (line 132).\n- No logic function accepts a project template key; no `handlers/` function applies a starter project; no front-component instantiates one.\n- `src/logic-functions/list-template-descriptors.ts`: handler `async () => ({ templates: buildProjectTemplateDescriptors() })` (line 12); `name: 'list-template-descriptors'` (line 18).\n\n### `src/logic-functions/` (14 files)\n\n`deal-won-create-channel.logic-function.ts`, `deal-won-create-project.logic-function.ts`, `extract-tasks-from-document.logic-function.ts`, `file-review-task.logic-function.ts`, `list-template-descriptors.ts`, `meeting-notes-page.logic-function.ts`, `post-install.ts`, `purge-trash.logic-function.ts`, `recurring-task-generator.logic-function.ts`, `retroplanning.logic-function.ts`, `standup-digest.logic-function.ts`, `task-breakdown-context.logic-function.ts`, `task-due-reminder.logic-function.ts`, `task-human-id.logic-function.ts`.\n\n### `src/logic-functions/handlers/` (13 files)\n\n`apply-retroplanning-handler.ts`, `deal-won-create-channel-handler.ts`, `deal-won-create-project-handler.ts`, `extract-tasks-from-document-handler.ts`, `file-review-task-handler.ts`, `meeting-notes-page-handler.ts`, `projects-tool-support.ts`, `purge-trash-handler.ts`, `recurring-task-generator-handler.ts`, `standup-digest-handler.ts`, `task-breakdown-context-handler.ts`, `task-due-reminder-handler.ts`, `task-human-id-handler.ts`.\n\n### Logic-function ids (`src/constants/universal-identifiers.ts`)\n\n`postInstall: 'c31b0000-0012-4000-8000-000000000003'`, `purgeTrash: ...0005`, `taskHumanId: ...0007`, `recurringTaskGenerator: ...0009`, `retroplanning: ...000b`, `extractTasksFromDocument: ...000d`, `standupDigest: ...000e`, `taskBreakdownContext: ...000f`, `dealWonCreateProject: ...0010`, `dealWonCreateChannel: ...0011`, `meetingNotesPage: ...0012`, `fileReviewTask: ...0013`, `taskDueReminder: ...0014`, `listTemplateDescriptors: 'c31b0000-0012-4000-8000-000000000015'`.\n\n---\n\n## 3. a2e-accounting (`a2e-accounting`, v0.1.2)\n\n### Lib constants\n\n- `src/lib/fiche-templates.ts`\n  - `FICHE_TEMPLATE_KEYS: FicheTemplateKey[]` (line 920) from `Object.keys(FICHE_TEMPLATES)`.\n  - `FICHE_TEMPLATES: Record<FicheTemplateKey, FicheTemplate>` (line 151) — 10 templates: `ASSO_FR, BLANK, RECU_DON, BUDGET_EQUILIBRE, BUDGET_MENSUEL_PERSONNEL, DEMANDE_SUBVENTION, CONVENTION_SUBVENTION, RAPPORT_ACTIVITE, ATTESTATION_HONNEUR, KIT_FACTURATION_INDEPENDANT` (type at line 9).\n  - `getFicheTemplate(key: string): FicheTemplate | undefined` (line 924).\n  - `withTemplateDefaults(key: string, data: Record<string, unknown> | null | undefined): Record<string, unknown>` (line 931) — `{ ...structuredClone(template.defaultData), ...(data ?? {}) }`; unknown key returns `data ?? {}`.\n- `src/lib/fiche-template-descriptors.ts`\n  - `buildFicheTemplateDescriptors(): TemplateDescriptor[]` (line 50). `key` = `FicheTemplateKey`, `version: 1`, `category: 'Bilan'` (line 17), `preview` = one `fiche` row, amounts zeroed (line 39), `requiredApps: []` (line 20), `inputs: []`.\n\n### Instantiate path: does not exist\n\n- `withTemplateDefaults` is only consumed at install time, inside `starter-books.ts`:\n  - `STARTER_FICHES: StarterFiche[]` (line 94) — only 2 draft fiches (`BUDGET_EQUILIBRE`, `DEMANDE_SUBVENTION`).\n  - `starterFichePayloads()` (line 128) → `{ title, templateKey, fiscalYear, data: withTemplateDefaults(templateKey, undefined) }` (line 139).\n  - `findMissingStarterFiches(existing)` (line 114) deltas by `(title, templateKey)`.\n- `src/logic-functions/handlers/seed-starter-content.ts`\n  - `seedStarterFiches(client: SeedingClient): Promise<number>` (line 175): reads existing `{title, templateKey}`, deltas, `createRecords('createFiches', payloads)` (line 196). **No template-key parameter** — it always seeds the fixed `STARTER_FICHES`.\n  - `seedStarterSheets` (line 143), `seedCategories` (line 65), `seedOrgProfile` (line 103).\n- `src/logic-functions/post-install.ts` calls `seedStarterFiches(client)` (line 44) inside the install step list.\n- `src/logic-functions/list-template-descriptors.ts`: handler `async () => ({ templates: buildFicheTemplateDescriptors() })` (line 11); `name: 'list-template-descriptors'` (line 17).\n- Note: `LOGIC_FUNCTION_IDS.renderFiche: 'b11a0000-0012-4000-8000-00000000000b'` (constants line 109) is committed but **has no corresponding logic-function file** — a reserved id only. No fiche-editor front component exists under `src/front-components/` (only `quick-entry` and `subvention-explorer`), so there is no UI apply either.\n\n### `src/logic-functions/` (12 files, plus `fetchers/`, `handlers/`, `utils/`)\n\n`generate-recurring-documents.ts`, `grant-subvention-income.ts`, `list-template-descriptors.ts`, `post-install.ts`, `refresh-subventions-now.ts`, `refresh-subventions.ts`, `rollup-budgets.ts`, `score-subventions.ts`, `stamp-invoice-number.ts`, `sweep-overdue-invoices.ts`, `sync-finance-entry-to-ledger.ts`, `sync-invoice-to-ledger.ts`.\n\n### `src/logic-functions/handlers/` (4 files)\n\n`ledger-handler.ts`, `numbering-handler.ts`, `refresh-subventions-handler.ts`, `seed-starter-content.ts`.\n\n### Logic-function ids (`src/constants/universal-identifiers.ts`)\n\n`postInstall: 'b11a0000-0012-4000-8000-000000000001'`, `syncFinanceEntryToLedger: ...0002`, `syncInvoiceToLedger: ...0003`, `sweepOverdueInvoices: ...0004`, `generateRecurringDocuments: ...0005`, `rollupBudgets: ...0006`, `refreshSubventions: ...0007`, `grantSubventionIncome: ...0008`, `refreshSubventionsNow: ...0009`, `scoreSubventions: ...000a`, `renderFiche: ...000b` (no file), `stampInvoiceNumber: ...000c`, `listTemplateDescriptors: 'b11a0000-0012-4000-8000-00000000000d'`.\n\n---\n\n## 4. a2e-drive (`a2e-drive`, v0.1.3)\n\n### Lib constants\n\n- `src/lib/folder-structure-templates.ts`\n  - `FOLDER_STRUCTURE_TEMPLATES: FolderStructureTemplate[]` (line 40) — 4 keys: `CLIENT`, `ASSOCIATION`, `ETUDIANT`, `ADMINISTRATION_ENTREPRISE`; each `{ key, version, labels{fr,en}, category: 'Archive', requiredApps: [], tree }`.\n  - `FOLDER_STRUCTURE_TEMPLATE_KEYS` (line 189); `getFolderStructureTemplate(key: string)` (line 193).\n  - `findMissingFolderStructureTemplates(existingTemplateKeys)` (line 200) — deltas by descriptor key.\n  - `FolderStructureFolderDraft = { name, icon, parentName, templateKey }` (line 213).\n  - `flattenFolderStructureTemplate(template): FolderStructureFolderDraft[]` (line 220) — depth-first pre-order.\n- `src/lib/folder-structure-descriptors.ts`\n  - `buildFolderStructureDescriptors(): TemplateDescriptor[]` (line 22). `key` = template key, `version`, labels from constants, `category: 'Archive'`, `preview` = one `driveFolder` write with `count` = flattened length (line 38), `requiredApps`, `inputs: []`.\n\n### Instantiate path: does not exist (only install-time seeding)\n\n- `src/logic-functions/handlers/seed-folder-structures-handler.ts`\n  - `seedFolderStructures(client: SeedingClient): Promise<FolderStructureSeedingSummary>` (line 106) → `{ templatesCreated, foldersCreated }`.\n  - Internal: `findExistingTemplateKeys(client)` (line 26, filters `templateKey !== null`), `createFolder(client, draft, parentId)` (line 46), `createTemplateTree(client, template)` (line 72).\n  - Each folder is tagged `templateKey: draft.templateKey` (line 58) so reinstall deltas. **No template-key parameter** — it always processes the missing set of all 4 templates.\n- `src/logic-functions/post-install.ts`: `seedFolderStructures(client)` (line 19); `definePostInstallLogicFunction` (line 29).\n- `src/logic-functions/list-template-descriptors.ts`: handler `async () => ({ templates: buildFolderStructureDescriptors() })` (line 12); `name: 'list-template-descriptors'` (line 18).\n- No front-components directory exists for drive, so no UI apply.\n\n### `src/logic-functions/` (6 files)\n\n`dedupe-hints.ts`, `find-file.ts`, `guard-drive-folder-parent-cycle.ts`, `list-template-descriptors.ts`, `post-install.ts`, `purge-drive-trash.ts`.\n\n### `src/logic-functions/handlers/` (5 files)\n\n`dedupe-hints-handler.ts`, `drive-tool-support.ts`, `find-file-handler.ts`, `purge-drive-trash-handler.ts`, `seed-folder-structures-handler.ts`.\n\n### Logic-function ids (`src/constants/universal-identifiers.ts`)\n\n`guardDriveFolderParentCycle: 'c31d0000-0012-4000-8000-000000000001'`, `purgeDriveTrash: ...0002`, `findFile: ...0003`, `dedupeHints: ...0004`, `postInstall: ...0005`, `listTemplateDescriptors: 'c31d0000-0012-4000-8000-000000000006'`. Provenance field id `templateKey: 'c31d0100-0001-4000-8000-000000000005'` (constants line 40), declared on `driveFolder` (`src/objects/drive-folder.object.ts:73`).\n\n---\n\n## Cross-app matrix\n\n| App | package / version | Descriptor builder | Descriptor key source | `list-template-descriptors` UID | Callable instantiate-by-key? | Actual creation path |\n|---|---|---|---|---|---|---|\n| a2e-documents | `a2e-documents` 0.2.7 | `document-template-descriptors.ts:75` | slug of `Modèle — …` title | `c31a0000-0012-4000-8000-000000000009` | No logic function. Inline front-component `instantiateTemplate` by record id | `post-install` seed (TEMPLATE docs) + browser/page component copy via `buildTemplateCopyPayload` |\n| a2e-projects | `a2e-projects` 0.1.16 | `project-template-descriptors.ts:40` | project `key` (`LIV`…) | `c31b0000-0012-4000-8000-000000000015` | No | `post-install` only (`createStarterProject`) |\n| a2e-accounting | `a2e-accounting` 0.1.2 | `fiche-template-descriptors.ts:50` | `FicheTemplateKey` | `b11a0000-0012-4000-8000-00000000000d` | No | `post-install` only (`seedStarterFiches`, via `withTemplateDefaults`) |\n| a2e-drive | `a2e-drive` 0.1.3 | `folder-structure-descriptors.ts:22` | `FolderStructureTemplateKey` | `c31d0000-0012-4000-8000-000000000006` | No | `post-install` only (`seedFolderStructures`) |\n\n## Consequences for a gallery \"Use template\" action\n\n- **The descriptor layer and the write layer are not connected in any app.** The descriptors are pure data with a declared `preview`; only `a2e-documents` even has a working copy implementation, and it is keyed by a live `document` record id fetched from the tree, not by descriptor `key`.\n- To make \"Use template\" trigger \"the existing template path\", the gallery would need, per app:\n  - a2e-documents: a callable apply that resolves `key → STARTER_DOCUMENT_TEMPLATES[i]` (or a pre-seeded TEMPLATE record) and persists via `buildTemplateCopyPayload`; today only the front-component does this by id.\n  - a2e-projects: no existing path — would require extracting the `createStarterProject` logic from `post-install.ts:43` into a callable handler accepting a template `key`.\n  - a2e-accounting: no existing path — would require extracting `seedStarterFiches`/`withTemplateDefaults` into a callable handler accepting a `FicheTemplateKey` (note only 2 of 10 keys are seeded; the other 8 exist only as descriptors).\n  - a2e-drive: no existing path — would require exposing `createTemplateTree`/`seedFolderStructures` for a single template `key`.\n- None of the four `list-template-descriptors` handlers accept any input (no template key), so the gallery currently has a read side only. Related plan references: `PLAN.md:82` (M9 planned), `PLAN.md:329-371` (M9 scope incl. \"Use template\"), `tasks/prd.json:359-367` (US-118 AC), `docs/plan/phases/phase-13-report.md:150-177` (US-117 shipped the descriptors and the shared contract; `package.json` bumps match the versions above).\n</task_result>\n</task>"
      },
      "children": []
    },
    {
      "state": {
        "id": "subagent_1790739678796_x6fd76k",
        "agentType": "explore",
        "description": "Map command menu + New surfaces",
        "status": "error",
        "childIds": [],
        "spawnedAt": "2026-09-30T03:41:18.796Z",
        "prompt": "In the repo /Users/maxaubert/Projets/A2E Suite, map the twenty-front command menu (Cmd+K) and the \"New\"/create surfaces so a new \"Templates\" gallery command can be added.\n\nFocus:\n1. `packages/twenty-front/src/modules/command-menu/` and `packages/twenty-front/src/modules/command-menu-item/` — how command menu items are registered/listed, the command menu item type/registration API, and any existing command entries (e.g. \"Create record\", \"Go to\"). Find the main command-menu item definitions or hooks (search for `CommandMenuPages`, `useCommandMenu`, `commandMenuItems`, `CommandMenuItemType`, `enqueueCommandMenuItem`).\n2. How a modal is opened from a command menu item (search for `CommandMenuPages` enum and how pages/components are registered).\n3. Existing \"New\" create surfaces: the object-record create button/menu (`packages/twenty-front/src/modules/object-record/...`), e.g. `CreateRecordButton`, `ObjectRecordCreate`, and where a \"New\" menu is rendered. Search for components named like `*CreateButton*`, `useCreateOneRecord`, and how documents/projects create new records.\n4. The `packages/twenty-front/src/modules/a2e-workspace/` module — what does it currently contain (landing pages, template surfaces)? List its files and summarize.\n5. Any existing modal/panel components in a2e-workspace or elsewhere that could host a gallery (search for `Modal`, `SidePanel`, `TemplateGallery`).\n\nReport exact file paths with line numbers, exported component/hook names, and how registration works. Be thorough. Return a concise structured report. Do NOT modify any files.",
        "endedAt": "2026-09-30T03:41:18.796Z",
        "durationMs": 0,
        "result": "<task id=\"ses_f0f9be4bcffeJwOy2pCyBboizw\" state=\"completed\">\n<task_result>\nI now have a complete picture. Here is the structured report.\n\n---\n\n# Report: twenty-front Cmd+K command menu + create surfaces (for a \"Templates\" gallery command)\n\n## 0. Critical architecture finding (read first)\n\nThe APIs named in the request **do not exist in this repo** — the command menu was migrated to a server-metadata-driven **\"SidePanel\"** architecture:\n\n| Searched for | Status | Current equivalent |\n|---|---|---|\n| `CommandMenuPages` | **Not present** | `SidePanelPages` enum in `twenty-shared` |\n| `useCommandMenu` | **Not present** | `useSidePanelMenu` (`/modules/side-panel/hooks/useSidePanelMenu.ts`) |\n| `CommandMenuItemType` | **Not present** | `CommandMenuItemAvailabilityType`, `CommandMenuItemContainerType` (generated/twenty-front enums) |\n| `enqueueCommandMenuItem` | **Not present** | Command items are persisted metadata; execution is `useMountCommand` + engine-command components |\n| `commandMenuItems` | Present | Jotai selector over `metadataStoreState`, backed by GraphQL `commandMenuItems` query |\n\nSo Cmd+K (`meta+k`) toggles the side panel and renders its root page (`SidePanelPages.CommandMenuDisplay`); \"command menu\" and \"side panel\" are now the same surface.\n\n---\n\n## 1. Command menu / side panel registration\n\n### 1a. The page enum (the old `CommandMenuPages`)\n`packages/twenty-shared/src/types/SidePanelPages.ts:1`\n```ts\nexport enum SidePanelPages {\n  CommandMenuDisplay = 'command-menu-display',\n  ...\n  QuickCapture = 'quick-capture',   // line 47 – newest native command page\n}\n```\n`PurposeBuiltSidePanelPage` / `ActiveSidePanelPage` derived in `packages/twenty-front/src/modules/side-panel/types/SidePanelPage.ts:8-15`.\n\n### 1b. Page component registry\n`packages/twenty-front/src/modules/side-panel/constants/SidePanelPagesConfig.tsx:42`\n```ts\nexport const SIDE_PANEL_PAGES_CONFIG = new Map<ActiveSidePanelPage, React.ReactNode>([\n  [SidePanelPages.CommandMenuDisplay, <SidePanelCommandMenuItemDisplayPage />], // line 46\n  [SidePanelPages.CreateRelatedRecord, <SidePanelCreateRelatedRecordPage />],    // line 102\n  [SidePanelPages.QuickCapture, <QuickCaptureSidePanelPage />],                 // line 113\n  ...\n]);\n```\nConsumed at `packages/twenty-front/src/modules/side-panel/components/SidePanelRouter.tsx:61-71` (`.get(sidePanelPage)`), wrapped in `CommandMenuContextProvider` at lines 127-134.\nPages belonging to the Cmd+K stack: `packages/twenty-front/src/modules/side-panel/constants/CommandMenuSidePanelPages.ts:3` (`COMMAND_MENU_SIDE_PANEL_PAGES`).\n\n### 1c. Where the list of commands is built\n`packages/twenty-front/src/modules/command-menu-item/display/components/SidePanelCommandMenuItemDisplayPage.tsx:26` (`SidePanelCommandMenuItemDisplayPage`)\n- Pulls `commandMenuItems` from context (line 32), groups pinned/other via `groupCommandMenuItems` (line 53), filters by search via `useFilterCommandMenuItemsWithSidePanelSearch` (line 46).\n- Renders a mix of three kinds inside `SidePanelGroup`/`SidePanelList`:\n  1. **Metadata-driven items** → `<CommandMenuItemRenderer item=.../>` (lines 144, 154, 184)\n  2. **Hard-coded native commands** → `<QuickCaptureCommand />` (line 156), `<CoreObjectsCommands />` (line 178), plus `appActions` (lines 157-177)\n  3. Fallback group (line 181-187)\n\n### 1d. Metadata-driven command item pipeline (the main mechanism)\n- GraphQL query: `packages/twenty-front/src/modules/command-menu-item/graphql/queries/findManyCommandMenuItems.ts:4` (`FIND_MANY_COMMAND_MENU_ITEMS`, query `commandMenuItems`).\n- Fragment: `.../graphql/fragments/commandMenuItemFragment.ts:3` (`CommandMenuItemFields`: `engineComponentKey`, `frontComponentId`, `label`, `icon`, `position`, `isPinned`, `availabilityType`, `hotKeys`, `payload { path }`, …).\n- Selector: `.../states/commandMenuItemsSelector.ts:8` (`commandMenuItemsSelector`, reads `metadataStoreState` `commandMenuItems` + joins `frontComponents`).\n- React context: `.../contexts/CommandMenuContext.ts` + `CommandMenuContextProviderContent.tsx`; display type/container via `CommandMenuItemContainerType` (`.../types/CommandMenuItemContainerType.ts:1`).\n- Click/execution: `.../hooks/useCommandMenuItemClick.ts:17` — decides between engine command / headless front-component / front-component side panel, then calls `mountCommand(...)` (line 76) or `openFrontComponentInSidePanel(...)` (line 107).\n- Mounting: `.../engine-command/hooks/useMountCommand.ts:27` (`useMountCommand`), rendered by `.../engine-command/components/CommandRunner.tsx:9`.\n- **Engine key → component map**: `.../engine-command/constants/EngineComponentKeyHeadlessComponentMap.tsx:59` (`ENGINE_COMPONENT_KEY_COMPONENT_MAP`). Examples: `CREATE_NEW_RECORD` (line 63), `SEARCH_RECORDS` (line 198), `ASK_AI` (line 213). Keys come from generated GraphQL enum `~/generated-metadata/graphql`, mirrored server-side in `packages/twenty-server/src/engine/metadata-modules/command-menu-item/enums/engine-component-key.enum.ts`.\n\n### 1e. Hard-coded native commands (best template for a new gallery command)\n- `packages/twenty-front/src/modules/quick-capture/components/QuickCaptureCommand.tsx:10` + `.../quick-capture/hooks/useQuickCaptureCommand.ts:6` (`QUICK_CAPTURE_COMMAND_ID = 'quick-capture'`) — the cleanest end-to-end example: a stable id, a search-aware visibility hook, a `CommandMenuItem`, and an opener hook.\n- `packages/twenty-front/src/modules/object-core/commands/components/CoreObjectsCommands.tsx:9` + `.../hooks/useCoreObjectsCommands.ts:15`.\n- `packages/twenty-front/src/modules/command-menu-item/display/hooks/useCommandMenuAppActions.ts:16` (`useCommandMenuAppActions`) — locally composed actions (theme, copy link) filtered by search.\n\n### 1f. Opening a page/modal from a command\n- `packages/twenty-front/src/modules/side-panel/hooks/useNavigateSidePanel.ts:21` (`useNavigateSidePanel` → `navigateSidePanel({ page, pageTitle, pageIcon, pageId?, resetNavigationStack?, focusTitleInput? })`).\n- `packages/twenty-front/src/modules/command-menu-item/engine-command/components/HeadlessOpenSidePanelPageEngineCommand.tsx:10` — generic engine command that navigates to any `PurposeBuiltSidePanelPage`.\n- `packages/twenty-front/src/modules/side-panel/hooks/useSidePanelMenu.ts:22` (`useSidePanelMenu` → `openSidePanelMenu`, `closeSidePanelMenu`, `navigateSidePanelMenu`, `toggleSidePanelMenu`).\n- `packages/twenty-front/src/modules/side-panel/hooks/useOpenCreateRelatedRecordInSidePanel.ts:11` — pattern of setting a component-scoped state then navigating with a page id.\n- Cmd+K mount/hotkeys: `packages/twenty-front/src/modules/ui/layout/page/components/MainAppLayoutWithSidePanel.tsx:47-50` and `packages/twenty-front/src/modules/command-menu/hooks/useCommandMenuHotKeys.ts:11-30` (`meta+k`/`ctrl+k` → `toggleSidePanelMenu`).\n- Container: `packages/twenty-front/src/modules/command-menu/components/CommandMenuOpenContainer.tsx:44`.\n\n### 1g. Server-side registration (if the command must be a metadata item)\n- Enum: `packages/twenty-server/src/engine/metadata-modules/command-menu-item/enums/engine-component-key.enum.ts` (e.g. `CREATE_NEW_RECORD = 'CREATE_NEW_RECORD'`, line 6).\n- Standard definitions table: `packages/twenty-server/src/engine/workspace-manager/twenty-standard-application/constants/standard-command-menu-item.constant.ts` (`STANDARD_COMMAND_MENU_ITEMS`, entries have `universalIdentifier`, `label: i18nLabel(...)`, `engineComponentKey`, `availabilityType` — e.g. lines 50-71 for `CREATE_NEW_RECORD`).\n- Materialization: `.../utils/command-menu-item/create-standard-command-menu-item-flat-metadata.util.ts:10`.\n- Mock for front tests: `packages/twenty-front/src/modules/command-menu-item/mock/command-menu-items.mock.tsx:7` (`createMockCommandMenuItems`).\n\n---\n\n## 2. \"New\" / create surfaces\n\n### 2a. Core mutation hook\n- `packages/twenty-front/src/modules/object-record/hooks/useCreateOneRecord.ts:42` (`useCreateOneRecord`, returns `{ createOneRecord, loading }`); mutation hook at `useCreateOneRecordMutation.ts`; cache at `cache/hooks/useCreateOneRecordInCache.ts`.\n- Permissions gate: `packages/twenty-front/src/modules/object-record/utils/canCreateRecordsForObjectMetadataItem.ts`.\n\n### 2b. Record-index \"New\" flow\n- `packages/twenty-front/src/modules/object-record/record-table/hooks/useCreateNewIndexRecord.ts:32` (`useCreateNewIndexRecord`) — creates with optional `position: 'first'|'last'`, group/filter defaults, then opens the record (side panel or full page).\n- Cmd+K create command: `packages/twenty-front/src/modules/command-menu-item/engine-command/record/no-selection/components/CreateNewIndexRecordNoSelectionRecordCommand.tsx:6` → calls `createNewIndexRecord({ position: 'first' })`.\n- Empty state button: `packages/twenty-front/src/modules/object-record/record-index/components/RecordIndexEmptyState.tsx:26` (`RecordIndexEmptyState`, \"Add a {label}\" → `createNewIndexRecord()` at line 65).\n- Inline add rows: `packages/twenty-front/src/modules/object-record/record-list/components/RecordListAddNew.tsx:39` (`RecordListAddNew`), `record-table/record-table-section/components/RecordTableRecordGroupSectionAddNew.tsx`, `record-board/record-board-column/components/RecordBoardColumnNewRecordButton.tsx`, `record-calendar/components/RecordCalendarAddNew.tsx`, `record-table/record-table-header/components/RecordTableHeaderLabelIdentifierCellPlusButton.tsx`.\n- Header/entry: `packages/twenty-front/src/modules/object-record/record-index/components/RecordIndexPageHeader.tsx` (+ `RecordIndexContainerGater.tsx`).\n\n### 2c. Non-record-index create surfaces\n- `packages/twenty-front/src/modules/activities/hooks/useOpenCreateActivityDrawer.ts:18` (`useOpenCreateActivityDrawer`) — creates Note/Task and opens it in side panel; \"drawer\" is now a side-panel navigation, not a modal.\n- Related-record create: `packages/twenty-front/src/modules/side-panel/pages/create-related-record/components/SidePanelCreateRelatedRecordPage.tsx:70` + opener `.../side-panel/hooks/useOpenCreateRelatedRecordInSidePanel.ts:11`.\n- Object options / view create: `record-table/record-table-section/components/RecordTableRecordGroupAddNewGroup.tsx`, `views/view-picker/components/ViewPickerCreateButton.tsx`.\n- Note: there is **no** `CreateRecordButton` or `ObjectRecordCreate` component; the old `AddRecordDropdown`-style surface has been replaced by the inline \"+\" rows and the Cmd+K `CREATE_NEW_RECORD` command.\n\n---\n\n## 3. `a2e-workspace` module — inventory & summary\n\nPath root: `packages/twenty-front/src/modules/a2e-workspace/`\n\n**Components**\n- `components/A2eWorkspaceTemplatePicker.tsx:69` — grid of workspace templates (cards), selects one and renders the preview. Props `{ options, onApplied? }`. Reused by both onboarding and Settings (parity-tested).\n- `components/A2eWorkspaceTemplatePreview.tsx:284` — full preview/apply panel: per-app install resolution, optional-app checkboxes, navigation changes, sample content, step-by-step apply status, distinct failure panels. Uses `useWorkspaceTemplatePreview` + `useApplyWorkspaceTemplateOperation`.\n- `components/SettingsA2eWorkspaceTemplateSection.tsx:7` — Settings `<Section>` wrapper around the picker.\n- `components/A2eSuiteApplicationCard.tsx:54` — marketplace card with Install button/readiness.\n- `components/SettingsA2eSuiteSection.tsx:22` — Settings section listing installed A2E apps + available catalog cards.\n- Tests: `components/__tests__/A2eWorkspaceTemplatePicker.test.tsx`, `A2eWorkspaceTemplatePreview.test.tsx`, `__tests__/entrypoint-parity.test.tsx`.\n\n**Constants**\n- `constants/A2eWorkspaceTemplates.ts:36` — `A2E_WORKSPACE_TEMPLATE_OPTIONS` (CRM, INDIVIDUAL, STUDENT, TEAM, NON_PROFIT, SMALL_BUSINESS) with `{ value, label, description, Icon }`.\n- `constants/A2eSuiteApplicationUniversalIdentifiers.ts:5` — universal ids for a2e-documents, a2e-accounting, a2e-projects, a2e-chat, a2e-drive, a2e-crm.\n- `constants/A2eSuiteApplicationGroupHeadings.ts:6` — maps a2e-projects universal id → `'Bureau'`; consumed in `side-panel/pages/search/hooks/useAppSearchResultItems.ts:76` to relabel Cmd+K app-provider result groups. **Directly relevant to gallery/command grouping.**\n- Tests: `constants/__tests__/*`.\n\n**Hooks**\n- `hooks/useA2eSuiteApplications.ts:15` — installed vs available A2E apps.\n- `hooks/useApplyWorkspaceTemplate.ts:22` — simple legacy apply mutation.\n- `hooks/useApplyWorkspaceTemplateOperation.ts:41` — idempotent operation-based apply (idempotency key per hook instance), returns `{ applyTemplateOperation, resetOperation, operationResult, operationErrorCode, idempotencyKey, isLoading }`.\n- `hooks/useWorkspaceTemplatePreview.ts:15` — preview query, skips until a template is selected.\n- Tests under `hooks/__tests__/`.\n\n**GraphQL** — `graphql/queries/workspaceTemplatePreview.ts`, `graphql/mutations/applyWorkspaceTemplate.ts`, `graphql/mutations/applyWorkspaceTemplateOperation.ts`.\n\n**Types** — `types/apply-template-operation.types.ts` (`ApplyTemplateResult`, `TemplatePreview`, `ApplyTemplateStep`, `ApplyTemplateErrorCode`, …).\n\n**Utils** — `utils/getApplyTemplateResultOutcome.ts`, `utils/resolveTemplatePreview.ts`, `utils/getWorkspaceTemplateSetupErrorCode.ts` (+ tests).\n\nThere is **no gallery** (`TemplateGallery` does not exist anywhere in the repo) and no a2e-specific side-panel page yet. The closest \"gallery\" primitives are the template **picker grid** above.\n\n---\n\n## 4. Existing modal / panel hosts that could host a gallery\n\n- **Side panel page (recommended, matches Cmd+K):** add a component to `SIDE_PANEL_PAGES_CONFIG` (`SidePanelPagesConfig.tsx:42`). List scaffolding: `packages/twenty-front/src/modules/side-panel/components/SidePanelList.tsx` and `SidePanelGroup.tsx` (used by `SidePanelCommandMenuItemDisplayPage` and `SidePanelCreateRelatedRecordPage`).\n- **Generic modal:** `packages/twenty-ui/src/surfaces/Modal/Modal.tsx` + `ModalContent`/`ModalHeader`/`ModalFooter`/`ModalBackdrop`; state hook `packages/twenty-front/src/modules/ui/layout/modal/hooks/useModal.tsx:10` (`useModal` → `openModal`/`closeModal`/`toggleModal` by instance id). Confirmation variant: `.../ui/layout/modal/components/ConfirmationModal.tsx`.\n- **Full-screen overlay:** `packages/twenty-front/src/modules/ui/layout/fullscreen/components/FullScreenModal.tsx:54` + `.../hooks/useFullScreenModal.tsx`.\n- **Existing gallery implementations to copy:**\n  - `packages/twenty-front/src/modules/settings/applications/components/SettingsApplicationScreenshotGallery.tsx:70` (`SettingsApplicationScreenshotGallery`) — main image + thumbnail strip.\n  - `packages/twenty-front/src/modules/drive/components/DriveFileGallery.tsx:117` (`DriveFileGallery`).\n  - Card grid pattern: `A2eWorkspaceTemplatePicker.tsx:9` (`StyledGrid`) and `SettingsA2eSuiteSection.tsx:12` (`StyledCardsGrid`).\n\n---\n\n## 5. Suggested integration points for a \"Templates\" gallery command\n\n**Option A — native front-end command (smallest, no server migration):**\n1. Add `SidePanelPages.TemplatesGallery = 'templates-gallery'` in `packages/twenty-shared/src/types/SidePanelPages.ts` (after line 47; it auto-enters `PurposeBuiltSidePanelPage`).\n2. Create `SidePanelTemplatesGalleryPage` and register it in `SidePanelPagesConfig.tsx:42`.\n3. Add a command entry beside `QuickCaptureCommand`/`CoreObjectsCommands` in `SidePanelCommandMenuItemDisplayPage.tsx` (e.g. clone the `QuickCaptureCommand` + `useQuickCaptureCommand` pattern), and add its id to `selectableItemIds` (lines 125-134).\n4. Open it with `useNavigateSidePanel`/`useSidePanelMenu` (`navigateSidePanel({ page: SidePanelPages.TemplatesGallery, pageTitle, pageIcon })`).\n5. Reuse `A2eWorkspaceTemplatePicker`/`A2eWorkspaceTemplatePreview` as the gallery content.\n\n**Option B — metadata/server command:**\n1. Add `TEMPLATES_GALLERY` to `packages/twenty-server/.../command-menu-item/enums/engine-component-key.enum.ts`.\n2. Define it in `standard-command-menu-item.constant.ts`.\n3. Map the key in `EngineComponentKeyHeadlessComponentMap.tsx:59` to `<HeadlessOpenSidePanelPageEngineCommand page={SidePanelPages.TemplatesGallery} …/>` (same shape as `SEARCH_RECORDS`, lines 198-205).\n4. Regenerate GraphQL types (`npx nx run twenty-front:graphql:generate`) and add a DB migration/upgrade command if the standard constant changes (per `AGENTS.md` Gotchas).\n\nNo files were modified.\n</task_result>\n</task>"
      },
      "children": []
    }
  ],
  "stats": {
    "totalSubagents": 3,
    "byType": {
      "explore": 3
    },
    "totalDurationMs": 1,
    "failureCount": 2,
    "maxDepth": 1
  }
}