# Iteration 29 Log

## Metadata

- **Task ID**: US-125
- **Task Title**: M11a-spike: universal link picker & 'Related' panel — pattern decision (report-only)
- **Description**: As a maintainer, I need the cross-app linking pattern decided before any link picker is built so that M11a does not fork a parallel linking system. Starting state: not started; cross-app links today e...
- **Status**: completed
- **Task Completed**: Yes
- **Promise Detected**: Yes
- **Started At**: 2026-09-30T21:15:14.803Z
- **Ended At**: 2026-09-30T21:26:29.810Z
- **Duration**: 11m 15s
- **Agent**: opencode
- **Model**: opencode-go/deepseek-v4.1-flash
- **Sandbox Mode**: auto
- **Sandbox Network**: Enabled
--- RAW OUTPUT ---
I'll start with the mandatory clean-start check and task confirmation.
[94m[bash][0m $ git status --porcelain && echo "---HEAD---" && git rev-parse HEAD
[94m[bash][0m $ grep -n "US-125" PLAN.md
[94m[bash][0m $ ls docs/plan/phases/
[94m[bash][0m $ grep -rn "M11a\|US-125" PLAN.md tasks/prd.json 2>/dev/null | head -50
[94m[bash][0m $ grep -rn "L-LINK\|link picker\|Related.*widget\|universal link" PLAN.md docs/plan/ 2>/dev/null | hea...
[94m[read][0m /Users/maxaubert/Projets/A2E Suite/PLAN.md
[94m[read][0m /Users/maxaubert/Projets/A2E Suite/tasks/prd.json
[94m[bash][0m $ grep -rn "US-125\|M11a" docs/plan/phases/ .ralph-tui/progress.md 2>/dev/null | head -30
[94m[bash][0m $ grep -rln "P4.3\|project-doc-relation\|relation-spike\|morph" docs/ 2>/dev/null | head -20
[94m[bash][0m $ grep -rn "P4.3\|project-doc-relation-spike\|morph" docs/plan/03-integration-blueprint.md | head -30
[94m[bash][0m $ grep -n "P4.3\|relation-spike\|morph\|project-doc-relation\|P4.3-project-doc" docs/plan/phases/phase...
[94m[todowrite][0m
[94m[read][0m /Users/maxaubert/Projets/A2E Suite/docs/plan/phases/phase-04-report.md
[94m[bash][0m $ test -f docs/scripts/check-docs.mjs && echo CHECK_EXISTS || echo CHECK_MISSING
[94m[bash][0m $ date -u +"%Y-%m-%dT%H:%M:%SZ"
[94m[read][0m /Users/maxaubert/Projets/A2E Suite/docs/plan/phases/phase-13-report.md
[94m[write][0m "# Phase 15 report — M11 interconnected suite (L-LINK)

CLAIMED — US-125/m11a-universal-link-spike — deepseek-v4.1-flash — 2026-09-30T21:15:47Z — base 1a5ec7a9a04faafcabdebc3869df5ad72b5430e2
"
[94m[read][0m /Users/maxaubert/Projets/A2E Suite/docs/plan/phases/phase-15-report.md
[94m[todowrite][0m
[94m[task][0m Research Related widget surface
[94m[task][0m Research search federation P2.5
[94m[task][0m Research native morph primitives
[94m[read][0m
[94m[read][0m /Users/maxaubert/Projets/A2E Suite/packages/twenty-shared/src/types/page-layout/WidgetType.ts
[94m[read][0m /Users/maxaubert/Projets/A2E Suite/packages/twenty-shared/src/application/pageLayoutManifestType.ts
Let me verify the most load-bearing claims directly in the code.
[94m[read][0m /Users/maxaubert/Projets/A2E Suite/packages/twenty-server/src/engine/core-modules/search/dtos/app-search-record.dto.ts
[94m[read][0m /Users/maxaubert/Projets/A2E Suite/packages/twenty-server/src/engine/core-modules/search/dtos/search-record.dto.ts
[94m[read][0m /Users/maxaubert/Projets/A2E Suite/packages/twenty-shared/src/application/enums/syncable-entities.enum.ts
[94m[read][0m
[94m[read][0m /Users/maxaubert/Projets/A2E Suite/packages/twenty-front/src/modules/object-record/hooks/useObjectRecordSearchRecords.ts
[94m[read][0m
[94m[read][0m /Users/maxaubert/Projets/A2E Suite/packages/twenty-apps/internal/a2e-documents/src/page-layouts/document.page-layout.ts
[94m[read][0m /Users/maxaubert/Projets/A2E Suite/packages/twenty-front/src/modules/blocknote-editor/components/LinkToRecordPicker.tsx
[94m[read][0m /Users/maxaubert/Projets/A2E Suite/packages/twenty-server/src/engine/core-modules/search/search.resolver.ts
[94m[bash][0m $ grep -rni "a2eLink\|a2e-link\|linkPicker\|universal link\|related panel\|link junction" --include=*....
[94m[bash][0m $ ls packages/twenty-apps/internal/ && echo "---" && ls packages/twenty-apps/public/ 2>/dev/null
[94m[grep][0m [95mdocs[0m pattern: [96mM11a|link picker|Related[0m
[94m[grep][0m [95mpackages/twenty-apps[0m pattern: [96ma2eLink|a2e-link|linkPicker|universal link|link junction|Related panel[0m
[94m[grep][0m [95mpackages/twenty-front/src[0m pattern: [96mapplicationUniversalIdentifiers|installOnboardingApps|Persona[0m
[94m[grep][0m [95mpackages/twenty-server/src[0m pattern: [96mWORKSPACE_TEMPLATE_DEFINITIONS|starterBundleContents|applicationUniversalIdentifiers[0m
[94m[read][0m
[94m[read][0m
[94m[read][0m
[94m[bash][0m $ rg -n "fieldName: '" packages/twenty-server/src/engine/workspace-manager/twenty-standard-application...
[94m[bash][0m $ ls packages/twenty-front/src/modules/page-layout/widgets/
[94m[bash][0m $ ls packages/twenty-front/src/modules/page-layout/widgets/files/ && ls packages/twenty-front/src/modu...
[94m[grep][0m [95mpackages/twenty-server/src/engine/workspace-manager/twenty-standard-application/utils/field-metadata/compute-attachment-standard-flat-field-metadata.util.ts[0m pattern: [96mfieldName: '(file|name|fullPath|label)'[0m
[94m[read][0m /Users/maxaubert/Projets/A2E Suite/packages/twenty-front/src/modules/page-layout/widgets/files/FileWidget.tsx
[94m[read][0m
[94m[bash][0m $ ls packages/twenty-front/src/modules/page-layout/widgets/files/components/
[94m[grep][0m [95mpackages/twenty-front/src/modules/page-layout/widgets/files/components[0m pattern: [96mrecordId|attachments|files|mimeType|recordPicker[0m
[94m[read][0m /Users/maxaubert/Projets/A2E Suite/PLAN.md
[94m[read][0m /Users/maxaubert/Projets/A2E Suite/PLAN.md
[94m[bash][0m $ grep -rn "isMorphRelation" packages/twenty-front/src/modules/object-record/record-field/ui/utils/jun...
[94m[bash][0m $ grep -rn "resolveReverseJunctionConfig\|export const resolveJunctionConfig\|export const getJunction...
[94m[bash][0m $ head -60 docs/scripts/check-docs.mjs
[94m[read][0m /Users/maxaubert/Projets/A2E Suite/docs/scripts/check-docs.mjs
[94m[bash][0m $ grep -rn "DEFAULT_RELATIONS_OBJECTS_STANDARD_IDS =" packages/twenty-shared/src/metadata/constants/de...
[94m[bash][0m $ grep -rn "targetTask\|targetNote\|FieldMetadataType.MORPH_RELATION" packages/twenty-server/src/engin...
[94m[bash][0m $ grep -rln "computeCrossAppDependents" packages/twenty-server/src | head
[94m[bash][0m $ grep -n "computeCrossAppDependents\|assertUninstallAllowed" packages/twenty-server/src/engine/core-m...
[94m[bash][0m $ grep -rn "STANDARD_OBJECTS.attachment\|targetMorphId" packages/twenty-shared/src/metadata/constants/...
I have all the evidence. Now writing the spike report with the pattern decision.
[94m[read][0m /Users/maxaubert/Projets/A2E Suite/docs/plan/phases/phase-15-report.md
[94m[edit][0m /Users/maxaubert/Projets/A2E Suite/docs/plan/phases/phase-15-report.md
[94m[bash][0m $ echo "EXIT=$?"
[94m[bash][0m $ git status --porcelain
[94m[bash][0m $ tail -30 .ralph-tui/progress.md
[94m[read][0m /Users/maxaubert/Projets/A2E Suite/.ralph-tui/progress.md
[94m[read][0m /Users/maxaubert/Projets/A2E Suite/.ralph-tui/progress.md
[94m[edit][0m /Users/maxaubert/Projets/A2E Suite/.ralph-tui/progress.md
[94m[read][0m /Users/maxaubert/Projets/A2E Suite/docs/plan/phases/phase-15-report.md
[94m[bash][0m $ node docs/scripts/check-docs.mjs && git status --porcelain && git rev-parse HEAD
[94m[edit][0m /Users/maxaubert/Projets/A2E Suite/docs/plan/phases/phase-15-report.md
[94m[todowrite][0m
US-125 spike complete. Decision recorded in `docs/plan/phases/phase-15-report.md`, progress appended to `.ralph-tui/progress.md`.

**Decision D-M11A-LINK:** app-owned `a2eLink` junction with morph targets, owned by a new internal `a2e-links` app, reusing the native `MORPH_RELATION` primitive. Consumer owns both sides (per P4.3); providers install first; C3 preflight already blocks their removal; backlinks read the persisted inverse relation; M8d mention-backlinks should share the same junction. Search reuse = core `search` via `useObjectRecordSearchRecords` + existing `SingleRecordPicker`; Related surface = app `FRONT_COMPONENT` widget in an app-declared standalone tab. `attachment` reuse, discriminator-pair, and host-owned holder rejected (host holder recorded as fallback).

`node docs/scripts/check-docs.mjs` → PASS. No product code/metadata touched.

<promise>COMPLETE</promise>

--- SUBAGENT TRACE ---
{
  "events": [
    {
      "id": "subagent_1790803170115_ugn75uy",
      "type": "spawn",
      "timestamp": "2026-09-30T21:19:30.115Z",
      "agentType": "explore",
      "description": "Research Related widget surface",
      "prompt": "You are researching the Twenty/A2E codebase at /Users/maxaubert/Projets/A2E Suite. Read-only research task — do not modify anything. I need an evidence-based report on the \"Related\" widget surface options and the M8d backlink precedent.\n\nFind and report:\n1. Page-layout widget system: the widget types available (packages/twenty-front/src/modules/page-layout/... — enums like `WidgetType`, `WidgetConfigurationType`, record-table/widget renderers). What widget types exist (TABLE/KANBAN/LIST/CALENDAR/FILES/NOTES/RELATION/etc.)? Can an app-owned/custom widget be added, or must one of the built-in widget types be used? Cite the `RecordTableWidgetRendererContent` dispatch and the widget type enums.\n2. The native relation/related-list widget: how does a record page show related records from a relation field today? Find the `FIELD`/`RELATION` widget or `FieldWidget` that renders a one-to-many relation as a table. Cite it.\n3. M8d \"backlinks\" — grep for `backlink`, `Backlink`, `back-link`, and any document backlink feature (likely in packages/twenty-front/src/modules/blocknote-editor or a2e-documents app). What is M8d exactly per PLAN.md? Search PLAN.md for M8d. What UI/component currently renders backlinks, if any?\n4. App front components: can an internal app register a page-layout widget, or only front components/tabs? Look at packages/twenty-apps/internal/* for `front-components` and any page-layout/widget registration in application configs. Report what surfaces an app can own (page layout tab, widget, front component).\n5. The `PageLayoutWidget` entity/object: is `widget` a standard object that apps can create records for, or is it host-only? Cite the object definition.\n\nReturn a structured report: the available widget surfaces, whether the \"Related\" panel should be a page-layout widget vs an app front component, with file:line citations and constraints. Be specific and quote real symbols. Do NOT write code."
    },
    {
      "id": "subagent_1790803170115_ugn75uy",
      "type": "complete",
      "timestamp": "2026-09-30T21:19:30.115Z",
      "agentType": "explore",
      "description": "Research Related widget surface",
      "exitStatus": "success",
      "durationMs": 0,
      "result": "<task id=\"ses_f0bd32f72ffeo433MaGC9oz5Pj\" state=\"completed\">\n<task_result>\nI have gathered comprehensive evidence. Here is the structured report.\n\n---\n\n# Evidence-Based Report: \"Related\" Widget Surface Options & M8d Backlink Precedent\n\nRoot: `/Users/maxaubert/Projets/A2E Suite`. All citations are `file:line`. Research is read-only; nothing was modified.\n\n---\n\n## 1. Page-layout widget system\n\n### 1a. The widget type enum is a closed, server-owned union — no RELATION/KANBAN/LIST types\n\n`packages/twenty-shared/src/types/page-layout/WidgetType.ts:1-27` defines the canonical enum:\n\n```\nVIEW, IFRAME, FIELD, FIELDS, GRAPH, STANDALONE_RICH_TEXT, TIMELINE, TASKS, NOTES,\nFILES, EMAILS, CALENDAR, FIELD_RICH_TEXT, WORKFLOW, WORKFLOW_VERSION, WORKFLOW_RUN,\nFRONT_COMPONENT, RECORD_TABLE, EMAIL_THREAD, CALL_RECORDING_SUMMARY,\nCALL_RECORDING_TRANSCRIPT, MESSAGE_CAMPAIGN_BODY, MESSAGE_CAMPAIGN_DETAILS,\nFORM_FIELD, DISCUSSIONS\n```\n\nImportant: there is **no `RELATION`, `KANBAN`, `LIST`, `GALLERY`, or custom widget type**. `KANBAN/LIST/CALENDAR/TABLE` are *view layouts* rendered inside a `RECORD_TABLE` (or `VIEW`) widget, not widget types. There is no `FORM_FIELD`-vs-`RELATION` relation widget; relation display is a *display mode* of `FIELD` (see §2).\n\nThe server mirrors it exactly in `packages/twenty-server/src/engine/metadata-modules/page-layout-widget/enums/widget-configuration-type.type.ts:7-36` (`WidgetConfigurationType`). The generated GraphQL `WidgetConfigurationType` union is frozen at `packages/twenty-client-sdk/src/metadata/generated/schema.ts:768`.\n\nThe configuration payload union is `packages/twenty-shared/src/types/page-layout/page-layout-widget-configuration.type.ts:206-234` (`PageLayoutWidgetConfiguration`), with `FieldConfiguration` at `:100-109` and `FrontComponentConfiguration` at `:140-144`.\n\n### 1b. The renderer dispatch\n\nTwo dispatch layers:\n\n**Top-level widget dispatch** — `packages/twenty-front/src/modules/page-layout/widgets/components/WidgetContentRenderer.tsx:29-102`. A `switch (widget.type)` maps every `WidgetType` to a renderer, including:\n- `case WidgetType.FIELD: return <FieldWidget .../>` (`:39-40`)\n- `case WidgetType.RECORD_TABLE: return <RecordTableWidgetRenderer .../>` (`:81-82`)\n- `case WidgetType.FRONT_COMPONENT: return <FrontComponentWidgetRenderer .../>` (`:78-79`)\n- `default: return null` (`:99-100`)\n\n**View-layout dispatch inside RECORD_TABLE/FIELD-table** — `packages/twenty-front/src/modules/page-layout/widgets/record-table/components/RecordTableWidgetRendererContent.tsx:84-96`:\n\n```ts\nconst renderWidgetForLayout = {\n  [ViewType.TABLE]:   () => <RecordTableWidget .../>,\n  [ViewType.KANBAN]:  () => <RecordBoardWidget .../>,\n  [ViewType.LIST]:    () => <RecordListWidget />,\n  [ViewType.CALENDAR]:() => <RecordCalendarWidget .../>,\n} satisfies Record<RecordTableWidgetLayout, () => ReactNode>;\n```\n\nThe keyed object (rather than a chain) is a deliberate compile-time exhaustiveness guard (`:82-83`).\n\n### 1c. Can an app-owned/custom widget be added?\n\n**No new widget type.** The server enum is authority: the entity column types on `WidgetType` (`page-layout-widget.entity.ts:72-78`), the field-type validator whitelist (`flat-page-layout-widget-type-validator.service.ts:55-186`), and the app manifest converter cast `type: pageLayoutWidgetManifest.type as WidgetType` (`from-page-layout-widget-manifest-to-universal-flat-page-layout-widget.util.ts:84`). An app manifest that names an unknown type is cast, not validated to a new behavior; nothing in the front dispatcher would render it.\n\n**The one app-authored widget surface is `FRONT_COMPONENT`.** It is a built-in `WidgetType` whose configuration points at an app-owned front component (`FrontComponentConfiguration`, `page-layout-widget-configuration.type.ts:140-144`) and is rendered by `FrontComponentWidgetRenderer` (`packages/twenty-front/src/modules/page-layout/widgets/front-component/components/FrontComponentWidgetRenderer.tsx:37-71`), which lazily loads `@/front-components/components/FrontComponentRenderer` and passes `selectedRecordIds` from `targetRecordIdentifier` (`:54-56, :64-68`).\n\n---\n\n## 2. The native relation / related-list widget\n\nThere is **no `RELATION` widget**; a one-to-many relation is rendered by the **`FIELD` widget** (`type: 'FIELD'`) using its `fieldDisplayMode`. `FieldConfiguration` is at `page-layout-widget-configuration.type.ts:100-109`:\n\n```ts\nexport type FieldConfiguration = {\n  configurationType: 'FIELD';\n  fieldMetadataId: string;\n  fieldDisplayMode: 'CARD' | 'EDITOR' | 'FIELD' | 'VIEW' | 'TABLE';\n  viewId?: string;\n  nestedRelationFieldMetadataId?: string | null;\n  isUIEditable?: boolean;\n};\n```\n\n`FieldDisplayMode` values are confirmed at `packages/twenty-front/src/generated-metadata/graphql.ts:2020-2026`.\n\n`FieldWidget` (`packages/twenty-front/src/modules/page-layout/widgets/field/components/FieldWidget.tsx`) is the dispatcher:\n- Relation branch: `if (isFieldRelation(fieldDefinition)) { ... }` (`:128`)\n- **`FieldDisplayMode.TABLE` → `FieldWidgetRelationTable`** (`:184-190` for plain relations; `:155-163` for junction relations)\n- `CARD` → `FieldWidgetRelationCard` / `FieldWidgetJunctionRelationCard` (`:144-152, :174-182`)\n- default → `FieldWidgetRelationField` (record chips) (`:193-199`)\n\n`FieldWidgetRelationTable` is the \"related records as a table\" renderer: `packages/twenty-front/src/modules/page-layout/widgets/field/components/FieldWidgetRelationTable.tsx:44-261`. It computes the relation target object (`:68-136`), builds a `filterCurrentRecord` from the page record (`:208-230`), and delegates to the shared table:\n\n```tsx\n<RecordTableWidgetRendererContent\n  objectMetadataId={tableObjectMetadataId}\n  viewId={viewId}\n  widgetId={widget.id}\n  ...\n/>\n```\n(`:248-257`). Default is editable on record pages (`:60-63`).\n\nSo today a record page lists related records from **a declared relation field** via `FIELD` + `TABLE`; `FieldWidgetRelationField` renders the compact chip list for `FIELD`/default modes (`FieldWidgetRelationField.tsx:13-43`). Other relation-shaped built-ins read a fixed native relation by widget type via `WidgetTypeToRelationFieldName` (`packages/twenty-front/src/modules/page-layout/constants/WidgetTypeToRelationFieldName.ts:3-15`: `TASKS→taskTargets`, `NOTES→noteTargets`, `FILES→attachments`, `TIMELINE→timelineActivities`, `DISCUSSIONS→discussions`, …) and `WidgetTypesRequiringRelationField` (`WidgetTypesRequiringRelationField.ts:7-13`).\n\nThere is no generic \"list everything that references me\" widget — that is what M8d/M11a must build.\n\n---\n\n## 3. M8d \"backlinks\" — what it is and what exists today\n\n### 3a. M8d is *planned only*; nothing is implemented\n\n`PLAN.md:316-318`:\n\n> **M8d — Backlinks & mentions panel.** \"Mentioned in\" section on document and on every record page (page-layout tab/widget) computed from mention nodes stored at save; no full-text scan at read.\n\nRelated: `PLAN.md:185` (G9 — editor has \"no page icon/cover/backlinks\"), `PLAN.md:189` (G13 — \"no generic 'link any record' / backlink panel\", fixed by M11a), `PLAN.md:404-409` (M11a — \"Record pages show a 'Related' widget listing links + backlinks (M8d)\"), `PLAN.md:428` (E14 acceptance: \"backlink visible on task\"), `PLAN.md:431` (E17).\n\n### 3b. No backlink UI/component currently exists\n\nRepo-wide searches for `backlink|Backlink|back-link|mentionedIn|Mentioned in|backLinks` return **only docs/plan prose** — no implementation:\n- No matches in `packages/twenty-apps/**` (search of the app tree).\n- No matches in `packages/twenty-front/src/modules/blocknote-editor`.\n- The only source-adjacent hit is an unrelated migration comment (`optimistically-apply-create-action...util.ts:56`).\n- User docs explicitly mark it unshipped: `packages/twenty-docs/user-guide/a2e-suite/working-across-apps.mdx:8-10,24-27` (\"The universal link picker and Related panel (M11a) are **not shipped yet**; linking today is per-pair\") and `:33` (\"Read the Related panel\" is listed under *Planned sections*).\n\nThe M11a spike deliverable is only *claimed*: `docs/plan/phases/phase-15-report.md:1-3` contains a single CLAIMED line, and `tasks/prd.json:503-518` (US-125) has `\"passes\": false`. US-125 scope explicitly defers the decision: `tasks/prd.json:510` — \"Decide the search-federation reuse point … and the **'Related' widget surface (page-layout widget vs front component)**\".\n\n### 3c. The data foundation that *does* exist: mention nodes are stored at save\n\n`MentionInlineContent` (`packages/twenty-front/src/modules/blocknote-editor/blocks/MentionInlineContent.tsx:84-104`) is a BlockNote inline content spec whose `propSchema` stores, per mention: `recordId`, `objectMetadataId`, `objectNameSingular`, `label`, `imageUrl` (`:87-103`). New notes store `objectNameSingular + label + imageUrl` directly (`:116-128`); legacy notes only `objectMetadataId + recordId` and resolve lazily (`:28-82, :130-136`). It is registered in the editor schema at `packages/twenty-front/src/modules/blocknote-editor/blocks/Schema.ts:33` (`mention: MentionInlineContent`).\n\nMentions are inserted by `LinkToRecordPicker` (`packages/twenty-front/src/modules/blocknote-editor/components/LinkToRecordPicker.tsx:72-84`), which writes a `mention` node with `recordId/objectMetadataId/objectNameSingular/label`. This is precisely the \"mention nodes stored at save\" that M8d says to compute backlinks from — but **nothing yet indexes or queries them for backlinks** (no denormalized junction/table, no \"Mentioned in\" query).\n\n---\n\n## 4. What surfaces can an internal app own?\n\n### 4a. Apps declare `pageLayouts` and `pageLayoutTabs`; widgets are **nested**, not independently syncable\n\nThe manifest types are `packages/twenty-shared/src/application/pageLayoutManifestType.ts:11-35`:\n- `PageLayoutWidgetManifest` (`:11-18`) — `type: \\`${WidgetType}\\`` + `configuration: PageLayoutWidgetUniversalConfiguration`\n- `PageLayoutTabManifest` (`:20-27`) — `widgets?: PageLayoutWidgetManifest[]`\n- `PageLayoutManifest` (`:29-35`) — `tabs?: PageLayoutTabManifest[]`\n\nThe server confirms widgets exist **only as children** of a tab: the widget descriptor's `getCandidates` walks `pageLayoutTabs[].widgets` and `pageLayouts[].tabs[].widgets` (`packages/twenty-server/src/engine/core-modules/application/application-manifest/utils/find-manifest-entity-descriptor-by-universal-identifier.util.ts:117-129`), and the converter requires a `pageLayoutTabUniversalIdentifier` plus `applicationUniversalIdentifier` (`from-page-layout-widget-manifest-to-universal-flat-page-layout-widget.util.ts:62-100`).\n\nCrucially, the **syncable entity enum has `PageLayout` and `PageLayoutTab` but no `PageLayoutWidget`** (`packages/twenty-shared/src/application/enums/syncable-entities.enum.ts:13-14`). So there is no top-level \"widget\" entity an app registers; it ships widgets as part of a layout/tab it declares.\n\n### 4b. The only app-code-backed widget type is `FRONT_COMPONENT`\n\nReal precedents in `packages/twenty-apps/internal/`:\n\n- **`a2e-documents`** declares its document record page with a `FRONT_COMPONENT` widget bound to the app's own `document-page` front component:\n  `packages/twenty-apps/internal/a2e-documents/src/page-layouts/document.page-layout.ts:37-45`:\n  ```ts\n  { title: 'Page', type: 'FRONT_COMPONENT',\n    configuration: { configurationType: 'FRONT_COMPONENT',\n                     frontComponentUniversalIdentifier: FRONT_COMPONENT_IDS.documentPage } }\n  ```\n  The component (`.../front-components/document-page.front-component.tsx:825-831`) already renders app-owned page chrome (breadcrumbs, icon/cover, outline, child pages) and reads the host-supplied record via `useSelectedRecordIds()` (`:275-279`). It uses `defineFrontComponent` and the `twenty-sdk/front-component` runtime.\n\n- **`a2e-chat`** takes the *additive* route: instead of overriding a whole record page, it declares a standalone tab on an existing standard page layout:\n  `packages/twenty-apps/internal/a2e-chat/src/page-layout-tabs/company-discussions.page-layout-tab.ts:15-35` — `pageLayoutUniversalIdentifier: STANDARD_PAGE_LAYOUT.companyRecordPage.universalIdentifier`, with a `DISCUSSIONS` widget. Its comment (`:10-14`) notes a standalone tab is \"additive) rather than shipping an app page layout, which would override every default company tab.\"\n\n- **`rich-app` fixture** shows the same nested pattern with a `FRONT_COMPONENT` and a `GRAPH` widget in a standalone tab (`packages/twenty-apps/fixtures/rich-app/src/page-layout-tabs/extra-tab.page-layout-tab.ts:16-39`).\n\n### 4c. Host UI for adding widgets (what a user/editor can insert)\n\n`SidePanelPageLayoutRecordPageWidgetTypeSelect.tsx:353-405` offers only: **Fields group** (`FIELDS`), **Field** (`FIELD`), **Note**, and a **Front Components** section populated from installed non-headless front components (`:142-155, :383-404`). A `FRONT_COMPONENT` widget is created with `type: WidgetType.FRONT_COMPONENT` and `configuration.frontComponentId` (`:298-312`). `RecordPageAddWidgetSection.tsx:77-108` mirrors `Fields group` / `Field` / `Note` / \"More widgets\". So the host itself treats an app front component as a first-class insertable widget.\n\n### 4d. Surfaces an app can own — summary\n\n| Surface | Ownable by app? | Evidence |\n|---|---|---|\n| Navigation item / command menu | Yes | `a2e-documents/src/navigation-menu-items/*`, `command-menu-items/*` |\n| Front component (headless or UI) | Yes | `defineFrontComponent` (`document-page...tsx:825`) |\n| Page layout (record page; **replaces** default) | Yes | `document.page-layout.ts:11-64`; warning in `document-generator/.../document-record.page-layout.ts:13-16` |\n| Page layout **tab** (additive on standard layout) | Yes | `company-discussions.page-layout-tab.ts:10-35` |\n| Widget **nested in** own tab/layout, type must be built-in | Yes | `pageLayoutManifestType.ts:20-25`; `syncable-entities.enum.ts:13-14` |\n| New/arbitrary widget **type** | No | `WidgetType.ts` closed enum; `page-layout-widget.entity.ts:72-78` |\n| App-code-backed widget payload | Yes, only via `FRONT_COMPONENT` | `FrontComponentWidgetRenderer.tsx:37-71` |\n\n---\n\n## 5. The `PageLayoutWidget` entity/object — host-owned metadata, not an app workspace object\n\nEntity: `packages/twenty-server/src/engine/metadata-modules/page-layout-widget/entities/page-layout-widget.entity.ts`\n- `@Entity({ name: 'pageLayoutWidget', schema: 'core' })` (`:41`) — it is a **core metadata entity**, not a workspace object.\n- `type: WidgetType` enum column (`:72-78`); `configuration: jsonb` (`:102-105`).\n- It extends `OverridableEntity` (`:54`) → `SyncableEntity` (`packages/twenty-server/src/engine/workspace-manager/types/overridable-entity.ts:6-14`), which carries `universalIdentifier` and `applicationId` (`syncable-entity.interface.ts:9-21`). So widgets are application-scoped and can be app-overridable (`overrides` column), but the object itself is host-defined.\n\nIt is managed through the **metadata GraphQL API**, not the workspace data API:\n`packages/twenty-client-sdk/src/metadata/generated/schema.graphql:3546-3547` (`getPageLayoutWidgets`, `getPageLayoutWidget`), `:3839-3841` (`createPageLayoutWidget`, `updatePageLayoutWidget`, `destroyPageLayoutWidget`); input shapes at `:4475-4484` (`CreatePageLayoutWidgetInput` requires `type: WidgetType`, `configuration: JSON`). There is no workspace-GraphQL query for `pageLayoutWidget` records — apps use `CoreApiClient` for workspace objects, and `definePageLayout`/`definePageLayoutTab` for metadata. An app therefore does **not** create arbitrary widget records; it declares them in its manifest (nested, built-in type only).\n\n---\n\n## Conclusion: page-layout widget vs. app front component for \"Related\"\n\n### The available surfaces for a \"Related\" panel\n\n1. **A native page-layout widget** is impossible as a *new* type (closed `WidgetType`). It can only be one of the built-ins:\n   - `FIELD` + `fieldDisplayMode: TABLE` renders **one declared relation** as a table (`FieldWidget.tsx:184-190` → `FieldWidgetRelationTable.tsx:248`). It cannot express \"all links + backlinks\" because that set is not a single declared relation and has no `fieldMetadataId`.\n   - `RECORD_TABLE` renders one object's view (`RecordTableWidgetRendererContent.tsx:84-96`), filtered by the current record; it also cannot aggregate heterogeneous backlinks.\n2. **A `FRONT_COMPONENT` widget** — an app ships a front component and declares it nested in a page-layout/tab (`FrontComponentConfiguration`, `page-layout-widget-configuration.type.ts:140-144`; rendered by `FrontComponentWidgetRenderer.tsx:37-71`). It receives the current record id (`:54-56`) and can query arbitrary objects via `CoreApiClient`. This is the only surface that can *host app logic* inside a widget.\n3. **An app-owned page-layout tab** on a standard record page (additive), as `a2e-chat` does (`company-discussions.page-layout-tab.ts:10-35`; standard ids exported via `standard-page-layout-ids.ts` → `STANDARD_PAGE_LAYOUT_UNIVERSAL_IDENTIFIERS`).\n4. **An app-owned record page layout** — but it *replaces* the default layout, so it is unsuitable for \"every record page\" unless the app re-implements all fields (warning in `document-generator/.../document-record.page-layout.ts:13-16`).\n\n### Evidence-based recommendation\n\n**The \"Related\" panel is best built as an app `FRONT_COMPONENT` widget (or an app-owned additive tab containing it), not as a new native page-layout widget type** — unless the host itself takes ownership.\n\nRationale and constraints:\n- **Constraint:** a new widget *type* requires changes in the host's closed server enum + front dispatcher (`WidgetType.ts`, `WidgetConfigurationType.type.ts`, `WidgetContentRenderer.tsx:32-101`). That is a host/product change, not something an internal app can ship. If A2E wants `WidgetType.RELATED` to appear on *every* record page for *every* object, only the **host** can add it (e.g. mirroring how `TASKS/NOTES/FILES/TIMELINE` read fixed native relations via `WidgetTypeToRelationFieldName.ts:3-15`).\n- **Constraint:** backlinks are not implemented at all today (§3), and their computation source (mention nodes stored at save) exists only as BlockNote inline props (`MentionInlineContent.tsx:87-103`), with no index/query. Any surface needs new computation logic; a front component can encapsulate that logic in the app, whereas a native widget would force it into `twenty-front`.\n- **Constraint:** apps cannot attach a widget to an arbitrary existing page layout except via a *standalone tab the app declares* against a known standard layout id (the `a2e-chat` pattern). \"On every record page\" therefore means one tab declaration per standard page layout, or a host-wide widget.\n- **Precedent:** the `a2e-documents` app already renders heavy custom record-page content (including a \"child pages\" relation list) as a `FRONT_COMPONENT` widget inside its own record page (`document.page-layout.ts:37-45`; `document-page.front-component.tsx:767-820`). A \"Related\" panel follows that exact shape.\n- **Divergence:** if the panel must list links/backlinks for *any* object on the *host's* default record pages (M8d: \"on every record page\"), the app-tab-per-object approach is repetitive and leaks across apps; a host-owned widget type (or a host-rendered generic tab) is the cleaner fit. US-125 is the spike chartered to decide exactly this (`tasks/prd.json:508-510`).\n\n### Net answer\n- **Do not attempt a new app-owned widget type** — the system is closed (`WidgetType.ts:1-27`; `page-layout-widget.entity.ts:72-78`).\n- **If the panel is app logic:** ship it as a `FRONT_COMPONENT` widget (config `FrontComponentConfiguration`, `page-layout-widget-configuration.type.ts:140-144`) inside an app page layout/tab, following `a2e-documents` and `a2e-chat`. This is the only app-ownable widget payload.\n- **If the panel must be universal (every record page, every object):** it must be host-owned — either a new built-in `WidgetType` (host server+front change) or a host-rendered tab/widget. No app-level mechanism exists to inject a widget into every existing page layout generically.\n- The M8d backlink rune itself is unimplemented; the only durable hook available is the per-mention `recordId/objectMetadataId/objectNameSingular` stored in `MentionInlineContent` (`MentionInlineContent.tsx:87-103`), matched by `LinkToRecordPicker` insertion (`LinkToRecordPicker.tsx:72-84`).\n</task_result>\n</task>"
    },
    {
      "id": "subagent_1790803231580_u9hx5c3",
      "type": "spawn",
      "timestamp": "2026-09-30T21:20:31.580Z",
      "agentType": "explore",
      "description": "Research search federation P2.5",
      "prompt": "You are researching the Twenty/A2E codebase at /Users/maxaubert/Projets/A2E Suite. Read-only research task — do not modify anything. I need an evidence-based report on the SEARCH FEDERATION seam (referred to in PLAN.md as P2.5 \"search federation\", likely a `searchAppRecords` query + core search).\n\nFind and report:\n1. The core search implementation: GraphQL query/schema for search across records (search resolvers, `search` module under packages/twenty-server/src/engine/core-modules/search or similar). What does the core search input/output look like, how does it federate across object metadata, and does it support all objects or only some?\n2. `searchAppRecords` specifically — grep the whole repo for `searchAppRecords` and any app-record search GraphQL. Which package/module defines it (server? twenty-sdk? apps?). What is its exact input/output type and what does it search?\n3. Any command-menu / global search frontend that already lists records across objects (packages/twenty-front/src/modules/command-menu, search, record-picker). Cite the fetch hooks and the picker components (e.g. `LinkToRecordPicker`, `useSearchRecords`, `SearchRecordsPage`).\n4. How a \"Link…\" fallback / record picker today picks a target record. Look at `LinkToRecordPicker` and any existing relation picker.\n5. Whether there is a single federated search entry point a link picker could reuse, and any documented gaps (does it cover app-owned objects? does it require the object to be in a search index?).\n\nReturn a structured report with exact query names, types, file:line citations, and a clear statement of the reuse point a universal link picker should call. Be specific and quote real symbols. Do NOT write code."
    },
    {
      "id": "subagent_1790803231580_u9hx5c3",
      "type": "complete",
      "timestamp": "2026-09-30T21:20:31.580Z",
      "agentType": "explore",
      "description": "Research search federation P2.5",
      "exitStatus": "success",
      "durationMs": 0,
      "result": "<task id=\"ses_f0bd32fa4ffe1Sp4hUJ6O6ttna\" state=\"completed\">\n<task_result>\nI have gathered enough evidence. Here is the structured report.\n\n---\n\n# SEARCH FEDERATION SEAM — evidence report (P2.5 / M11a)\n\n## 0. Executive summary\n\nThere are **two distinct server search entry points**, both on `SearchResolver` in `packages/twenty-server/src/engine/core-modules/search/`:\n\n1. **`search`** — core full-text search over **object records** (workspace metadata objects), cursor-paginated, returns `SearchRecordDTO` that carries `objectNameSingular` + `recordId`. Implementation: `SearchService` using Postgres `tsvector` + ILIKE fallback over a `searchVector` column.\n2. **`searchAppRecords`** — \"app-provider federation\": runs app-registered `SearchProvider`s and returns `AppSearchRecordDTO` groups. These results carry **only `recordId`, `label`, `description`, `imageUrl`, `path`** — **no `objectNameSingular`**. It groups by installed application.\n\nThe only place they are merged is the **frontend** `SidePanelSearchRecordsPage` (Cmd+K / side-panel search), via `groupSearchResultItems`. There is **no single server-side federated resolver** and **no combined frontend hook**.\n\n**Reuse point for a universal link picker (evidence-based):** the link picker must call the **core `search` path**, i.e. `useObjectRecordSearchRecords` → `SearchDocument`/`search` query (exactly what `SingleRecordPicker`/`useSingleRecordPickerPerformSearch` already does, and what `LinkToRecordPicker` already wires). It cannot use `searchAppRecords` to *create* a link, because `AppSearchRecordDTO` has no `objectNameSingular`/`objectMetadataId` — only an opaque `path`. Details in §5.\n\n---\n\n## 1. Core search implementation\n\n### Resolver / schema\n\n`packages/twenty-server/src/engine/core-modules/search/search.resolver.ts`\n- `@CoreResolver()`, guarded by `WorkspaceAuthGuard` + `CustomPermissionGuard`, filtered by `SearchApiExceptionFilter` (lines 24-32).\n- `search(...)` at **line 39-93**: `@Query(() => SearchResultConnectionDTO)`. Args: `searchInput`, `limit`, `filter`, `includedObjectNameSingulars`, `excludedObjectNameSingulars`, `after` (line 42-50).\n- Flow: loads `flatObjectMetadataMaps`/`flatFieldMetadataMaps` (line 53-59) → `searchService.filterObjectMetadataItems` (line 65-70) → `getAllRecordsWithObjectMetadataItems` (line 72-82) → `computeSearchObjectResults` (line 84-92).\n\n### Input type — `SearchArgs`\n\n`packages/twenty-server/src/engine/core-modules/search/dtos/search-args.ts:7-35`\n```\n@ArgsType() SearchArgs {\n  searchInput: string;                         // required\n  limit: number;                               // Int, Max(100)\n  after?: string;                              // cursor\n  includedObjectNameSingulars?: string[];\n  filter?: ObjectRecordFilterInput;\n  excludedObjectNameSingulars?: string[];\n}\n```\n\nFrontend counterpart `SEARCH_QUERY` in `packages/twenty-front/src/modules/command-menu/graphql/queries/search.ts:3-37`; generated as `SearchDocument` / `SearchQuery` in `packages/twenty-front/src/generated/graphql.ts:903-913,1099`.\n\n### Output types\n\n- `SearchResultConnectionDTO { edges: SearchResultEdgeDTO[]; pageInfo }` — `dtos/search-result-connection.dto.ts:6-13`\n- `SearchResultEdgeDTO { node: SearchRecordDTO; cursor: string }` — `dtos/search-result-edge.dto.ts:5-12`\n- `SearchRecordDTO` — `dtos/search-record.dto.ts:7-38`: `recordId`, **`objectNameSingular`**, `objectLabelSingular`, `label`, `imageUrl`, `tsRankCD`, `tsRank`.\n\n### How it federates across object metadata\n\n`SearchService` (`services/search.service.ts`):\n- `getAllRecordsWithObjectMetadataItems` (line 81-151) iterates **every filtered `flatObjectMetadata`**, in chunks of 5 (`OBJECT_METADATA_ITEMS_CHUNK_SIZE`, line 68), and runs the search query per object under the caller's role config (`resolveRolePermissionConfig`, line 114-119) with `workspaceOrmManager.getRepository(objectNameSingular, rolePermissionConfig)` (line 121-125).\n- `filterObjectMetadataItems` (line 153-196):\n  - Always drops `!isActive` (line 166-168).\n  - **Explicit inclusion branch** (line 170-183): if `includedObjectNameSingulars.length > 0`, returns objects in the included list minus excluded, **skipping the `isSearchable` check** (but dropping `OBJECTS_WITH_CHANNEL_VISIBILITY_CONSTRAINTS`).\n  - **Default branch** (line 185-193): requires `isSearchable` and not excluded.\n- The actual lookups (`buildSearchQueryAndGetRecords`, line 260-374) use:\n  - `ts_rank_cd(\"searchVector\", to_tsquery('simple', unaccent(...)))` (line 313-315), `WHERE \"searchVector\" @@ to_tsquery(...)` (line 342-353), GIN-backed.\n  - ILIKE fallback only when tsvector yields zero on the first page (`buildSearchQueryAndGetRecordsWithFallback`, line 203-258; `buildIlikeFallbackQuery`, line 376-500) — and this fallback also matches against `\"searchVector\"::text` (line 467).\n- Merge/rank: `computeSearchObjectResults` (line 778-870) flattens all objects, resolves label/image, sorts by `tsRankCD` then `tsRank` then `STANDARD_OBJECTS_BY_PRIORITY_RANK` (`constants/standard-objects-by-priority-rank.ts:2-8`: person 5, company 4, opportunity 3, note 2, task 1).\n\n### Does it support all objects or only some?\n\nEffectively **only objects that are `isSearchable` and have a populated `searchVector`**:\n- `searchVector` (TS_VECTOR system field) + GIN index is auto-provisioned for **every** custom/app object on create (`metadata-side-effect/.../object-search-vector-on-create-side-effect-handler.service.ts:36-61`).\n- But the `searchFieldMetadata` row that *populates* `searchVector` is created **only when `flatObjectMetadata.isSearchable === true`** and the label identifier is a searchable field type (same handler, line 95-97, 126-131). A non-searchable object has a `NULL` `searchVector`, so both the tsvector query and the ILIKE fallback match nothing.\n- `includedObjectNameSingulars` bypasses the `isSearchable` filter (line 170-183) but cannot resurrect a NULL index.\n- Every object must have a label identifier or `getLabelIdentifierColumns` throws `LABEL_IDENTIFIER_FIELD_NOT_FOUND` (line 550-559).\n\nApp-owned objects **are** included by default: the app-manifest converter defaults `isSearchable` to true (`application/application-manifest/converters/from-object-manifest-to-universal-flat-object-metadata.util.ts:40` — `objectManifest.isSearchable ?? true`). `defineObject` exposes `isSearchable?: boolean` (`packages/twenty-shared/src/application/objectManifestType.ts:16`). The A2E projects/documents objects don't set it, so they are searchable.\n\n---\n\n## 2. `searchAppRecords` specifically\n\n**Defined in the server only** (not twenty-sdk, not apps):\n- Resolver: `search.resolver.ts:95-117`\n  ```\n  @Query(() => [AppSearchResultGroupDTO])\n  async searchAppRecords(@Args('searchInput', { type: () => String }) searchInput: string)\n  ```\n  It loads `flatApplicationMaps` and passes `Object.keys(flatApplicationMaps.idByUniversalIdentifier)` to the service as installed apps (line 110-116).\n- Service: `services/app-search.service.ts`:\n  - `MAX_RECORDS_PER_APP = 5` (line 10).\n  - `searchInstalledAppRecords` (line 22-78): keeps only providers whose `appUniversalIdentifier` is in the installed set (line 31-37), runs each `provider.search({searchInput, limit, workspaceId})` (line 46-50), maps to `AppSearchRecordDTO`, drops empty groups, and try/catches each provider so one failure can't break the payload (line 65-72).\n\n**Input/output types:**\n- Input: a bare `String!` `searchInput`. The front document is hand-written (no generated document): `packages/twenty-front/src/modules/side-panel/pages/search/graphql/queries/searchAppRecords.ts:6-18` — `query SearchAppRecords($searchInput: String!)`.\n- `/Users/maxaubert/Projets/A2E Suite/packages/twenty-server/src/engine/core-modules/search/dtos/app-search-result-group.dto.ts:6-14` — `AppSearchResultGroupDTO { appUniversalIdentifier: string; records: AppSearchRecordDTO[] }`.\n- `/Users/maxaubert/Projets/A2E Suite/packages/twenty-server/src/engine/core-modules/search/dtos/app-search-record.dto.ts:8-27` — `AppSearchRecordDTO { recordId: UUID; label: string; description?: string; imageUrl?: string; path: string }`. **No `objectNameSingular`, no object metadata id.**\n- Provider contract: `types/search-provider.type.ts:1-23` — `SearchProviderParams { searchInput; limit; workspaceId }`, `SearchProviderResultItem { recordId; label; description?; imageUrl?; path }`.\n\n**Registration / federation mechanism:**\n- `@RegisteredSearchProvider({ appUniversalIdentifier })` decorator (`decorators/registered-search-provider.decorator.ts:15-20`) applies `@Injectable()` and `Reflect.defineMetadata`.\n- `SearchProviderRegistryService` (`services/search-provider-registry.service.ts`) scans Nest providers in `onModuleInit` via `DiscoveryService` (line 27-63) and stores them per app id (line 20-23).\n- Providers are registered as ordinary Nest providers in **`search.module.ts:21-28`** — currently exactly two: `DocumentSearchProviderService` and `A2eProjectsSearchProviderService`.\n- The two live providers:\n  - `services/document-search-provider.service.ts:20-21,39-41` — app id `19126a9c-…`; ILIKE over `document.title` where `archivedAt: null`; `path: /object/documents/<id>` (line 108).\n  - `services/a2e-projects-search-provider.service.ts:20-21,62-64` — app id `4f759655-…`; ILIKE over standard `task.title` + app `project.name` (archived excluded); `path: /object/<singular>/<id>` (line 145, 154).\n\n**What it searches:** only whatever the registered provider's own hard-coded query selects; it is not object-metadata-driven. Apps cannot self-register a Nest provider (documented in `.ralph-tui/iterations/d04cf6b4_2026-09-18_22-29-31_P5.2-chat-live.log:331`: \"apps can't add Nest providers to the core server\"), so app-provider federation is **server-hardcoded today**.\n\nPrior known bug fixed (US-008): providers passed a plain `{ ilike }` object instead of a TypeORM `ILike` `FindOperator`, so the workspace ORM compiled equality and returned `[]` silently (`docs/plan/phases/phase-04-report.md:725`; providers now use `ILike`).\n\n---\n\n## 3. Command-menu / global search frontend that lists records across objects\n\nThe Cmd+K surface is the **side-panel `SearchRecords` page**, not a `modules/command-menu` search page.\n\n- Hotkey → open search page: `packages/twenty-front/src/modules/command-menu/hooks/useCommandMenuHotKeys.ts:14,35` calls `openRecordsSearchPage`; opener `modules/side-panel/hooks/useOpenRecordsSearchPageInSidePanel.ts:13-21` navigates to `SidePanelPages.SearchRecords`.\n- Page registered at `modules/side-panel/constants/SidePanelPagesConfig.tsx:31,60`.\n- **`SidePanelSearchRecordsPage`** (`modules/side-panel/pages/search/components/SidePanelSearchRecordsPage.tsx:45`): the actual cross-object aggregator. It composes:\n  - `useSidePanelSearchRecords()` — core object records (line 46-47)\n  - `useAppSearchResultItems()` — app-provider groups (line 48-51)\n  - `useChatSearchResultItems()` (line 52-55), `useDriveSearchResultItems()` (line 56-59), `useHelpSearchResultItems()` (line 60-62)\n  - merges via `groupSearchResultItems` at line 86-95.\n- **Core fetch hook: `useObjectRecordSearchRecords`** (`modules/object-record/hooks/useObjectRecordSearchRecords.ts:27-67`) — runs `SearchDocument` with `variables: { searchInput, limit (default 30 from MAX_SEARCH_RESULTS), filter, includedObjectNameSingulars: objectNameSingulars }` (line 40-51) on `apolloCoreClient`; exposes `searchRecords` (line 57-60). Its return node type is `SearchRecordDTO`, which includes `objectNameSingular`.\n- **Searchable object list:** `useSidePanelSearchRecords` (line 23-72) uses `useSearchableObjectNameSingulars` (`modules/side-panel/hooks/useSearchableObjectNameSingulars.ts:12-32`) → all readable objects filtered by `isSearchable` (or hidden-objects toggle).\n- **App fetch hook: `useAppSearchResultItems`** (`modules/side-panel/pages/search/hooks/useAppSearchResultItems.ts:29-85`) — `useQuery(SEARCH_APP_RECORDS_QUERY)` with `fetchPolicy: 'no-cache'`, flattens groups into `GroupableSearchResultItem` and sets **`objectNameSingular: ''`** (line 67) and `groupKey: 'app:<appUniversalIdentifier>'` (line 74).\n- **Grouping/ranking util:** `modules/side-panel/pages/search/utils/groupSearchResultItems.ts` — `GroupableSearchResultItem` (line 11-17; `path?` present on app results), sort by frecency then fold into per-group buckets (line 21-59).\n- **Click handling** (`SidePanelSearchRecordsPage.tsx:148-180`): if `item.path` is defined → `openRoutedPageInSidePanel` (fallback `navigate(path)`); else if task/note → `openRecordInSidePanel`; else `navigate(getAppPath(AppPath.RecordShowPage, { objectNameSingular, objectRecordId }))`.\n\nNote on naming: the symbols you asked about are `SidePanelSearchRecordsPage` (not `SearchRecordsPage`) and `useObjectRecordSearchRecords`/`useSearchableObjectNameSingulars` (there is no `useSearchRecords`).\n\n---\n\n## 4. How a \"Link…\" fallback / record picker picks a target record today\n\n- **`LinkToRecordPicker`** (`modules/blocknote-editor/components/LinkToRecordPicker.tsx`):\n  - Builds the target list from `useFilteredObjectMetadataItems()` + `useObjectPermissions()` (line 35-36), then `filterReadableActiveObjectMetadataItems(...).filter((item) => !item.isSystem && item.isSearchable)` (line 38-45); `filterReadableActiveObjectMetadataItems` (`modules/object-metadata/utils/filterReadableActiveObjectMetadataItems.ts:5-25`) keeps `isActive` and `canReadObjectRecords`.\n  - Passes the resulting `objectNameSingulars` into **`SingleRecordPicker`** (line 96-102).\n  - On selection, inserts a blocknote `mention` with `recordId` + `objectMetadataId` + `objectNameSingular` + fallback `label` (line 51-85) — note it uses `objectMetadataItem.labelSingular` as the label, **not the search result's `label`**.\n  - Opened by the slash-menu item `LinkToRecordSlashMenuItem.tsx:27-57` (\"Link to record\", group `links`).\n- **`SingleRecordPicker`** (`modules/object-record/record-picker/single-record-picker/components/SingleRecordPicker.tsx:21-94`) renders `SingleRecordPickerMenuItemsWithSearch`, which calls `useSingleRecordPickerRecords` (`.../hooks/useSingleRecordPickerRecords.ts:20-27`) → **`useSingleRecordPickerPerformSearch`** (`.../hooks/useSingleRecordPickerPerformSearch.ts:16-169`).\n  - `useSingleRecordPickerPerformSearch` runs **three** `useObjectRecordSearchRecords` calls: selected records (line 64-70), filtered-selected (line 72-80), and the actual search with `objectNameSingulars: readableObjectNameSingulars`, `searchInput: searchFilter`, `limit` (line 86-93); produces `RecordPickerPickableMorphItem { recordId, objectMetadataId, … }` (line 128-160).\n- **Relation picker** (single relation field): `RelationManyToOneFieldInput.tsx:107-126` passes `objectNameSingulars={[fieldDefinition.metadata.relationObjectMetadataNameSingular]}` (a **single** target object) plus `onCreate`/`onMorphItemSelected` into the same `SingleRecordPicker`. So today, relation and link pickers are the same component parameterized by `objectNameSingulars[]`; only `objectNameSingulars` differs (one target vs. all searchable objects).\n- Multi-relation uses the parallel `MultipleRecordPicker` (`modules/object-record/record-picker/multiple-record-picker/`), also driven by `useObjectRecordSearchRecords`.\n\n**Key observation:** `SingleRecordPicker` is already \"universal\" over objects; the missing piece for a universal link picker is not the picker but (a) persisting a link (junction) and (b) optionally surfacing app-provider results. `RecordPickerPickableMorphItem` requires `objectMetadataId`, which app-provider results cannot supply.\n\n---\n\n## 5. Is there a single federated entry point? Documented gaps? Reuse point\n\n### Is there one?\n\n- **Server:** No. `search` and `searchAppRecords` are two separate `@Query`s (`search.resolver.ts:39` and `:97`). `search` is metadata-driven; `searchAppRecords` is provider-driven and install-gated.\n- **Frontend:** No single hook. The only merge is inline in `SidePanelSearchRecordsPage.tsx:86-95` (`groupSearchResultItems` over core + app + chat + drive + help). There is no `useFederatedSearch`.\n- **Blueprint intent:** `docs/plan/03-integration-blueprint.md:175-183` — \"Existing search provider interface/decorator registry discovers Nest providers; `AppSearchService` gates by installed app IDs… Cmd+K results grouped by app… Deep links: every result opens … using stable URLs (`/object/<name>/<id>`, app routes).\"\n- **Roadmap intent:** `PLAN.md:404-409` (M11a, unchecked) \"Universal link picker & 'Related' panel. From any record or page: 'Link…' searches all objects (reuse search federation, P2.5) and creates a link via a generic junction…\". `PLAN.md:1201-1217` is P2.5 Global search v1 (only the perf budget line remains unchecked).\n\n### Gaps a link picker must account for\n\n1. **`searchAppRecords` results cannot create links.** `AppSearchRecordDTO` exposes only `path` (no `objectNameSingular`/`objectMetadataId`); `useAppSearchResultItems.ts:67` even sets `objectNameSingular: ''`. `RecordPickerPickableMorphItem` (used by both pickers) requires `objectMetadataId`. So app-provider hits are navigable but not link-addressable.\n2. **Core `search` only returns records for objects with a populated `searchVector`,** i.e. `isSearchable` objects with a searchable label identifier — a non-searchable object yields nothing even if explicitly included (§1).\n3. **App search providers are server-hardcoded** in `search.module.ts:21-28`; the SDK/apps cannot register one (`.ralph-tui/.../P5.2-chat-live.log:331`). The `searchAppRecords` live path has a standing Tier-2 re-proof gap (`PLAN.md:1212`, `PLAN.md:1215-1217`; `docs/plan/phases/phase-04-report.md:566,730`).\n4. **Preview gap:** the app-provider results are excluded from the Cmd+K record preview because they have `path`, not object metadata — `isSearchResultItemPreviewable.ts:9-13` plus the gate at `SidePanelSearchRecordsPage.tsx:126-131`. Phase-01 report notes this explicitly (`docs/plan/phases/phase-01-report.md:310` gotcha 4).\n5. **`LinkToRecordPicker` uses `labelSingular` as the mention label** (line 79), not the matched record `label`; a universal picker should preserve the record label.\n6. Core search is a **`@CoreResolver`** requiring a workspace auth context and caller-scoped role permissions; it is not a public/unauthenticated index.\n\n### Clear statement — the reuse point a universal link picker should call\n\nFor selecting a record to link, the reusable entry point is the **core `search` query**, not `searchAppRecords`:\n\n- Frontend call: **`useObjectRecordSearchRecords({ objectNameSingulars, searchInput, filter, limit })`** (`packages/twenty-front/src/modules/object-record/hooks/useObjectRecordSearchRecords.ts:27`), which issues **`SearchDocument`** (`packages/twenty-front/src/modules/command-menu/graphql/queries/search.ts:3`; generated `SearchDocument` at `packages/twenty-front/src/generated/graphql.ts:1099`).\n- Server query: **`search`** on `SearchResolver` (`search.resolver.ts:39`), backed by `SearchService` (`services/search.service.ts`).\n- The picker UI to reuse is **`SingleRecordPicker`** with `objectNameSingulars` = all readable, active, `isSearchable`, non-system objects (today computed in `LinkToRecordPicker.tsx:38-45` via `useSearchableObjectNameSingulars`/`filterReadableActiveObjectMetadataItems`), selected through `useSingleRecordPickerPerformSearch` (`.../useSingleRecordPickerPerformSearch.ts:16`).\n- If app-provider groups must also appear in the same list, they can be merged for *display* via `useAppSearchResultItems` + `groupSearchResultItems` (as `SidePanelSearchRecordsPage.tsx` does), but **link creation must key off the core `SearchRecordDTO.objectNameSingular` + `recordId`** (resolving `objectMetadataId` from object metadata), because `AppSearchRecordDTO` carries only `path`.\n\n**Net:** the single federated *display* entry point today is the frontend aggregation in `SidePanelSearchRecordsPage`; the single federated *link-addressable* entry point is the core `search` query (`useObjectRecordSearchRecords`/`SearchDocument`). A universal link picker should reuse the latter for target selection and may layer the former for app-provider suggestions.\n</task_result>\n</task>"
    },
    {
      "id": "subagent_1790803320609_utm3zlq",
      "type": "spawn",
      "timestamp": "2026-09-30T21:22:00.609Z",
      "agentType": "explore",
      "description": "Research native morph primitives",
      "prompt": "You are researching the Twenty/A2E codebase at /Users/maxaubert/Projets/A2E Suite. I need a thorough, evidence-based report on the NATIVE POLYMORPHIC / MORPH RELATION primitives that a generic \"link any record\" junction could reuse. This is a read-only research task — do not modify anything.\n\nFocus areas:\n1. The `attachment` object and its polymorphic target mechanism. Where is it defined (object metadata, standard object identifiers)? What fields express the morph (e.g. targetObjectName/targetRecordId or similar)? How does a record reference it? Look under packages/twenty-server/src/engine and packages/twenty-shared and packages/twenty-front.\n2. The general \"morph\" relation machinery: search for `MorphRelation`, `morphRelation`, `morphOrRelation`, `Morph`, `morphTargets`, `targetObjectMetadata`, `MorphRelationFlatFieldMetadata`, `RelationType` with morph kinds. Identify the flat field metadata shape (e.g. `morphRelations` array with `morphTargetUniversalIdentifier` / `morphTargetObjectMetadataId`). Cite file paths and line numbers.\n3. Which objects currently use morph relations (e.g. note targets, task targets, timelineActivity, attachment, calendarEvent?). Find where morph target sets/universal identifiers are declared (e.g. constants like `STANDARD_OBJECT_UNIVERSAL_IDENTIFIERS`, `NOTE_TARGET_UNIVERSAL_IDENTIFIERS`, `TASK_TARGET_...`, `ATTACHMENT_...`).\n4. How is a morph relation declared in APP metadata? Can an app-owned object declare a morph relation to multiple morph targets, and can morph targets include app-owned objects? Search packages/twenty-apps/internal/* for morph usage, and the app manifest field types (packages/twenty-sdk or twenty-shared application types) for morph-related fields.\n5. Search federation / backlinks: how are inverse/backlinks computed today for morph relations (e.g. a backlink panel/related list). Search twenty-front for `useFindOneRecord`, `RecordRelationField`, `FieldWidget`, morph display. Specifically look for any existing \"related\" or \"backlink\" UI.\n\nReturn a concise structured report with: the exact primitive names/shapes, file:line citations, whether app-owned objects can be morph targets, and any constraints (install order, validation) you find. Be specific and quote real symbols. Do NOT write code."
    },
    {
      "id": "subagent_1790803320609_utm3zlq",
      "type": "complete",
      "timestamp": "2026-09-30T21:22:00.609Z",
      "agentType": "explore",
      "description": "Research native morph primitives",
      "exitStatus": "success",
      "durationMs": 0,
      "result": "<task id=\"ses_f0bd32fd5ffe1N0OdE6eSkxOzA\" state=\"completed\">\n<task_result>\n# Native Polymorphic / Morph Relation Primitives — Research Report\n\nAll paths relative to `/Users/maxaubert/Projets/A2E Suite`. Read-only research; nothing modified.\n\n---\n\n## 1. The `attachment` object and its polymorphic target mechanism\n\n**Identity**\n- Core object name singular: `attachment` — `packages/twenty-shared/src/types/CoreObjectNameSingular.ts:5`\n- Object universal identifier: `STANDARD_OBJECT_UNIVERSAL_IDENTIFIERS.attachment = '20202020-bd3d-4c60-8dca-571c71d4447a'` — `packages/twenty-shared/src/metadata/constants/standard-object-universal-identifiers.constant.ts:9`\n- Morph group id: `STANDARD_OBJECTS.attachment.morphIds.targetMorphId.morphId = '20202020-f634-435d-ab8d-e1168b375c69'` — `packages/twenty-shared/src/metadata/constants/standard-object.constant.ts:26-28`\n\n**The morph legs (fields that express \"target any record\")**\n`packages/twenty-server/src/engine/workspace-manager/twenty-standard-application/utils/field-metadata/compute-attachment-standard-flat-field-metadata.util.ts:422-652` declares seven `MORPH_RELATION` fields, all sharing the one `morphId`:\n\n| Field | targetObjectName | targetFieldName | onDelete / joinColumn |\n|---|---|---|---|\n| `targetTask` (L422) | `task` | `attachments` | SET_NULL / `targetTaskId` |\n| `targetNote` (L455) | `note` | `attachments` | SET_NULL / `targetNoteId` |\n| `targetPerson` (L488) | `person` | `attachments` | CASCADE / `targetPersonId` |\n| `targetCompany` (L521) | `company` | `attachments` | CASCADE / `targetCompanyId` |\n| `targetOpportunity` (L554) | `opportunity` | `attachments` | CASCADE / `targetOpportunityId` |\n| `targetDashboard` (L587) | `dashboard` | `attachments` | CASCADE / `targetDashboardId` |\n| `targetWorkflow` (L620) | `workflow` | `attachments` | CASCADE / `targetWorkflowId` |\n\nEach is shaped as: `type: FieldMetadataType.MORPH_RELATION`, `morphId`, `targetObjectName`, `targetFieldName: 'attachments'`, `settings: { relationType: MANY_TO_ONE, onDelete, joinColumnName }`.\n\n- Field universal identifiers for these legs are derived by `getSystemRelationFieldUniversalIdentifier` — `packages/twenty-shared/src/metadata/constants/standard-object-fields.constant.ts:174-243` (attachment block at 162-244).\n- **How a record references it:** the *inverse* side `attachments` is declared as a normal `RELATION` (ONE_TO_MANY) on every target object, e.g. `note.attachments` — `standard-object-fields.constant.ts:817-825`; for `dashboard`/`workflow`/`task` etc. the same pattern. Each attachment row stores exactly one non-null FK column among `target<X>Id`; the \"which object\" is encoded by *which* column is populated, not by a type/discriminator column.\n\n---\n\n## 2. General morph relation machinery\n\n**Primitive type names / shapes**\n- `FieldMetadataType.MORPH_RELATION` — `packages/twenty-shared/src/types/FieldMetadataType.ts:13`\n- `RelationAndMorphRelationFieldMetadataType` — `packages/twenty-shared/src/types/RelationAndMorphRelationFieldMetadataType.ts:3-5`\n- `FieldMetadataRelationSettings` includes `junctionTargetFieldId?: SerializedRelation` and the comment *\"For MORPH_RELATION fields, morphRelations already contains all targets\"* — `packages/twenty-shared/src/types/FieldMetadataSettings.ts:52-59`, mapped at `:81`.\n- `FieldMetadataUniversalSettings<T>` = `FormatRecordSerializedRelationProperties<FieldMetadataSettings<T>>` — `packages/twenty-shared/src/types/FieldMetadataUniversalSettings.ts:5-7`\n\n**Persisted shape — there is NO `morphRelations` array and no `morphTargetUniversalIdentifier` field in the DB.** Morph relations are stored as **one field row per target**, grouped by `morphId`:\n- `FieldMetadataEntity.morphId` column + DB check `\"type\" = 'MORPH_RELATION' AND \"morphId\" IS NOT NULL` — `packages/twenty-server/src/engine/metadata-modules/field-metadata/field-metadata.entity.ts:48-51, 221-226`\n- `FlatFieldMetadata<T>` derives from `FieldMetadataEntity` — `packages/twenty-server/src/engine/metadata-modules/flat-field-metadata/types/flat-field-metadata.type.ts:6-13`\n- The GraphQL `morphRelations: [RelationDTO]` is **computed**, not stored — resolver at `packages/twenty-server/src/engine/metadata-modules/field-metadata/field-metadata.resolver.ts:323-342`, using `resolveMorphRelationsFromFlatFieldMetadata` (`.../flat-field-metadata/utils/resolve-morph-relations-from-flat-field-metadata.util.ts:19-32`) and `findAllOthersMorphRelationFlatFieldMetadatasOrThrow` (`.../find-all-others-morph-relation-flat-field-metadatas-or-throw.util.ts:21-25`).\n- Dataloader: `MorphRelationLoaderPayload` / `createMorphRelationLoader` — `packages/twenty-server/src/engine/dataloaders/dataloader.service.ts:58, 240-268`.\n- `RelationDTO` shape — `packages/twenty-server/src/engine/metadata-modules/field-metadata/dtos/relation.dto.ts:16-38` (`type`, `sourceObjectMetadata`, `targetObjectMetadata`, `sourceFieldMetadata`, `targetFieldMetadata`).\n- Shared \"flat\" view of a morph leg: `FieldSharedMorphRelation = { type; targetObjectMetadata: { id; nameSingular; namePlural } }` and `FieldShared.morphRelations?` — `packages/twenty-shared/src/utils/filter/turnRecordFilterIntoGqlOperationFilter.ts:89-105`.\n\n**Naming convention**\n- `computeMorphRelationFlatFieldName` → `<fieldName><TargetSingular>` (M2O) / `<fieldName><TargetsPlural>` (O2M) — `packages/twenty-server/src/engine/metadata-modules/field-metadata/utils/compute-morph-relation-flat-field-name.util.ts:16-33`\n- Isomorphic twin for GraphQL: `computeMorphRelationGqlFieldName` — `packages/twenty-shared/src/utils/fieldMetadata/compute-morph-relation-gql-field-name.ts:16-33`\n\n**Creation / validation**\n- `CreateFieldInput.morphRelationsCreationPayload?: RelationCreationPayload[]` — `.../dtos/create-field.input.ts:47`; update variant `morphRelationsUpdatePayload` — `.../dtos/update-field.input.ts:45`\n- `fromMorphRelationCreateFieldInputToFlatFieldMetadatas` requires payload, validates, generates **one `morphId = v4()`** and one relation pair per target — `.../utils/from-morph-relation-create-field-input-to-flat-field-metadatas.util.ts:44-126` (`const morphId = v4()` at L87)\n- `validateMorphRelationCreationPayload` — `.../validators/utils/validate-morph-relation-creation-payload.util.ts:26-163`: payload non-empty; **all same relation type** (L46-66); **must not target source object** (L75-89); **targets must be distinct objects** (L91-105).\n- `validateMorphRelationFlatFieldMetadata` — `.../validators/utils/validate-morph-relation-flat-field-metadata.util.ts`: **\"A morph relation field can only target a RELATION field\"** (L39-51), source ≠ target (L58-67), `morphId` required (L69-75).\n- Pair generation sets `morphId` only on the MORPH_RELATION leg and `null` on the RELATION leg — `.../utils/generate-morph-or-relation-flat-field-metadata-pair.util.ts:128-131, 185-197`.\n- `morphId` exposed on the DTO — `.../dtos/field-metadata.dto.ts:148`; `isMorphOrRelationFieldMetadataType` gate in `.../utils/is-morph-or-relation-field-metadata-type.util`.\n\n---\n\n## 3. Objects currently using morph relations\n\nDeclared in `packages/twenty-shared/src/metadata/constants/standard-object.constant.ts` (one `morphIds.targetMorphId.morphId` per holder):\n\n| Holder object | morphId | targets | source:line |\n|---|---|---|---|\n| `attachment` | `20202020-f634-...` | task, note, person, company, opportunity, dashboard, workflow | `:26-28` |\n| `calendarEventTarget` | `676e9f68-7b5c-41e6-b46d-2fb9527b7051` | person, company, opportunity | `:247-249` |\n| `messageThreadTarget` | `e85e853d-c26e-41b3-bec0-7afc4bdbc2f7` | person, company, opportunity | `:659-661` |\n| `noteTarget` | `20202020-f635-435d-ab8d-e1168b375c70` | person, company, opportunity | `:751-753` |\n| `taskTarget` | `20202020-f636-435d-ab8d-e1168b375c71` | person, company, opportunity | `:1094` |\n| `timelineActivity` | `20202020-9a2b-4c3d-a4e5-f6a7b8c9d0e1` | person, company, opportunity, task, note, workflow, workflowVersion, workflowRun, dashboard, messageList, messageCampaign | `:1137-1139` |\n\n- Field builders: attachment (above), `compute-note-target-standard-flat-field-metadata.util.ts:275-373`, `compute-task-target-...`, `compute-calendar-event-target-...`, `compute-message-thread-target-...`, `build-standard-target-flat-field-metadatas.util.ts:270-356` (shared person/company/opportunity target builder), `compute-timeline-activity-standard-flat-field-metadata.util.ts:429-742`.\n- **Default/auto-provisioned morph holders:** `DEFAULT_RELATIONS_OBJECTS_STANDARD_IDS = ['timelineActivity','attachment','noteTarget','taskTarget']` — `packages/twenty-shared/src/metadata/constants/default-relations-object-standard-ids.constant.ts:3-8`.\n- **`timelineActivity` also carries a legacy discriminator-column polymorphic mechanism** (distinct from morph): `linkedRecordCachedName`, `linkedRecordId`, `linkedObjectMetadataId` — `standard-object-fields.constant.ts:152-160`; entity at `packages/twenty-server/src/modules/timeline/standard-objects/timeline-activity.workspace-entity.ts:24-26`. This is the old \"targetObjectMetadataId + targetRecordId\" pattern. No field literally named `targetObjectMetadataId`/`targetRecordId` exists on attachment; those names appear on `navigationMenuItem` (unrelated) and in `metadata-event-publisher.ts:127-147` (webhook payload).\n\n---\n\n## 4. Declaring a morph relation in APP metadata\n\n**Manifest types** (`packages/twenty-shared/src/application/fieldManifestType.ts:48-64`):\n```ts\nRelationFieldManifest = {\n  type, name, label, ...\n  relationTargetFieldMetadataUniversalIdentifier: string;\n  relationTargetObjectMetadataUniversalIdentifier: string;\n  universalSettings: FieldMetadataUniversalSettings<T>;\n} & ([T] extends [MORPH_RELATION] ? { morphId: string } : { morphId?: undefined });\n```\nA morph relation is therefore **not** an array in app metadata either: the app declares **one `defineField` per morph target**, all sharing the same `morphId` and each pointing at a distinct target object + its inverse RELATION field.\n\n**Real app example** (`packages/twenty-apps/public/last-contact`): `src/fields/last-contact-item-message.field.ts:15-36` and `last-contact-item-calendar-event.field.ts` share `LAST_CONTACT_ITEM_MORPH_ID`; `company-*` share `COMPANY_LAST_CONTACT_ITEM_MORPH_ID`; `opportunity-*` share `OPPORTUNITY_LAST_CONTACT_ITEM_MORPH_ID` (constants at `src/constants/universal-identifiers.ts:38-39, 64-65, 77-78`). Each declares `morphId`, target object universal identifier (`message`/`calendarEvent`), inverse target field universal identifier, and `universalSettings: { relationType: MANY_TO_ONE, onDelete, joinColumnName }`.\n\n**App-owned objects can declare morph relations:** `ObjectManifest.fields: ObjectFieldManifest[]` and `ObjectFieldManifest = DistributiveOmit<FieldManifest<T>, 'objectUniversalIdentifier'>` (`packages/twenty-shared/src/application/objectManifestType.ts:24`, `.../objectFieldManifest.type.ts:8-10`). The field union includes morph, and `morphId` is allowed inside object-declared fields. The SDK only forbids `isUnique` on relation/morph fields (`packages/twenty-sdk/src/sdk/define/fields/validate-fields.ts:39-48`). No in-repo `defineObject` currently declares a morph field (only standalone `fields/` files), but the types permit it.\n\n**Can morph targets include app-owned objects? YES — and it is the designed default.**\n- On creation of **every object not owned by `twenty-standard`**, the engine auto-provisions the forward RELATION field on the new object plus the reverse **MORPH_RELATION** field on the four holders. Side-effect handler: `packages/twenty-server/src/engine/metadata-modules/metadata-side-effect/handlers/object-metadata/services/object-system-relations-on-create-side-effect-handler.service.ts:28-113` (note L34 explicitly names \"the four standard relation objects\"); builder: `.../object-metadata/utils/build-system-relation-flat-field-metadatas-for-object.util.ts:45-124` with `MORPH_ID_BY_STANDARD_OBJECT_NAME_SINGULAR` for `timelineActivity | attachment | noteTarget | taskTarget` (`:22-28`). The reverse field is named `target<ObjectSingular>` with join column `<reverseFieldName>Id` (`:56-61`), type `MORPH_RELATION` (`:93`).\n- The 2-38 backfill explicitly targets app/custom objects and skips only standard-app objects: `packages/twenty-server/src/database/commands/upgrade-version-command/2-38/utils/build-missing-object-system-relation-candidates.util.ts:94-102`, deriving existing morph targets via `morphId` (`:70-84`).\n- A2E uses this: `packages/twenty-apps/internal/a2e-projects/src/page-layouts/project.page-layout.ts:182-198` references the \"native attachments widget (reads the record's polymorphic `attachments` relation, auto-provisioned on app objects)\".\n- `validate-morph-relation-*` impose **no** standard-only restriction on targets.\n- Note: auto-provisioning covers only `timelineActivity/attachment/noteTarget/taskTarget`. `calendarEventTarget` and `messageThreadTarget` are **not** in that list, so app objects are not automatically morph targets there (must be declared explicitly).\n\n**App-level junction marker:** `universalSettings.junctionTargetFieldUniversalIdentifier` on the ONE_TO_MANY owning side — example `packages/twenty-apps/fixtures/rich-app/src/fields/post-card-recipients-on-post-card.field.ts:21-24`; converted to flat `junctionTargetFieldId` at `.../from-universal-settings-to-flat-field-metadata-settings.util.ts:39-64`.\n\n**Constraints / install-order**\n- Target inverse must be a RELATION, distinct objects, one relation type, `morphId` required (validation utils above).\n- Manifest conversion requires both `relationTargetFieldMetadataUniversalIdentifier` and `relationTargetObjectMetadataUniversalIdentifier` or it throws — `.../converters/from-field-manifest-to-universal-flat-field-metadata.util.ts:37-52`.\n- At **install/run time**, unresolved universal identifiers throw: `Relation target field metadata not found ...` / `Relation target object metadata not found ...` — `.../workspace-migration-runner/action-handlers/field/services/utils/from-universal-flat-field-metadata-to-flat-field-metadata.util.ts:73-100`. So an app morph relation targeting another app's object requires that other app installed first (or the target declared in the same manifest). Same-manifest pairs are bundled into one create action via `aggregate-relation-field-pairs.util.ts:37-66`.\n- `junctionTargetFieldUniversalIdentifier` unresolved also throws — `from-universal-settings-to-flat-field-metadata-settings.util.ts:51-59`.\n- Export rule: a morph field without `morphId` is not exportable — `.../application-manifest/utils/get-unsupported-relation-field-reason.util.ts:34-39`.\n- Cross-app prerequisite precedent (ordering): `a2e-projects` declares A2E Documents as a \"hard install prerequisite\" — `packages/twenty-apps/internal/a2e-projects/src/page-layouts/project.page-layout.ts:200-209`.\n\n---\n\n## 5. Federation / inverse / backlinks — how related records are computed today\n\nThere is **no primitive literally named \"backlink\"**. The generic inverse/related capability is implemented as the **junction** + morph-relation machinery in `twenty-front`.\n\n**GraphQL fetch of morph values** (`packages/twenty-front/src/modules/object-record/graphql/record-gql-fields/utils/generateDepthRecordGqlFieldsFromFields.ts:88-123`): for each `fieldMetadata.morphRelations[]` it computes gql field `<fieldName><TargetSingular>` via `computeMorphRelationGqlFieldName` and nests target identifier fields. Same pattern in `generateJunctionRelationGqlFields.ts`.\n\n**Reading values** — `recordStoreMorphOneToManyValueWithObjectNameFamilySelector.ts:18-47` maps each morph relation to `{ objectNameSingular, value }` using the computed gql field name. Consumed by `useGetMorphRelationRelatedRecordsWithObjectNameSingular` (`.../record-detail-section/relation/components/hooks/...:6-58`).\n\n**Junction resolution (the reusable \"link any record\" logic)**\n- Types: `JunctionConfig` / `ValidJunctionConfig` / `ValidResolvedJunctionConfig` — `.../record-field/ui/utils/junction/types/{JunctionConfig,ValidJunctionConfig,ValidResolvedJunctionConfig}.ts`\n- `getJunctionConfig.ts:18-125` — finds the junction object, its source field (RELATION or MORPH_RELATION), and the target field; infers legacy morph junction when unlabeled + exactly one morph target; marks `isMorphRelation = targetField.type === MORPH_RELATION`.\n- `resolveJunctionConfig.ts:60-139` + `resolveReverseJunctionConfig.ts:92-279` — forward/reverse/ambiguous/invalid resolution; configured via `settings.junctionTargetFieldId` (`hasJunctionTargetFieldId.ts:16-27`, `isConfiguredJunctionRelationField.ts:5-9`, `isUsableJunctionConfig.ts`).\n- Object-scoped morph junction (`note.noteTargets` etc.): `getObjectMorphJunctionConfig.ts:20-83` (yields `junctionField`, `sourceField`, `sourceJoinColumnName`, `junctionObjectMetadata`), hook `useObjectMorphJunctionConfig` / `useObjectMorphJunctionConfigOrThrow`.\n- `categorizeRelationFields.ts:49-86` splits fields into `inlineRelationFields`, `junctionRelationFields`, `boxedRelationFields` for the record detail page.\n\n**Related/backlink UI surfaces**\n- Record detail sections: `RecordDetailRelationSection.tsx`, `RecordDetailMorphRelationSection.tsx`, `RecordDetailRelationRecordsList.tsx`, dropdowns `RecordDetailMorphRelationSectionDropdown*.tsx` (all under `.../record-field-list/record-detail-section/relation/components/`).\n- Page-layout widgets: `WidgetRelationsHeader.tsx:19-42` renders `RecordTargetsInlineCell.tsx:24-108` (the morph junction picker, e.g. attachment targets) in the record page header; `FieldWidgetMorphRelationField.tsx` / `FieldWidgetMorphRelationCard.tsx` render related record chips/cards; `FieldWidgetJunctionRelationCard.tsx` / `FieldWidgetRelationRecordsCard.tsx`; `FieldWidgetRelationTable.tsx`.\n- `useFieldWidgetJunctionRelationRecords.ts`, `resolveFieldWidgetJunctionConfig.ts`, `getFieldWidgetRelationTraversal.ts:34-57` (morph junctions get no embedded view — L33 comment).\n- Related-record actions: `packages/twenty-front/src/modules/activities/hooks/useRelatedRecordActions.ts:14`.\n- Cell display: `MorphRelationManyToOneFieldDisplay.tsx`; record pickers use `RecordPickerPickableMorphItem` (`SingleRecordPickerMenuItem.tsx`, `MultipleRecordPicker*.tsx`).\n\n**Front-end morph field type**: `FieldMetadataItem.morphRelations?: FieldMetadataItemRelation[]` and `morphId?: string | null` — `packages/twenty-front/src/modules/object-metadata/types/FieldMetadataItem.ts:36, 43`; `FieldMetadataItemRelation` shape at `.../FieldMetadataItemRelation.ts:5-17` (`type`, `source/targetFieldMetadata`, `source/targetObjectMetadata`).\n\n---\n\n## Bottom line for a generic \"link any record\" junction\n\n- The reusable native primitive is `FieldMetadataType.MORPH_RELATION`: a **set of per-target relation fields sharing one `morphId`**, each pointing at a distinct target object, with the inverse RELATION field on the target. There is no stored target-type discriminator column; the populated join column identifies the target.\n- `attachment`, `noteTarget`, `taskTarget`, `timelineActivity` are the four **auto-provisioned morph holders** for every non-standard object — this is precisely a generic \"link any record\" junction already in place, and app-owned objects are automatically morph targets there.\n- App metadata declares each morph leg as a `RelationFieldManifest` with `morphId` + target object/field universal identifiers; app-owned objects may declare morph relations, and app-owned objects may be morph targets (explicitly, and automatically for the four default holders).\n- Install is universal-identifier-based: target object and target inverse field must exist either in the same manifest or already in the workspace, otherwise install throws (`from-universal-flat-field-metadata-to-flat-field-metadata.util.ts:73-100`); cross-app morph targets therefore imply an install-order prerequisite.\n- The front-end \"related/backlink\" experience is the **junction** resolution layer (`resolveJunctionConfig` / `resolveReverseJunctionConfig` / `getObjectMorphJunctionConfig`) plus morph display widgets; no separate backlink primitive exists.\n</task_result>\n</task>"
    }
  ],
  "hierarchy": [
    {
      "state": {
        "id": "subagent_1790803170115_ugn75uy",
        "agentType": "explore",
        "description": "Research Related widget surface",
        "status": "completed",
        "childIds": [],
        "spawnedAt": "2026-09-30T21:19:30.115Z",
        "prompt": "You are researching the Twenty/A2E codebase at /Users/maxaubert/Projets/A2E Suite. Read-only research task — do not modify anything. I need an evidence-based report on the \"Related\" widget surface options and the M8d backlink precedent.\n\nFind and report:\n1. Page-layout widget system: the widget types available (packages/twenty-front/src/modules/page-layout/... — enums like `WidgetType`, `WidgetConfigurationType`, record-table/widget renderers). What widget types exist (TABLE/KANBAN/LIST/CALENDAR/FILES/NOTES/RELATION/etc.)? Can an app-owned/custom widget be added, or must one of the built-in widget types be used? Cite the `RecordTableWidgetRendererContent` dispatch and the widget type enums.\n2. The native relation/related-list widget: how does a record page show related records from a relation field today? Find the `FIELD`/`RELATION` widget or `FieldWidget` that renders a one-to-many relation as a table. Cite it.\n3. M8d \"backlinks\" — grep for `backlink`, `Backlink`, `back-link`, and any document backlink feature (likely in packages/twenty-front/src/modules/blocknote-editor or a2e-documents app). What is M8d exactly per PLAN.md? Search PLAN.md for M8d. What UI/component currently renders backlinks, if any?\n4. App front components: can an internal app register a page-layout widget, or only front components/tabs? Look at packages/twenty-apps/internal/* for `front-components` and any page-layout/widget registration in application configs. Report what surfaces an app can own (page layout tab, widget, front component).\n5. The `PageLayoutWidget` entity/object: is `widget` a standard object that apps can create records for, or is it host-only? Cite the object definition.\n\nReturn a structured report: the available widget surfaces, whether the \"Related\" panel should be a page-layout widget vs an app front component, with file:line citations and constraints. Be specific and quote real symbols. Do NOT write code.",
        "endedAt": "2026-09-30T21:19:30.115Z",
        "durationMs": 0,
        "result": "<task id=\"ses_f0bd32f72ffeo433MaGC9oz5Pj\" state=\"completed\">\n<task_result>\nI have gathered comprehensive evidence. Here is the structured report.\n\n---\n\n# Evidence-Based Report: \"Related\" Widget Surface Options & M8d Backlink Precedent\n\nRoot: `/Users/maxaubert/Projets/A2E Suite`. All citations are `file:line`. Research is read-only; nothing was modified.\n\n---\n\n## 1. Page-layout widget system\n\n### 1a. The widget type enum is a closed, server-owned union — no RELATION/KANBAN/LIST types\n\n`packages/twenty-shared/src/types/page-layout/WidgetType.ts:1-27` defines the canonical enum:\n\n```\nVIEW, IFRAME, FIELD, FIELDS, GRAPH, STANDALONE_RICH_TEXT, TIMELINE, TASKS, NOTES,\nFILES, EMAILS, CALENDAR, FIELD_RICH_TEXT, WORKFLOW, WORKFLOW_VERSION, WORKFLOW_RUN,\nFRONT_COMPONENT, RECORD_TABLE, EMAIL_THREAD, CALL_RECORDING_SUMMARY,\nCALL_RECORDING_TRANSCRIPT, MESSAGE_CAMPAIGN_BODY, MESSAGE_CAMPAIGN_DETAILS,\nFORM_FIELD, DISCUSSIONS\n```\n\nImportant: there is **no `RELATION`, `KANBAN`, `LIST`, `GALLERY`, or custom widget type**. `KANBAN/LIST/CALENDAR/TABLE` are *view layouts* rendered inside a `RECORD_TABLE` (or `VIEW`) widget, not widget types. There is no `FORM_FIELD`-vs-`RELATION` relation widget; relation display is a *display mode* of `FIELD` (see §2).\n\nThe server mirrors it exactly in `packages/twenty-server/src/engine/metadata-modules/page-layout-widget/enums/widget-configuration-type.type.ts:7-36` (`WidgetConfigurationType`). The generated GraphQL `WidgetConfigurationType` union is frozen at `packages/twenty-client-sdk/src/metadata/generated/schema.ts:768`.\n\nThe configuration payload union is `packages/twenty-shared/src/types/page-layout/page-layout-widget-configuration.type.ts:206-234` (`PageLayoutWidgetConfiguration`), with `FieldConfiguration` at `:100-109` and `FrontComponentConfiguration` at `:140-144`.\n\n### 1b. The renderer dispatch\n\nTwo dispatch layers:\n\n**Top-level widget dispatch** — `packages/twenty-front/src/modules/page-layout/widgets/components/WidgetContentRenderer.tsx:29-102`. A `switch (widget.type)` maps every `WidgetType` to a renderer, including:\n- `case WidgetType.FIELD: return <FieldWidget .../>` (`:39-40`)\n- `case WidgetType.RECORD_TABLE: return <RecordTableWidgetRenderer .../>` (`:81-82`)\n- `case WidgetType.FRONT_COMPONENT: return <FrontComponentWidgetRenderer .../>` (`:78-79`)\n- `default: return null` (`:99-100`)\n\n**View-layout dispatch inside RECORD_TABLE/FIELD-table** — `packages/twenty-front/src/modules/page-layout/widgets/record-table/components/RecordTableWidgetRendererContent.tsx:84-96`:\n\n```ts\nconst renderWidgetForLayout = {\n  [ViewType.TABLE]:   () => <RecordTableWidget .../>,\n  [ViewType.KANBAN]:  () => <RecordBoardWidget .../>,\n  [ViewType.LIST]:    () => <RecordListWidget />,\n  [ViewType.CALENDAR]:() => <RecordCalendarWidget .../>,\n} satisfies Record<RecordTableWidgetLayout, () => ReactNode>;\n```\n\nThe keyed object (rather than a chain) is a deliberate compile-time exhaustiveness guard (`:82-83`).\n\n### 1c. Can an app-owned/custom widget be added?\n\n**No new widget type.** The server enum is authority: the entity column types on `WidgetType` (`page-layout-widget.entity.ts:72-78`), the field-type validator whitelist (`flat-page-layout-widget-type-validator.service.ts:55-186`), and the app manifest converter cast `type: pageLayoutWidgetManifest.type as WidgetType` (`from-page-layout-widget-manifest-to-universal-flat-page-layout-widget.util.ts:84`). An app manifest that names an unknown type is cast, not validated to a new behavior; nothing in the front dispatcher would render it.\n\n**The one app-authored widget surface is `FRONT_COMPONENT`.** It is a built-in `WidgetType` whose configuration points at an app-owned front component (`FrontComponentConfiguration`, `page-layout-widget-configuration.type.ts:140-144`) and is rendered by `FrontComponentWidgetRenderer` (`packages/twenty-front/src/modules/page-layout/widgets/front-component/components/FrontComponentWidgetRenderer.tsx:37-71`), which lazily loads `@/front-components/components/FrontComponentRenderer` and passes `selectedRecordIds` from `targetRecordIdentifier` (`:54-56, :64-68`).\n\n---\n\n## 2. The native relation / related-list widget\n\nThere is **no `RELATION` widget**; a one-to-many relation is rendered by the **`FIELD` widget** (`type: 'FIELD'`) using its `fieldDisplayMode`. `FieldConfiguration` is at `page-layout-widget-configuration.type.ts:100-109`:\n\n```ts\nexport type FieldConfiguration = {\n  configurationType: 'FIELD';\n  fieldMetadataId: string;\n  fieldDisplayMode: 'CARD' | 'EDITOR' | 'FIELD' | 'VIEW' | 'TABLE';\n  viewId?: string;\n  nestedRelationFieldMetadataId?: string | null;\n  isUIEditable?: boolean;\n};\n```\n\n`FieldDisplayMode` values are confirmed at `packages/twenty-front/src/generated-metadata/graphql.ts:2020-2026`.\n\n`FieldWidget` (`packages/twenty-front/src/modules/page-layout/widgets/field/components/FieldWidget.tsx`) is the dispatcher:\n- Relation branch: `if (isFieldRelation(fieldDefinition)) { ... }` (`:128`)\n- **`FieldDisplayMode.TABLE` → `FieldWidgetRelationTable`** (`:184-190` for plain relations; `:155-163` for junction relations)\n- `CARD` → `FieldWidgetRelationCard` / `FieldWidgetJunctionRelationCard` (`:144-152, :174-182`)\n- default → `FieldWidgetRelationField` (record chips) (`:193-199`)\n\n`FieldWidgetRelationTable` is the \"related records as a table\" renderer: `packages/twenty-front/src/modules/page-layout/widgets/field/components/FieldWidgetRelationTable.tsx:44-261`. It computes the relation target object (`:68-136`), builds a `filterCurrentRecord` from the page record (`:208-230`), and delegates to the shared table:\n\n```tsx\n<RecordTableWidgetRendererContent\n  objectMetadataId={tableObjectMetadataId}\n  viewId={viewId}\n  widgetId={widget.id}\n  ...\n/>\n```\n(`:248-257`). Default is editable on record pages (`:60-63`).\n\nSo today a record page lists related records from **a declared relation field** via `FIELD` + `TABLE`; `FieldWidgetRelationField` renders the compact chip list for `FIELD`/default modes (`FieldWidgetRelationField.tsx:13-43`). Other relation-shaped built-ins read a fixed native relation by widget type via `WidgetTypeToRelationFieldName` (`packages/twenty-front/src/modules/page-layout/constants/WidgetTypeToRelationFieldName.ts:3-15`: `TASKS→taskTargets`, `NOTES→noteTargets`, `FILES→attachments`, `TIMELINE→timelineActivities`, `DISCUSSIONS→discussions`, …) and `WidgetTypesRequiringRelationField` (`WidgetTypesRequiringRelationField.ts:7-13`).\n\nThere is no generic \"list everything that references me\" widget — that is what M8d/M11a must build.\n\n---\n\n## 3. M8d \"backlinks\" — what it is and what exists today\n\n### 3a. M8d is *planned only*; nothing is implemented\n\n`PLAN.md:316-318`:\n\n> **M8d — Backlinks & mentions panel.** \"Mentioned in\" section on document and on every record page (page-layout tab/widget) computed from mention nodes stored at save; no full-text scan at read.\n\nRelated: `PLAN.md:185` (G9 — editor has \"no page icon/cover/backlinks\"), `PLAN.md:189` (G13 — \"no generic 'link any record' / backlink panel\", fixed by M11a), `PLAN.md:404-409` (M11a — \"Record pages show a 'Related' widget listing links + backlinks (M8d)\"), `PLAN.md:428` (E14 acceptance: \"backlink visible on task\"), `PLAN.md:431` (E17).\n\n### 3b. No backlink UI/component currently exists\n\nRepo-wide searches for `backlink|Backlink|back-link|mentionedIn|Mentioned in|backLinks` return **only docs/plan prose** — no implementation:\n- No matches in `packages/twenty-apps/**` (search of the app tree).\n- No matches in `packages/twenty-front/src/modules/blocknote-editor`.\n- The only source-adjacent hit is an unrelated migration comment (`optimistically-apply-create-action...util.ts:56`).\n- User docs explicitly mark it unshipped: `packages/twenty-docs/user-guide/a2e-suite/working-across-apps.mdx:8-10,24-27` (\"The universal link picker and Related panel (M11a) are **not shipped yet**; linking today is per-pair\") and `:33` (\"Read the Related panel\" is listed under *Planned sections*).\n\nThe M11a spike deliverable is only *claimed*: `docs/plan/phases/phase-15-report.md:1-3` contains a single CLAIMED line, and `tasks/prd.json:503-518` (US-125) has `\"passes\": false`. US-125 scope explicitly defers the decision: `tasks/prd.json:510` — \"Decide the search-federation reuse point … and the **'Related' widget surface (page-layout widget vs front component)**\".\n\n### 3c. The data foundation that *does* exist: mention nodes are stored at save\n\n`MentionInlineContent` (`packages/twenty-front/src/modules/blocknote-editor/blocks/MentionInlineContent.tsx:84-104`) is a BlockNote inline content spec whose `propSchema` stores, per mention: `recordId`, `objectMetadataId`, `objectNameSingular`, `label`, `imageUrl` (`:87-103`). New notes store `objectNameSingular + label + imageUrl` directly (`:116-128`); legacy notes only `objectMetadataId + recordId` and resolve lazily (`:28-82, :130-136`). It is registered in the editor schema at `packages/twenty-front/src/modules/blocknote-editor/blocks/Schema.ts:33` (`mention: MentionInlineContent`).\n\nMentions are inserted by `LinkToRecordPicker` (`packages/twenty-front/src/modules/blocknote-editor/components/LinkToRecordPicker.tsx:72-84`), which writes a `mention` node with `recordId/objectMetadataId/objectNameSingular/label`. This is precisely the \"mention nodes stored at save\" that M8d says to compute backlinks from — but **nothing yet indexes or queries them for backlinks** (no denormalized junction/table, no \"Mentioned in\" query).\n\n---\n\n## 4. What surfaces can an internal app own?\n\n### 4a. Apps declare `pageLayouts` and `pageLayoutTabs`; widgets are **nested**, not independently syncable\n\nThe manifest types are `packages/twenty-shared/src/application/pageLayoutManifestType.ts:11-35`:\n- `PageLayoutWidgetManifest` (`:11-18`) — `type: \\`${WidgetType}\\`` + `configuration: PageLayoutWidgetUniversalConfiguration`\n- `PageLayoutTabManifest` (`:20-27`) — `widgets?: PageLayoutWidgetManifest[]`\n- `PageLayoutManifest` (`:29-35`) — `tabs?: PageLayoutTabManifest[]`\n\nThe server confirms widgets exist **only as children** of a tab: the widget descriptor's `getCandidates` walks `pageLayoutTabs[].widgets` and `pageLayouts[].tabs[].widgets` (`packages/twenty-server/src/engine/core-modules/application/application-manifest/utils/find-manifest-entity-descriptor-by-universal-identifier.util.ts:117-129`), and the converter requires a `pageLayoutTabUniversalIdentifier` plus `applicationUniversalIdentifier` (`from-page-layout-widget-manifest-to-universal-flat-page-layout-widget.util.ts:62-100`).\n\nCrucially, the **syncable entity enum has `PageLayout` and `PageLayoutTab` but no `PageLayoutWidget`** (`packages/twenty-shared/src/application/enums/syncable-entities.enum.ts:13-14`). So there is no top-level \"widget\" entity an app registers; it ships widgets as part of a layout/tab it declares.\n\n### 4b. The only app-code-backed widget type is `FRONT_COMPONENT`\n\nReal precedents in `packages/twenty-apps/internal/`:\n\n- **`a2e-documents`** declares its document record page with a `FRONT_COMPONENT` widget bound to the app's own `document-page` front component:\n  `packages/twenty-apps/internal/a2e-documents/src/page-layouts/document.page-layout.ts:37-45`:\n  ```ts\n  { title: 'Page', type: 'FRONT_COMPONENT',\n    configuration: { configurationType: 'FRONT_COMPONENT',\n                     frontComponentUniversalIdentifier: FRONT_COMPONENT_IDS.documentPage } }\n  ```\n  The component (`.../front-components/document-page.front-component.tsx:825-831`) already renders app-owned page chrome (breadcrumbs, icon/cover, outline, child pages) and reads the host-supplied record via `useSelectedRecordIds()` (`:275-279`). It uses `defineFrontComponent` and the `twenty-sdk/front-component` runtime.\n\n- **`a2e-chat`** takes the *additive* route: instead of overriding a whole record page, it declares a standalone tab on an existing standard page layout:\n  `packages/twenty-apps/internal/a2e-chat/src/page-layout-tabs/company-discussions.page-layout-tab.ts:15-35` — `pageLayoutUniversalIdentifier: STANDARD_PAGE_LAYOUT.companyRecordPage.universalIdentifier`, with a `DISCUSSIONS` widget. Its comment (`:10-14`) notes a standalone tab is \"additive) rather than shipping an app page layout, which would override every default company tab.\"\n\n- **`rich-app` fixture** shows the same nested pattern with a `FRONT_COMPONENT` and a `GRAPH` widget in a standalone tab (`packages/twenty-apps/fixtures/rich-app/src/page-layout-tabs/extra-tab.page-layout-tab.ts:16-39`).\n\n### 4c. Host UI for adding widgets (what a user/editor can insert)\n\n`SidePanelPageLayoutRecordPageWidgetTypeSelect.tsx:353-405` offers only: **Fields group** (`FIELDS`), **Field** (`FIELD`), **Note**, and a **Front Components** section populated from installed non-headless front components (`:142-155, :383-404`). A `FRONT_COMPONENT` widget is created with `type: WidgetType.FRONT_COMPONENT` and `configuration.frontComponentId` (`:298-312`). `RecordPageAddWidgetSection.tsx:77-108` mirrors `Fields group` / `Field` / `Note` / \"More widgets\". So the host itself treats an app front component as a first-class insertable widget.\n\n### 4d. Surfaces an app can own — summary\n\n| Surface | Ownable by app? | Evidence |\n|---|---|---|\n| Navigation item / command menu | Yes | `a2e-documents/src/navigation-menu-items/*`, `command-menu-items/*` |\n| Front component (headless or UI) | Yes | `defineFrontComponent` (`document-page...tsx:825`) |\n| Page layout (record page; **replaces** default) | Yes | `document.page-layout.ts:11-64`; warning in `document-generator/.../document-record.page-layout.ts:13-16` |\n| Page layout **tab** (additive on standard layout) | Yes | `company-discussions.page-layout-tab.ts:10-35` |\n| Widget **nested in** own tab/layout, type must be built-in | Yes | `pageLayoutManifestType.ts:20-25`; `syncable-entities.enum.ts:13-14` |\n| New/arbitrary widget **type** | No | `WidgetType.ts` closed enum; `page-layout-widget.entity.ts:72-78` |\n| App-code-backed widget payload | Yes, only via `FRONT_COMPONENT` | `FrontComponentWidgetRenderer.tsx:37-71` |\n\n---\n\n## 5. The `PageLayoutWidget` entity/object — host-owned metadata, not an app workspace object\n\nEntity: `packages/twenty-server/src/engine/metadata-modules/page-layout-widget/entities/page-layout-widget.entity.ts`\n- `@Entity({ name: 'pageLayoutWidget', schema: 'core' })` (`:41`) — it is a **core metadata entity**, not a workspace object.\n- `type: WidgetType` enum column (`:72-78`); `configuration: jsonb` (`:102-105`).\n- It extends `OverridableEntity` (`:54`) → `SyncableEntity` (`packages/twenty-server/src/engine/workspace-manager/types/overridable-entity.ts:6-14`), which carries `universalIdentifier` and `applicationId` (`syncable-entity.interface.ts:9-21`). So widgets are application-scoped and can be app-overridable (`overrides` column), but the object itself is host-defined.\n\nIt is managed through the **metadata GraphQL API**, not the workspace data API:\n`packages/twenty-client-sdk/src/metadata/generated/schema.graphql:3546-3547` (`getPageLayoutWidgets`, `getPageLayoutWidget`), `:3839-3841` (`createPageLayoutWidget`, `updatePageLayoutWidget`, `destroyPageLayoutWidget`); input shapes at `:4475-4484` (`CreatePageLayoutWidgetInput` requires `type: WidgetType`, `configuration: JSON`). There is no workspace-GraphQL query for `pageLayoutWidget` records — apps use `CoreApiClient` for workspace objects, and `definePageLayout`/`definePageLayoutTab` for metadata. An app therefore does **not** create arbitrary widget records; it declares them in its manifest (nested, built-in type only).\n\n---\n\n## Conclusion: page-layout widget vs. app front component for \"Related\"\n\n### The available surfaces for a \"Related\" panel\n\n1. **A native page-layout widget** is impossible as a *new* type (closed `WidgetType`). It can only be one of the built-ins:\n   - `FIELD` + `fieldDisplayMode: TABLE` renders **one declared relation** as a table (`FieldWidget.tsx:184-190` → `FieldWidgetRelationTable.tsx:248`). It cannot express \"all links + backlinks\" because that set is not a single declared relation and has no `fieldMetadataId`.\n   - `RECORD_TABLE` renders one object's view (`RecordTableWidgetRendererContent.tsx:84-96`), filtered by the current record; it also cannot aggregate heterogeneous backlinks.\n2. **A `FRONT_COMPONENT` widget** — an app ships a front component and declares it nested in a page-layout/tab (`FrontComponentConfiguration`, `page-layout-widget-configuration.type.ts:140-144`; rendered by `FrontComponentWidgetRenderer.tsx:37-71`). It receives the current record id (`:54-56`) and can query arbitrary objects via `CoreApiClient`. This is the only surface that can *host app logic* inside a widget.\n3. **An app-owned page-layout tab** on a standard record page (additive), as `a2e-chat` does (`company-discussions.page-layout-tab.ts:10-35`; standard ids exported via `standard-page-layout-ids.ts` → `STANDARD_PAGE_LAYOUT_UNIVERSAL_IDENTIFIERS`).\n4. **An app-owned record page layout** — but it *replaces* the default layout, so it is unsuitable for \"every record page\" unless the app re-implements all fields (warning in `document-generator/.../document-record.page-layout.ts:13-16`).\n\n### Evidence-based recommendation\n\n**The \"Related\" panel is best built as an app `FRONT_COMPONENT` widget (or an app-owned additive tab containing it), not as a new native page-layout widget type** — unless the host itself takes ownership.\n\nRationale and constraints:\n- **Constraint:** a new widget *type* requires changes in the host's closed server enum + front dispatcher (`WidgetType.ts`, `WidgetConfigurationType.type.ts`, `WidgetContentRenderer.tsx:32-101`). That is a host/product change, not something an internal app can ship. If A2E wants `WidgetType.RELATED` to appear on *every* record page for *every* object, only the **host** can add it (e.g. mirroring how `TASKS/NOTES/FILES/TIMELINE` read fixed native relations via `WidgetTypeToRelationFieldName.ts:3-15`).\n- **Constraint:** backlinks are not implemented at all today (§3), and their computation source (mention nodes stored at save) exists only as BlockNote inline props (`MentionInlineContent.tsx:87-103`), with no index/query. Any surface needs new computation logic; a front component can encapsulate that logic in the app, whereas a native widget would force it into `twenty-front`.\n- **Constraint:** apps cannot attach a widget to an arbitrary existing page layout except via a *standalone tab the app declares* against a known standard layout id (the `a2e-chat` pattern). \"On every record page\" therefore means one tab declaration per standard page layout, or a host-wide widget.\n- **Precedent:** the `a2e-documents` app already renders heavy custom record-page content (including a \"child pages\" relation list) as a `FRONT_COMPONENT` widget inside its own record page (`document.page-layout.ts:37-45`; `document-page.front-component.tsx:767-820`). A \"Related\" panel follows that exact shape.\n- **Divergence:** if the panel must list links/backlinks for *any* object on the *host's* default record pages (M8d: \"on every record page\"), the app-tab-per-object approach is repetitive and leaks across apps; a host-owned widget type (or a host-rendered generic tab) is the cleaner fit. US-125 is the spike chartered to decide exactly this (`tasks/prd.json:508-510`).\n\n### Net answer\n- **Do not attempt a new app-owned widget type** — the system is closed (`WidgetType.ts:1-27`; `page-layout-widget.entity.ts:72-78`).\n- **If the panel is app logic:** ship it as a `FRONT_COMPONENT` widget (config `FrontComponentConfiguration`, `page-layout-widget-configuration.type.ts:140-144`) inside an app page layout/tab, following `a2e-documents` and `a2e-chat`. This is the only app-ownable widget payload.\n- **If the panel must be universal (every record page, every object):** it must be host-owned — either a new built-in `WidgetType` (host server+front change) or a host-rendered tab/widget. No app-level mechanism exists to inject a widget into every existing page layout generically.\n- The M8d backlink rune itself is unimplemented; the only durable hook available is the per-mention `recordId/objectMetadataId/objectNameSingular` stored in `MentionInlineContent` (`MentionInlineContent.tsx:87-103`), matched by `LinkToRecordPicker` insertion (`LinkToRecordPicker.tsx:72-84`).\n</task_result>\n</task>"
      },
      "children": []
    },
    {
      "state": {
        "id": "subagent_1790803231580_u9hx5c3",
        "agentType": "explore",
        "description": "Research search federation P2.5",
        "status": "completed",
        "childIds": [],
        "spawnedAt": "2026-09-30T21:20:31.580Z",
        "prompt": "You are researching the Twenty/A2E codebase at /Users/maxaubert/Projets/A2E Suite. Read-only research task — do not modify anything. I need an evidence-based report on the SEARCH FEDERATION seam (referred to in PLAN.md as P2.5 \"search federation\", likely a `searchAppRecords` query + core search).\n\nFind and report:\n1. The core search implementation: GraphQL query/schema for search across records (search resolvers, `search` module under packages/twenty-server/src/engine/core-modules/search or similar). What does the core search input/output look like, how does it federate across object metadata, and does it support all objects or only some?\n2. `searchAppRecords` specifically — grep the whole repo for `searchAppRecords` and any app-record search GraphQL. Which package/module defines it (server? twenty-sdk? apps?). What is its exact input/output type and what does it search?\n3. Any command-menu / global search frontend that already lists records across objects (packages/twenty-front/src/modules/command-menu, search, record-picker). Cite the fetch hooks and the picker components (e.g. `LinkToRecordPicker`, `useSearchRecords`, `SearchRecordsPage`).\n4. How a \"Link…\" fallback / record picker today picks a target record. Look at `LinkToRecordPicker` and any existing relation picker.\n5. Whether there is a single federated search entry point a link picker could reuse, and any documented gaps (does it cover app-owned objects? does it require the object to be in a search index?).\n\nReturn a structured report with exact query names, types, file:line citations, and a clear statement of the reuse point a universal link picker should call. Be specific and quote real symbols. Do NOT write code.",
        "endedAt": "2026-09-30T21:20:31.580Z",
        "durationMs": 0,
        "result": "<task id=\"ses_f0bd32fa4ffe1Sp4hUJ6O6ttna\" state=\"completed\">\n<task_result>\nI have gathered enough evidence. Here is the structured report.\n\n---\n\n# SEARCH FEDERATION SEAM — evidence report (P2.5 / M11a)\n\n## 0. Executive summary\n\nThere are **two distinct server search entry points**, both on `SearchResolver` in `packages/twenty-server/src/engine/core-modules/search/`:\n\n1. **`search`** — core full-text search over **object records** (workspace metadata objects), cursor-paginated, returns `SearchRecordDTO` that carries `objectNameSingular` + `recordId`. Implementation: `SearchService` using Postgres `tsvector` + ILIKE fallback over a `searchVector` column.\n2. **`searchAppRecords`** — \"app-provider federation\": runs app-registered `SearchProvider`s and returns `AppSearchRecordDTO` groups. These results carry **only `recordId`, `label`, `description`, `imageUrl`, `path`** — **no `objectNameSingular`**. It groups by installed application.\n\nThe only place they are merged is the **frontend** `SidePanelSearchRecordsPage` (Cmd+K / side-panel search), via `groupSearchResultItems`. There is **no single server-side federated resolver** and **no combined frontend hook**.\n\n**Reuse point for a universal link picker (evidence-based):** the link picker must call the **core `search` path**, i.e. `useObjectRecordSearchRecords` → `SearchDocument`/`search` query (exactly what `SingleRecordPicker`/`useSingleRecordPickerPerformSearch` already does, and what `LinkToRecordPicker` already wires). It cannot use `searchAppRecords` to *create* a link, because `AppSearchRecordDTO` has no `objectNameSingular`/`objectMetadataId` — only an opaque `path`. Details in §5.\n\n---\n\n## 1. Core search implementation\n\n### Resolver / schema\n\n`packages/twenty-server/src/engine/core-modules/search/search.resolver.ts`\n- `@CoreResolver()`, guarded by `WorkspaceAuthGuard` + `CustomPermissionGuard`, filtered by `SearchApiExceptionFilter` (lines 24-32).\n- `search(...)` at **line 39-93**: `@Query(() => SearchResultConnectionDTO)`. Args: `searchInput`, `limit`, `filter`, `includedObjectNameSingulars`, `excludedObjectNameSingulars`, `after` (line 42-50).\n- Flow: loads `flatObjectMetadataMaps`/`flatFieldMetadataMaps` (line 53-59) → `searchService.filterObjectMetadataItems` (line 65-70) → `getAllRecordsWithObjectMetadataItems` (line 72-82) → `computeSearchObjectResults` (line 84-92).\n\n### Input type — `SearchArgs`\n\n`packages/twenty-server/src/engine/core-modules/search/dtos/search-args.ts:7-35`\n```\n@ArgsType() SearchArgs {\n  searchInput: string;                         // required\n  limit: number;                               // Int, Max(100)\n  after?: string;                              // cursor\n  includedObjectNameSingulars?: string[];\n  filter?: ObjectRecordFilterInput;\n  excludedObjectNameSingulars?: string[];\n}\n```\n\nFrontend counterpart `SEARCH_QUERY` in `packages/twenty-front/src/modules/command-menu/graphql/queries/search.ts:3-37`; generated as `SearchDocument` / `SearchQuery` in `packages/twenty-front/src/generated/graphql.ts:903-913,1099`.\n\n### Output types\n\n- `SearchResultConnectionDTO { edges: SearchResultEdgeDTO[]; pageInfo }` — `dtos/search-result-connection.dto.ts:6-13`\n- `SearchResultEdgeDTO { node: SearchRecordDTO; cursor: string }` — `dtos/search-result-edge.dto.ts:5-12`\n- `SearchRecordDTO` — `dtos/search-record.dto.ts:7-38`: `recordId`, **`objectNameSingular`**, `objectLabelSingular`, `label`, `imageUrl`, `tsRankCD`, `tsRank`.\n\n### How it federates across object metadata\n\n`SearchService` (`services/search.service.ts`):\n- `getAllRecordsWithObjectMetadataItems` (line 81-151) iterates **every filtered `flatObjectMetadata`**, in chunks of 5 (`OBJECT_METADATA_ITEMS_CHUNK_SIZE`, line 68), and runs the search query per object under the caller's role config (`resolveRolePermissionConfig`, line 114-119) with `workspaceOrmManager.getRepository(objectNameSingular, rolePermissionConfig)` (line 121-125).\n- `filterObjectMetadataItems` (line 153-196):\n  - Always drops `!isActive` (line 166-168).\n  - **Explicit inclusion branch** (line 170-183): if `includedObjectNameSingulars.length > 0`, returns objects in the included list minus excluded, **skipping the `isSearchable` check** (but dropping `OBJECTS_WITH_CHANNEL_VISIBILITY_CONSTRAINTS`).\n  - **Default branch** (line 185-193): requires `isSearchable` and not excluded.\n- The actual lookups (`buildSearchQueryAndGetRecords`, line 260-374) use:\n  - `ts_rank_cd(\"searchVector\", to_tsquery('simple', unaccent(...)))` (line 313-315), `WHERE \"searchVector\" @@ to_tsquery(...)` (line 342-353), GIN-backed.\n  - ILIKE fallback only when tsvector yields zero on the first page (`buildSearchQueryAndGetRecordsWithFallback`, line 203-258; `buildIlikeFallbackQuery`, line 376-500) — and this fallback also matches against `\"searchVector\"::text` (line 467).\n- Merge/rank: `computeSearchObjectResults` (line 778-870) flattens all objects, resolves label/image, sorts by `tsRankCD` then `tsRank` then `STANDARD_OBJECTS_BY_PRIORITY_RANK` (`constants/standard-objects-by-priority-rank.ts:2-8`: person 5, company 4, opportunity 3, note 2, task 1).\n\n### Does it support all objects or only some?\n\nEffectively **only objects that are `isSearchable` and have a populated `searchVector`**:\n- `searchVector` (TS_VECTOR system field) + GIN index is auto-provisioned for **every** custom/app object on create (`metadata-side-effect/.../object-search-vector-on-create-side-effect-handler.service.ts:36-61`).\n- But the `searchFieldMetadata` row that *populates* `searchVector` is created **only when `flatObjectMetadata.isSearchable === true`** and the label identifier is a searchable field type (same handler, line 95-97, 126-131). A non-searchable object has a `NULL` `searchVector`, so both the tsvector query and the ILIKE fallback match nothing.\n- `includedObjectNameSingulars` bypasses the `isSearchable` filter (line 170-183) but cannot resurrect a NULL index.\n- Every object must have a label identifier or `getLabelIdentifierColumns` throws `LABEL_IDENTIFIER_FIELD_NOT_FOUND` (line 550-559).\n\nApp-owned objects **are** included by default: the app-manifest converter defaults `isSearchable` to true (`application/application-manifest/converters/from-object-manifest-to-universal-flat-object-metadata.util.ts:40` — `objectManifest.isSearchable ?? true`). `defineObject` exposes `isSearchable?: boolean` (`packages/twenty-shared/src/application/objectManifestType.ts:16`). The A2E projects/documents objects don't set it, so they are searchable.\n\n---\n\n## 2. `searchAppRecords` specifically\n\n**Defined in the server only** (not twenty-sdk, not apps):\n- Resolver: `search.resolver.ts:95-117`\n  ```\n  @Query(() => [AppSearchResultGroupDTO])\n  async searchAppRecords(@Args('searchInput', { type: () => String }) searchInput: string)\n  ```\n  It loads `flatApplicationMaps` and passes `Object.keys(flatApplicationMaps.idByUniversalIdentifier)` to the service as installed apps (line 110-116).\n- Service: `services/app-search.service.ts`:\n  - `MAX_RECORDS_PER_APP = 5` (line 10).\n  - `searchInstalledAppRecords` (line 22-78): keeps only providers whose `appUniversalIdentifier` is in the installed set (line 31-37), runs each `provider.search({searchInput, limit, workspaceId})` (line 46-50), maps to `AppSearchRecordDTO`, drops empty groups, and try/catches each provider so one failure can't break the payload (line 65-72).\n\n**Input/output types:**\n- Input: a bare `String!` `searchInput`. The front document is hand-written (no generated document): `packages/twenty-front/src/modules/side-panel/pages/search/graphql/queries/searchAppRecords.ts:6-18` — `query SearchAppRecords($searchInput: String!)`.\n- `/Users/maxaubert/Projets/A2E Suite/packages/twenty-server/src/engine/core-modules/search/dtos/app-search-result-group.dto.ts:6-14` — `AppSearchResultGroupDTO { appUniversalIdentifier: string; records: AppSearchRecordDTO[] }`.\n- `/Users/maxaubert/Projets/A2E Suite/packages/twenty-server/src/engine/core-modules/search/dtos/app-search-record.dto.ts:8-27` — `AppSearchRecordDTO { recordId: UUID; label: string; description?: string; imageUrl?: string; path: string }`. **No `objectNameSingular`, no object metadata id.**\n- Provider contract: `types/search-provider.type.ts:1-23` — `SearchProviderParams { searchInput; limit; workspaceId }`, `SearchProviderResultItem { recordId; label; description?; imageUrl?; path }`.\n\n**Registration / federation mechanism:**\n- `@RegisteredSearchProvider({ appUniversalIdentifier })` decorator (`decorators/registered-search-provider.decorator.ts:15-20`) applies `@Injectable()` and `Reflect.defineMetadata`.\n- `SearchProviderRegistryService` (`services/search-provider-registry.service.ts`) scans Nest providers in `onModuleInit` via `DiscoveryService` (line 27-63) and stores them per app id (line 20-23).\n- Providers are registered as ordinary Nest providers in **`search.module.ts:21-28`** — currently exactly two: `DocumentSearchProviderService` and `A2eProjectsSearchProviderService`.\n- The two live providers:\n  - `services/document-search-provider.service.ts:20-21,39-41` — app id `19126a9c-…`; ILIKE over `document.title` where `archivedAt: null`; `path: /object/documents/<id>` (line 108).\n  - `services/a2e-projects-search-provider.service.ts:20-21,62-64` — app id `4f759655-…`; ILIKE over standard `task.title` + app `project.name` (archived excluded); `path: /object/<singular>/<id>` (line 145, 154).\n\n**What it searches:** only whatever the registered provider's own hard-coded query selects; it is not object-metadata-driven. Apps cannot self-register a Nest provider (documented in `.ralph-tui/iterations/d04cf6b4_2026-09-18_22-29-31_P5.2-chat-live.log:331`: \"apps can't add Nest providers to the core server\"), so app-provider federation is **server-hardcoded today**.\n\nPrior known bug fixed (US-008): providers passed a plain `{ ilike }` object instead of a TypeORM `ILike` `FindOperator`, so the workspace ORM compiled equality and returned `[]` silently (`docs/plan/phases/phase-04-report.md:725`; providers now use `ILike`).\n\n---\n\n## 3. Command-menu / global search frontend that lists records across objects\n\nThe Cmd+K surface is the **side-panel `SearchRecords` page**, not a `modules/command-menu` search page.\n\n- Hotkey → open search page: `packages/twenty-front/src/modules/command-menu/hooks/useCommandMenuHotKeys.ts:14,35` calls `openRecordsSearchPage`; opener `modules/side-panel/hooks/useOpenRecordsSearchPageInSidePanel.ts:13-21` navigates to `SidePanelPages.SearchRecords`.\n- Page registered at `modules/side-panel/constants/SidePanelPagesConfig.tsx:31,60`.\n- **`SidePanelSearchRecordsPage`** (`modules/side-panel/pages/search/components/SidePanelSearchRecordsPage.tsx:45`): the actual cross-object aggregator. It composes:\n  - `useSidePanelSearchRecords()` — core object records (line 46-47)\n  - `useAppSearchResultItems()` — app-provider groups (line 48-51)\n  - `useChatSearchResultItems()` (line 52-55), `useDriveSearchResultItems()` (line 56-59), `useHelpSearchResultItems()` (line 60-62)\n  - merges via `groupSearchResultItems` at line 86-95.\n- **Core fetch hook: `useObjectRecordSearchRecords`** (`modules/object-record/hooks/useObjectRecordSearchRecords.ts:27-67`) — runs `SearchDocument` with `variables: { searchInput, limit (default 30 from MAX_SEARCH_RESULTS), filter, includedObjectNameSingulars: objectNameSingulars }` (line 40-51) on `apolloCoreClient`; exposes `searchRecords` (line 57-60). Its return node type is `SearchRecordDTO`, which includes `objectNameSingular`.\n- **Searchable object list:** `useSidePanelSearchRecords` (line 23-72) uses `useSearchableObjectNameSingulars` (`modules/side-panel/hooks/useSearchableObjectNameSingulars.ts:12-32`) → all readable objects filtered by `isSearchable` (or hidden-objects toggle).\n- **App fetch hook: `useAppSearchResultItems`** (`modules/side-panel/pages/search/hooks/useAppSearchResultItems.ts:29-85`) — `useQuery(SEARCH_APP_RECORDS_QUERY)` with `fetchPolicy: 'no-cache'`, flattens groups into `GroupableSearchResultItem` and sets **`objectNameSingular: ''`** (line 67) and `groupKey: 'app:<appUniversalIdentifier>'` (line 74).\n- **Grouping/ranking util:** `modules/side-panel/pages/search/utils/groupSearchResultItems.ts` — `GroupableSearchResultItem` (line 11-17; `path?` present on app results), sort by frecency then fold into per-group buckets (line 21-59).\n- **Click handling** (`SidePanelSearchRecordsPage.tsx:148-180`): if `item.path` is defined → `openRoutedPageInSidePanel` (fallback `navigate(path)`); else if task/note → `openRecordInSidePanel`; else `navigate(getAppPath(AppPath.RecordShowPage, { objectNameSingular, objectRecordId }))`.\n\nNote on naming: the symbols you asked about are `SidePanelSearchRecordsPage` (not `SearchRecordsPage`) and `useObjectRecordSearchRecords`/`useSearchableObjectNameSingulars` (there is no `useSearchRecords`).\n\n---\n\n## 4. How a \"Link…\" fallback / record picker picks a target record today\n\n- **`LinkToRecordPicker`** (`modules/blocknote-editor/components/LinkToRecordPicker.tsx`):\n  - Builds the target list from `useFilteredObjectMetadataItems()` + `useObjectPermissions()` (line 35-36), then `filterReadableActiveObjectMetadataItems(...).filter((item) => !item.isSystem && item.isSearchable)` (line 38-45); `filterReadableActiveObjectMetadataItems` (`modules/object-metadata/utils/filterReadableActiveObjectMetadataItems.ts:5-25`) keeps `isActive` and `canReadObjectRecords`.\n  - Passes the resulting `objectNameSingulars` into **`SingleRecordPicker`** (line 96-102).\n  - On selection, inserts a blocknote `mention` with `recordId` + `objectMetadataId` + `objectNameSingular` + fallback `label` (line 51-85) — note it uses `objectMetadataItem.labelSingular` as the label, **not the search result's `label`**.\n  - Opened by the slash-menu item `LinkToRecordSlashMenuItem.tsx:27-57` (\"Link to record\", group `links`).\n- **`SingleRecordPicker`** (`modules/object-record/record-picker/single-record-picker/components/SingleRecordPicker.tsx:21-94`) renders `SingleRecordPickerMenuItemsWithSearch`, which calls `useSingleRecordPickerRecords` (`.../hooks/useSingleRecordPickerRecords.ts:20-27`) → **`useSingleRecordPickerPerformSearch`** (`.../hooks/useSingleRecordPickerPerformSearch.ts:16-169`).\n  - `useSingleRecordPickerPerformSearch` runs **three** `useObjectRecordSearchRecords` calls: selected records (line 64-70), filtered-selected (line 72-80), and the actual search with `objectNameSingulars: readableObjectNameSingulars`, `searchInput: searchFilter`, `limit` (line 86-93); produces `RecordPickerPickableMorphItem { recordId, objectMetadataId, … }` (line 128-160).\n- **Relation picker** (single relation field): `RelationManyToOneFieldInput.tsx:107-126` passes `objectNameSingulars={[fieldDefinition.metadata.relationObjectMetadataNameSingular]}` (a **single** target object) plus `onCreate`/`onMorphItemSelected` into the same `SingleRecordPicker`. So today, relation and link pickers are the same component parameterized by `objectNameSingulars[]`; only `objectNameSingulars` differs (one target vs. all searchable objects).\n- Multi-relation uses the parallel `MultipleRecordPicker` (`modules/object-record/record-picker/multiple-record-picker/`), also driven by `useObjectRecordSearchRecords`.\n\n**Key observation:** `SingleRecordPicker` is already \"universal\" over objects; the missing piece for a universal link picker is not the picker but (a) persisting a link (junction) and (b) optionally surfacing app-provider results. `RecordPickerPickableMorphItem` requires `objectMetadataId`, which app-provider results cannot supply.\n\n---\n\n## 5. Is there a single federated entry point? Documented gaps? Reuse point\n\n### Is there one?\n\n- **Server:** No. `search` and `searchAppRecords` are two separate `@Query`s (`search.resolver.ts:39` and `:97`). `search` is metadata-driven; `searchAppRecords` is provider-driven and install-gated.\n- **Frontend:** No single hook. The only merge is inline in `SidePanelSearchRecordsPage.tsx:86-95` (`groupSearchResultItems` over core + app + chat + drive + help). There is no `useFederatedSearch`.\n- **Blueprint intent:** `docs/plan/03-integration-blueprint.md:175-183` — \"Existing search provider interface/decorator registry discovers Nest providers; `AppSearchService` gates by installed app IDs… Cmd+K results grouped by app… Deep links: every result opens … using stable URLs (`/object/<name>/<id>`, app routes).\"\n- **Roadmap intent:** `PLAN.md:404-409` (M11a, unchecked) \"Universal link picker & 'Related' panel. From any record or page: 'Link…' searches all objects (reuse search federation, P2.5) and creates a link via a generic junction…\". `PLAN.md:1201-1217` is P2.5 Global search v1 (only the perf budget line remains unchecked).\n\n### Gaps a link picker must account for\n\n1. **`searchAppRecords` results cannot create links.** `AppSearchRecordDTO` exposes only `path` (no `objectNameSingular`/`objectMetadataId`); `useAppSearchResultItems.ts:67` even sets `objectNameSingular: ''`. `RecordPickerPickableMorphItem` (used by both pickers) requires `objectMetadataId`. So app-provider hits are navigable but not link-addressable.\n2. **Core `search` only returns records for objects with a populated `searchVector`,** i.e. `isSearchable` objects with a searchable label identifier — a non-searchable object yields nothing even if explicitly included (§1).\n3. **App search providers are server-hardcoded** in `search.module.ts:21-28`; the SDK/apps cannot register one (`.ralph-tui/.../P5.2-chat-live.log:331`). The `searchAppRecords` live path has a standing Tier-2 re-proof gap (`PLAN.md:1212`, `PLAN.md:1215-1217`; `docs/plan/phases/phase-04-report.md:566,730`).\n4. **Preview gap:** the app-provider results are excluded from the Cmd+K record preview because they have `path`, not object metadata — `isSearchResultItemPreviewable.ts:9-13` plus the gate at `SidePanelSearchRecordsPage.tsx:126-131`. Phase-01 report notes this explicitly (`docs/plan/phases/phase-01-report.md:310` gotcha 4).\n5. **`LinkToRecordPicker` uses `labelSingular` as the mention label** (line 79), not the matched record `label`; a universal picker should preserve the record label.\n6. Core search is a **`@CoreResolver`** requiring a workspace auth context and caller-scoped role permissions; it is not a public/unauthenticated index.\n\n### Clear statement — the reuse point a universal link picker should call\n\nFor selecting a record to link, the reusable entry point is the **core `search` query**, not `searchAppRecords`:\n\n- Frontend call: **`useObjectRecordSearchRecords({ objectNameSingulars, searchInput, filter, limit })`** (`packages/twenty-front/src/modules/object-record/hooks/useObjectRecordSearchRecords.ts:27`), which issues **`SearchDocument`** (`packages/twenty-front/src/modules/command-menu/graphql/queries/search.ts:3`; generated `SearchDocument` at `packages/twenty-front/src/generated/graphql.ts:1099`).\n- Server query: **`search`** on `SearchResolver` (`search.resolver.ts:39`), backed by `SearchService` (`services/search.service.ts`).\n- The picker UI to reuse is **`SingleRecordPicker`** with `objectNameSingulars` = all readable, active, `isSearchable`, non-system objects (today computed in `LinkToRecordPicker.tsx:38-45` via `useSearchableObjectNameSingulars`/`filterReadableActiveObjectMetadataItems`), selected through `useSingleRecordPickerPerformSearch` (`.../useSingleRecordPickerPerformSearch.ts:16`).\n- If app-provider groups must also appear in the same list, they can be merged for *display* via `useAppSearchResultItems` + `groupSearchResultItems` (as `SidePanelSearchRecordsPage.tsx` does), but **link creation must key off the core `SearchRecordDTO.objectNameSingular` + `recordId`** (resolving `objectMetadataId` from object metadata), because `AppSearchRecordDTO` carries only `path`.\n\n**Net:** the single federated *display* entry point today is the frontend aggregation in `SidePanelSearchRecordsPage`; the single federated *link-addressable* entry point is the core `search` query (`useObjectRecordSearchRecords`/`SearchDocument`). A universal link picker should reuse the latter for target selection and may layer the former for app-provider suggestions.\n</task_result>\n</task>"
      },
      "children": []
    },
    {
      "state": {
        "id": "subagent_1790803320609_utm3zlq",
        "agentType": "explore",
        "description": "Research native morph primitives",
        "status": "completed",
        "childIds": [],
        "spawnedAt": "2026-09-30T21:22:00.609Z",
        "prompt": "You are researching the Twenty/A2E codebase at /Users/maxaubert/Projets/A2E Suite. I need a thorough, evidence-based report on the NATIVE POLYMORPHIC / MORPH RELATION primitives that a generic \"link any record\" junction could reuse. This is a read-only research task — do not modify anything.\n\nFocus areas:\n1. The `attachment` object and its polymorphic target mechanism. Where is it defined (object metadata, standard object identifiers)? What fields express the morph (e.g. targetObjectName/targetRecordId or similar)? How does a record reference it? Look under packages/twenty-server/src/engine and packages/twenty-shared and packages/twenty-front.\n2. The general \"morph\" relation machinery: search for `MorphRelation`, `morphRelation`, `morphOrRelation`, `Morph`, `morphTargets`, `targetObjectMetadata`, `MorphRelationFlatFieldMetadata`, `RelationType` with morph kinds. Identify the flat field metadata shape (e.g. `morphRelations` array with `morphTargetUniversalIdentifier` / `morphTargetObjectMetadataId`). Cite file paths and line numbers.\n3. Which objects currently use morph relations (e.g. note targets, task targets, timelineActivity, attachment, calendarEvent?). Find where morph target sets/universal identifiers are declared (e.g. constants like `STANDARD_OBJECT_UNIVERSAL_IDENTIFIERS`, `NOTE_TARGET_UNIVERSAL_IDENTIFIERS`, `TASK_TARGET_...`, `ATTACHMENT_...`).\n4. How is a morph relation declared in APP metadata? Can an app-owned object declare a morph relation to multiple morph targets, and can morph targets include app-owned objects? Search packages/twenty-apps/internal/* for morph usage, and the app manifest field types (packages/twenty-sdk or twenty-shared application types) for morph-related fields.\n5. Search federation / backlinks: how are inverse/backlinks computed today for morph relations (e.g. a backlink panel/related list). Search twenty-front for `useFindOneRecord`, `RecordRelationField`, `FieldWidget`, morph display. Specifically look for any existing \"related\" or \"backlink\" UI.\n\nReturn a concise structured report with: the exact primitive names/shapes, file:line citations, whether app-owned objects can be morph targets, and any constraints (install order, validation) you find. Be specific and quote real symbols. Do NOT write code.",
        "endedAt": "2026-09-30T21:22:00.609Z",
        "durationMs": 0,
        "result": "<task id=\"ses_f0bd32fd5ffe1N0OdE6eSkxOzA\" state=\"completed\">\n<task_result>\n# Native Polymorphic / Morph Relation Primitives — Research Report\n\nAll paths relative to `/Users/maxaubert/Projets/A2E Suite`. Read-only research; nothing modified.\n\n---\n\n## 1. The `attachment` object and its polymorphic target mechanism\n\n**Identity**\n- Core object name singular: `attachment` — `packages/twenty-shared/src/types/CoreObjectNameSingular.ts:5`\n- Object universal identifier: `STANDARD_OBJECT_UNIVERSAL_IDENTIFIERS.attachment = '20202020-bd3d-4c60-8dca-571c71d4447a'` — `packages/twenty-shared/src/metadata/constants/standard-object-universal-identifiers.constant.ts:9`\n- Morph group id: `STANDARD_OBJECTS.attachment.morphIds.targetMorphId.morphId = '20202020-f634-435d-ab8d-e1168b375c69'` — `packages/twenty-shared/src/metadata/constants/standard-object.constant.ts:26-28`\n\n**The morph legs (fields that express \"target any record\")**\n`packages/twenty-server/src/engine/workspace-manager/twenty-standard-application/utils/field-metadata/compute-attachment-standard-flat-field-metadata.util.ts:422-652` declares seven `MORPH_RELATION` fields, all sharing the one `morphId`:\n\n| Field | targetObjectName | targetFieldName | onDelete / joinColumn |\n|---|---|---|---|\n| `targetTask` (L422) | `task` | `attachments` | SET_NULL / `targetTaskId` |\n| `targetNote` (L455) | `note` | `attachments` | SET_NULL / `targetNoteId` |\n| `targetPerson` (L488) | `person` | `attachments` | CASCADE / `targetPersonId` |\n| `targetCompany` (L521) | `company` | `attachments` | CASCADE / `targetCompanyId` |\n| `targetOpportunity` (L554) | `opportunity` | `attachments` | CASCADE / `targetOpportunityId` |\n| `targetDashboard` (L587) | `dashboard` | `attachments` | CASCADE / `targetDashboardId` |\n| `targetWorkflow` (L620) | `workflow` | `attachments` | CASCADE / `targetWorkflowId` |\n\nEach is shaped as: `type: FieldMetadataType.MORPH_RELATION`, `morphId`, `targetObjectName`, `targetFieldName: 'attachments'`, `settings: { relationType: MANY_TO_ONE, onDelete, joinColumnName }`.\n\n- Field universal identifiers for these legs are derived by `getSystemRelationFieldUniversalIdentifier` — `packages/twenty-shared/src/metadata/constants/standard-object-fields.constant.ts:174-243` (attachment block at 162-244).\n- **How a record references it:** the *inverse* side `attachments` is declared as a normal `RELATION` (ONE_TO_MANY) on every target object, e.g. `note.attachments` — `standard-object-fields.constant.ts:817-825`; for `dashboard`/`workflow`/`task` etc. the same pattern. Each attachment row stores exactly one non-null FK column among `target<X>Id`; the \"which object\" is encoded by *which* column is populated, not by a type/discriminator column.\n\n---\n\n## 2. General morph relation machinery\n\n**Primitive type names / shapes**\n- `FieldMetadataType.MORPH_RELATION` — `packages/twenty-shared/src/types/FieldMetadataType.ts:13`\n- `RelationAndMorphRelationFieldMetadataType` — `packages/twenty-shared/src/types/RelationAndMorphRelationFieldMetadataType.ts:3-5`\n- `FieldMetadataRelationSettings` includes `junctionTargetFieldId?: SerializedRelation` and the comment *\"For MORPH_RELATION fields, morphRelations already contains all targets\"* — `packages/twenty-shared/src/types/FieldMetadataSettings.ts:52-59`, mapped at `:81`.\n- `FieldMetadataUniversalSettings<T>` = `FormatRecordSerializedRelationProperties<FieldMetadataSettings<T>>` — `packages/twenty-shared/src/types/FieldMetadataUniversalSettings.ts:5-7`\n\n**Persisted shape — there is NO `morphRelations` array and no `morphTargetUniversalIdentifier` field in the DB.** Morph relations are stored as **one field row per target**, grouped by `morphId`:\n- `FieldMetadataEntity.morphId` column + DB check `\"type\" = 'MORPH_RELATION' AND \"morphId\" IS NOT NULL` — `packages/twenty-server/src/engine/metadata-modules/field-metadata/field-metadata.entity.ts:48-51, 221-226`\n- `FlatFieldMetadata<T>` derives from `FieldMetadataEntity` — `packages/twenty-server/src/engine/metadata-modules/flat-field-metadata/types/flat-field-metadata.type.ts:6-13`\n- The GraphQL `morphRelations: [RelationDTO]` is **computed**, not stored — resolver at `packages/twenty-server/src/engine/metadata-modules/field-metadata/field-metadata.resolver.ts:323-342`, using `resolveMorphRelationsFromFlatFieldMetadata` (`.../flat-field-metadata/utils/resolve-morph-relations-from-flat-field-metadata.util.ts:19-32`) and `findAllOthersMorphRelationFlatFieldMetadatasOrThrow` (`.../find-all-others-morph-relation-flat-field-metadatas-or-throw.util.ts:21-25`).\n- Dataloader: `MorphRelationLoaderPayload` / `createMorphRelationLoader` — `packages/twenty-server/src/engine/dataloaders/dataloader.service.ts:58, 240-268`.\n- `RelationDTO` shape — `packages/twenty-server/src/engine/metadata-modules/field-metadata/dtos/relation.dto.ts:16-38` (`type`, `sourceObjectMetadata`, `targetObjectMetadata`, `sourceFieldMetadata`, `targetFieldMetadata`).\n- Shared \"flat\" view of a morph leg: `FieldSharedMorphRelation = { type; targetObjectMetadata: { id; nameSingular; namePlural } }` and `FieldShared.morphRelations?` — `packages/twenty-shared/src/utils/filter/turnRecordFilterIntoGqlOperationFilter.ts:89-105`.\n\n**Naming convention**\n- `computeMorphRelationFlatFieldName` → `<fieldName><TargetSingular>` (M2O) / `<fieldName><TargetsPlural>` (O2M) — `packages/twenty-server/src/engine/metadata-modules/field-metadata/utils/compute-morph-relation-flat-field-name.util.ts:16-33`\n- Isomorphic twin for GraphQL: `computeMorphRelationGqlFieldName` — `packages/twenty-shared/src/utils/fieldMetadata/compute-morph-relation-gql-field-name.ts:16-33`\n\n**Creation / validation**\n- `CreateFieldInput.morphRelationsCreationPayload?: RelationCreationPayload[]` — `.../dtos/create-field.input.ts:47`; update variant `morphRelationsUpdatePayload` — `.../dtos/update-field.input.ts:45`\n- `fromMorphRelationCreateFieldInputToFlatFieldMetadatas` requires payload, validates, generates **one `morphId = v4()`** and one relation pair per target — `.../utils/from-morph-relation-create-field-input-to-flat-field-metadatas.util.ts:44-126` (`const morphId = v4()` at L87)\n- `validateMorphRelationCreationPayload` — `.../validators/utils/validate-morph-relation-creation-payload.util.ts:26-163`: payload non-empty; **all same relation type** (L46-66); **must not target source object** (L75-89); **targets must be distinct objects** (L91-105).\n- `validateMorphRelationFlatFieldMetadata` — `.../validators/utils/validate-morph-relation-flat-field-metadata.util.ts`: **\"A morph relation field can only target a RELATION field\"** (L39-51), source ≠ target (L58-67), `morphId` required (L69-75).\n- Pair generation sets `morphId` only on the MORPH_RELATION leg and `null` on the RELATION leg — `.../utils/generate-morph-or-relation-flat-field-metadata-pair.util.ts:128-131, 185-197`.\n- `morphId` exposed on the DTO — `.../dtos/field-metadata.dto.ts:148`; `isMorphOrRelationFieldMetadataType` gate in `.../utils/is-morph-or-relation-field-metadata-type.util`.\n\n---\n\n## 3. Objects currently using morph relations\n\nDeclared in `packages/twenty-shared/src/metadata/constants/standard-object.constant.ts` (one `morphIds.targetMorphId.morphId` per holder):\n\n| Holder object | morphId | targets | source:line |\n|---|---|---|---|\n| `attachment` | `20202020-f634-...` | task, note, person, company, opportunity, dashboard, workflow | `:26-28` |\n| `calendarEventTarget` | `676e9f68-7b5c-41e6-b46d-2fb9527b7051` | person, company, opportunity | `:247-249` |\n| `messageThreadTarget` | `e85e853d-c26e-41b3-bec0-7afc4bdbc2f7` | person, company, opportunity | `:659-661` |\n| `noteTarget` | `20202020-f635-435d-ab8d-e1168b375c70` | person, company, opportunity | `:751-753` |\n| `taskTarget` | `20202020-f636-435d-ab8d-e1168b375c71` | person, company, opportunity | `:1094` |\n| `timelineActivity` | `20202020-9a2b-4c3d-a4e5-f6a7b8c9d0e1` | person, company, opportunity, task, note, workflow, workflowVersion, workflowRun, dashboard, messageList, messageCampaign | `:1137-1139` |\n\n- Field builders: attachment (above), `compute-note-target-standard-flat-field-metadata.util.ts:275-373`, `compute-task-target-...`, `compute-calendar-event-target-...`, `compute-message-thread-target-...`, `build-standard-target-flat-field-metadatas.util.ts:270-356` (shared person/company/opportunity target builder), `compute-timeline-activity-standard-flat-field-metadata.util.ts:429-742`.\n- **Default/auto-provisioned morph holders:** `DEFAULT_RELATIONS_OBJECTS_STANDARD_IDS = ['timelineActivity','attachment','noteTarget','taskTarget']` — `packages/twenty-shared/src/metadata/constants/default-relations-object-standard-ids.constant.ts:3-8`.\n- **`timelineActivity` also carries a legacy discriminator-column polymorphic mechanism** (distinct from morph): `linkedRecordCachedName`, `linkedRecordId`, `linkedObjectMetadataId` — `standard-object-fields.constant.ts:152-160`; entity at `packages/twenty-server/src/modules/timeline/standard-objects/timeline-activity.workspace-entity.ts:24-26`. This is the old \"targetObjectMetadataId + targetRecordId\" pattern. No field literally named `targetObjectMetadataId`/`targetRecordId` exists on attachment; those names appear on `navigationMenuItem` (unrelated) and in `metadata-event-publisher.ts:127-147` (webhook payload).\n\n---\n\n## 4. Declaring a morph relation in APP metadata\n\n**Manifest types** (`packages/twenty-shared/src/application/fieldManifestType.ts:48-64`):\n```ts\nRelationFieldManifest = {\n  type, name, label, ...\n  relationTargetFieldMetadataUniversalIdentifier: string;\n  relationTargetObjectMetadataUniversalIdentifier: string;\n  universalSettings: FieldMetadataUniversalSettings<T>;\n} & ([T] extends [MORPH_RELATION] ? { morphId: string } : { morphId?: undefined });\n```\nA morph relation is therefore **not** an array in app metadata either: the app declares **one `defineField` per morph target**, all sharing the same `morphId` and each pointing at a distinct target object + its inverse RELATION field.\n\n**Real app example** (`packages/twenty-apps/public/last-contact`): `src/fields/last-contact-item-message.field.ts:15-36` and `last-contact-item-calendar-event.field.ts` share `LAST_CONTACT_ITEM_MORPH_ID`; `company-*` share `COMPANY_LAST_CONTACT_ITEM_MORPH_ID`; `opportunity-*` share `OPPORTUNITY_LAST_CONTACT_ITEM_MORPH_ID` (constants at `src/constants/universal-identifiers.ts:38-39, 64-65, 77-78`). Each declares `morphId`, target object universal identifier (`message`/`calendarEvent`), inverse target field universal identifier, and `universalSettings: { relationType: MANY_TO_ONE, onDelete, joinColumnName }`.\n\n**App-owned objects can declare morph relations:** `ObjectManifest.fields: ObjectFieldManifest[]` and `ObjectFieldManifest = DistributiveOmit<FieldManifest<T>, 'objectUniversalIdentifier'>` (`packages/twenty-shared/src/application/objectManifestType.ts:24`, `.../objectFieldManifest.type.ts:8-10`). The field union includes morph, and `morphId` is allowed inside object-declared fields. The SDK only forbids `isUnique` on relation/morph fields (`packages/twenty-sdk/src/sdk/define/fields/validate-fields.ts:39-48`). No in-repo `defineObject` currently declares a morph field (only standalone `fields/` files), but the types permit it.\n\n**Can morph targets include app-owned objects? YES — and it is the designed default.**\n- On creation of **every object not owned by `twenty-standard`**, the engine auto-provisions the forward RELATION field on the new object plus the reverse **MORPH_RELATION** field on the four holders. Side-effect handler: `packages/twenty-server/src/engine/metadata-modules/metadata-side-effect/handlers/object-metadata/services/object-system-relations-on-create-side-effect-handler.service.ts:28-113` (note L34 explicitly names \"the four standard relation objects\"); builder: `.../object-metadata/utils/build-system-relation-flat-field-metadatas-for-object.util.ts:45-124` with `MORPH_ID_BY_STANDARD_OBJECT_NAME_SINGULAR` for `timelineActivity | attachment | noteTarget | taskTarget` (`:22-28`). The reverse field is named `target<ObjectSingular>` with join column `<reverseFieldName>Id` (`:56-61`), type `MORPH_RELATION` (`:93`).\n- The 2-38 backfill explicitly targets app/custom objects and skips only standard-app objects: `packages/twenty-server/src/database/commands/upgrade-version-command/2-38/utils/build-missing-object-system-relation-candidates.util.ts:94-102`, deriving existing morph targets via `morphId` (`:70-84`).\n- A2E uses this: `packages/twenty-apps/internal/a2e-projects/src/page-layouts/project.page-layout.ts:182-198` references the \"native attachments widget (reads the record's polymorphic `attachments` relation, auto-provisioned on app objects)\".\n- `validate-morph-relation-*` impose **no** standard-only restriction on targets.\n- Note: auto-provisioning covers only `timelineActivity/attachment/noteTarget/taskTarget`. `calendarEventTarget` and `messageThreadTarget` are **not** in that list, so app objects are not automatically morph targets there (must be declared explicitly).\n\n**App-level junction marker:** `universalSettings.junctionTargetFieldUniversalIdentifier` on the ONE_TO_MANY owning side — example `packages/twenty-apps/fixtures/rich-app/src/fields/post-card-recipients-on-post-card.field.ts:21-24`; converted to flat `junctionTargetFieldId` at `.../from-universal-settings-to-flat-field-metadata-settings.util.ts:39-64`.\n\n**Constraints / install-order**\n- Target inverse must be a RELATION, distinct objects, one relation type, `morphId` required (validation utils above).\n- Manifest conversion requires both `relationTargetFieldMetadataUniversalIdentifier` and `relationTargetObjectMetadataUniversalIdentifier` or it throws — `.../converters/from-field-manifest-to-universal-flat-field-metadata.util.ts:37-52`.\n- At **install/run time**, unresolved universal identifiers throw: `Relation target field metadata not found ...` / `Relation target object metadata not found ...` — `.../workspace-migration-runner/action-handlers/field/services/utils/from-universal-flat-field-metadata-to-flat-field-metadata.util.ts:73-100`. So an app morph relation targeting another app's object requires that other app installed first (or the target declared in the same manifest). Same-manifest pairs are bundled into one create action via `aggregate-relation-field-pairs.util.ts:37-66`.\n- `junctionTargetFieldUniversalIdentifier` unresolved also throws — `from-universal-settings-to-flat-field-metadata-settings.util.ts:51-59`.\n- Export rule: a morph field without `morphId` is not exportable — `.../application-manifest/utils/get-unsupported-relation-field-reason.util.ts:34-39`.\n- Cross-app prerequisite precedent (ordering): `a2e-projects` declares A2E Documents as a \"hard install prerequisite\" — `packages/twenty-apps/internal/a2e-projects/src/page-layouts/project.page-layout.ts:200-209`.\n\n---\n\n## 5. Federation / inverse / backlinks — how related records are computed today\n\nThere is **no primitive literally named \"backlink\"**. The generic inverse/related capability is implemented as the **junction** + morph-relation machinery in `twenty-front`.\n\n**GraphQL fetch of morph values** (`packages/twenty-front/src/modules/object-record/graphql/record-gql-fields/utils/generateDepthRecordGqlFieldsFromFields.ts:88-123`): for each `fieldMetadata.morphRelations[]` it computes gql field `<fieldName><TargetSingular>` via `computeMorphRelationGqlFieldName` and nests target identifier fields. Same pattern in `generateJunctionRelationGqlFields.ts`.\n\n**Reading values** — `recordStoreMorphOneToManyValueWithObjectNameFamilySelector.ts:18-47` maps each morph relation to `{ objectNameSingular, value }` using the computed gql field name. Consumed by `useGetMorphRelationRelatedRecordsWithObjectNameSingular` (`.../record-detail-section/relation/components/hooks/...:6-58`).\n\n**Junction resolution (the reusable \"link any record\" logic)**\n- Types: `JunctionConfig` / `ValidJunctionConfig` / `ValidResolvedJunctionConfig` — `.../record-field/ui/utils/junction/types/{JunctionConfig,ValidJunctionConfig,ValidResolvedJunctionConfig}.ts`\n- `getJunctionConfig.ts:18-125` — finds the junction object, its source field (RELATION or MORPH_RELATION), and the target field; infers legacy morph junction when unlabeled + exactly one morph target; marks `isMorphRelation = targetField.type === MORPH_RELATION`.\n- `resolveJunctionConfig.ts:60-139` + `resolveReverseJunctionConfig.ts:92-279` — forward/reverse/ambiguous/invalid resolution; configured via `settings.junctionTargetFieldId` (`hasJunctionTargetFieldId.ts:16-27`, `isConfiguredJunctionRelationField.ts:5-9`, `isUsableJunctionConfig.ts`).\n- Object-scoped morph junction (`note.noteTargets` etc.): `getObjectMorphJunctionConfig.ts:20-83` (yields `junctionField`, `sourceField`, `sourceJoinColumnName`, `junctionObjectMetadata`), hook `useObjectMorphJunctionConfig` / `useObjectMorphJunctionConfigOrThrow`.\n- `categorizeRelationFields.ts:49-86` splits fields into `inlineRelationFields`, `junctionRelationFields`, `boxedRelationFields` for the record detail page.\n\n**Related/backlink UI surfaces**\n- Record detail sections: `RecordDetailRelationSection.tsx`, `RecordDetailMorphRelationSection.tsx`, `RecordDetailRelationRecordsList.tsx`, dropdowns `RecordDetailMorphRelationSectionDropdown*.tsx` (all under `.../record-field-list/record-detail-section/relation/components/`).\n- Page-layout widgets: `WidgetRelationsHeader.tsx:19-42` renders `RecordTargetsInlineCell.tsx:24-108` (the morph junction picker, e.g. attachment targets) in the record page header; `FieldWidgetMorphRelationField.tsx` / `FieldWidgetMorphRelationCard.tsx` render related record chips/cards; `FieldWidgetJunctionRelationCard.tsx` / `FieldWidgetRelationRecordsCard.tsx`; `FieldWidgetRelationTable.tsx`.\n- `useFieldWidgetJunctionRelationRecords.ts`, `resolveFieldWidgetJunctionConfig.ts`, `getFieldWidgetRelationTraversal.ts:34-57` (morph junctions get no embedded view — L33 comment).\n- Related-record actions: `packages/twenty-front/src/modules/activities/hooks/useRelatedRecordActions.ts:14`.\n- Cell display: `MorphRelationManyToOneFieldDisplay.tsx`; record pickers use `RecordPickerPickableMorphItem` (`SingleRecordPickerMenuItem.tsx`, `MultipleRecordPicker*.tsx`).\n\n**Front-end morph field type**: `FieldMetadataItem.morphRelations?: FieldMetadataItemRelation[]` and `morphId?: string | null` — `packages/twenty-front/src/modules/object-metadata/types/FieldMetadataItem.ts:36, 43`; `FieldMetadataItemRelation` shape at `.../FieldMetadataItemRelation.ts:5-17` (`type`, `source/targetFieldMetadata`, `source/targetObjectMetadata`).\n\n---\n\n## Bottom line for a generic \"link any record\" junction\n\n- The reusable native primitive is `FieldMetadataType.MORPH_RELATION`: a **set of per-target relation fields sharing one `morphId`**, each pointing at a distinct target object, with the inverse RELATION field on the target. There is no stored target-type discriminator column; the populated join column identifies the target.\n- `attachment`, `noteTarget`, `taskTarget`, `timelineActivity` are the four **auto-provisioned morph holders** for every non-standard object — this is precisely a generic \"link any record\" junction already in place, and app-owned objects are automatically morph targets there.\n- App metadata declares each morph leg as a `RelationFieldManifest` with `morphId` + target object/field universal identifiers; app-owned objects may declare morph relations, and app-owned objects may be morph targets (explicitly, and automatically for the four default holders).\n- Install is universal-identifier-based: target object and target inverse field must exist either in the same manifest or already in the workspace, otherwise install throws (`from-universal-flat-field-metadata-to-flat-field-metadata.util.ts:73-100`); cross-app morph targets therefore imply an install-order prerequisite.\n- The front-end \"related/backlink\" experience is the **junction** resolution layer (`resolveJunctionConfig` / `resolveReverseJunctionConfig` / `getObjectMorphJunctionConfig`) plus morph display widgets; no separate backlink primitive exists.\n</task_result>\n</task>"
      },
      "children": []
    }
  ],
  "stats": {
    "totalSubagents": 3,
    "byType": {
      "explore": 3
    },
    "totalDurationMs": 0,
    "failureCount": 0,
    "maxDepth": 1
  }
}