# Iteration 11 Log

## Metadata

- **Task ID**: P8.2-inbox-page
- **Task Title**: P8.2: inbox app/page — filters, day grouping, bulk actions, deep links
- **Description**: As a workspace member, I want an inbox page with filters, day grouping and bulk actions that deep-links to the underlying record, doc, message or invoice, so that notifications are actionable in one p...
- **Status**: completed
- **Task Completed**: No
- **Promise Detected**: No
- **Started At**: 2026-09-18T21:15:42.717Z
- **Ended At**: 2026-09-18T21:27:55.219Z
- **Duration**: 12m 12s
- **Agent**: opencode
- **Model**: opencode-go/deepseek-v4.1-flash
- **Sandbox Mode**: auto
- **Sandbox Network**: Enabled
--- RAW OUTPUT ---
[94m[bash][0m $ grep -n "P8.2-inbox-page" PLAN.md
[94m[bash][0m $ git status --porcelain && echo "---HEAD---" && git rev-parse HEAD
[94m[bash][0m $ grep -n "P8.2" PLAN.md | head -50
[94m[bash][0m $ ls docs/plan/phases/
[94m[read][0m /Users/maxaubert/Projets/A2E Suite/PLAN.md
[94m[bash][0m $ [print(t.get('id'), '|', t.get('title','')[:80]) for t in (d if isinstance(d,list) else d.get('tasks...
[94m[bash][0m $ grep -n "P8.2-inbox-page\|P8.1-notification" docs/plan/phases/phase-08-report.md
[94m[bash][0m $ cat tasks/prd.json | python3 -c " import json,sys d=json.load(sys.stdin) tasks = d if isinstance(d,l...
[94m[read][0m /Users/maxaubert/Projets/A2E Suite/docs/plan/phases/phase-08-report.md
[94m[bash][0m $ date -u +"%Y-%m-%dT%H:%M:%SZ"
[94m[bash][0m $ cat tasks/prd.json | python3 -c " import json,sys d=json.load(sys.stdin) tasks = d if isinstance(d,l...
[94m[bash][0m $ git diff --stat .ralph-tui/session-meta.json .ralph-tui/session.json tasks/prd.json
[94m[bash][0m $ git diff tasks/prd.json | head -30
[94m[bash][0m $ ls packages/twenty-server/src/engine/core-modules/notification/
[94m[bash][0m $ find packages/twenty-server/src/engine/core-modules/notification -type f | sort
[94m[bash][0m $ grep -rn "notification" packages/twenty-server/src/engine/core-modules/core-engine.module.ts
[94m[read][0m /Users/maxaubert/Projets/A2E Suite/packages/twenty-server/src/engine/core-modules/notification/notification.entity.ts
[94m[read][0m
[94m[read][0m
This is a large slice. Let me explore the relevant patterns in parallel before claiming.
[94m[task][0m Explore front native page + routing patterns
[94m[task][0m Explore server core GraphQL resolver patterns
[94m[bash][0m $ git log --oneline -6
[94m[read][0m /Users/maxaubert/Projets/A2E Suite/packages/twenty-shared/src/types/AppPath.ts
[94m[read][0m /Users/maxaubert/Projets/A2E Suite/packages/twenty-front/src/pages/chat/ChatPage.tsx
[94m[edit][0m /Users/maxaubert/Projets/A2E Suite/docs/plan/phases/phase-08-report.md
[94m[read][0m /Users/maxaubert/Projets/A2E Suite/packages/twenty-front/src/modules/app/routing/utils/createWorkspaceRouteObjects.tsx
[94m[read][0m /Users/maxaubert/Projets/A2E Suite/packages/twenty-server/src/engine/core-modules/notification/notification.module.ts
[94m[read][0m
[94m[bash][0m $ find packages/twenty-front/src/modules -name "useApolloCoreClient*" -o -name "currentUserState.ts" -...
[94m[read][0m /Users/maxaubert/Projets/A2E Suite/packages/twenty-front/src/modules/chat/hooks/useChatUnreadCounts.ts
[94m[read][0m /Users/maxaubert/Projets/A2E Suite/packages/twenty-front/src/modules/chat/graphql/queries/chatUnreadCountsQuery.ts
[94m[read][0m /Users/maxaubert/Projets/A2E Suite/packages/twenty-front/src/modules/realtime/hooks/useRealtimeTopic.ts
[94m[read][0m
[94m[read][0m
[94m[bash][0m $ grep -rn "orphanedTypes\|include:" packages/twenty-server/src/engine/core-modules/graphql/graphql-co...
[94m[read][0m /Users/maxaubert/Projets/A2E Suite/packages/twenty-server/src/engine/workspace-manager/types/workspace-related-entity.ts
[94m[read][0m
[94m[read][0m
[94m[read][0m
[94m[bash][0m $ grep -rn "requestNotifications\|NOTIFICATION_TYPES\|type: 'MENTION'\|type: 'CHAT_MESSAGE'" packages/...
[94m[bash][0m $ find packages/twenty-shared/src/utils -name "getAppPath*"
[94m[read][0m /Users/maxaubert/Projets/A2E Suite/packages/twenty-shared/src/utils/navigation/getAppPath.ts
[94m[bash][0m $ grep -rn "requestNotifications\|'MENTION'\|'CHAT_MESSAGE'" packages/twenty-server/src/engine/core-mo...
[94m[bash][0m $ grep -rln "requestNotifications" packages/twenty-server/src | sort
[94m[read][0m /Users/maxaubert/Projets/A2E Suite/packages/twenty-server/src/modules/chat/services/chat-mention.service.ts
[94m[read][0m
[94m[read][0m /Users/maxaubert/Projets/A2E Suite/packages/twenty-server/src/modules/chat/utils/chat-mention.util.ts
[94m[read][0m /Users/maxaubert/Projets/A2E Suite/packages/twenty-front/src/modules/auth/states/currentUserState.ts
[94m[read][0m /Users/maxaubert/Projets/A2E Suite/packages/twenty-front/src/modules/auth/states/currentWorkspaceState.ts
[94m[read][0m /Users/maxaubert/Projets/A2E Suite/packages/twenty-front/src/modules/object-metadata/hooks/useApolloCoreClient.ts
[94m[read][0m /Users/maxaubert/Projets/A2E Suite/packages/twenty-ui/src/data-display/NotificationCounter/NotificationCounter.tsx
[94m[bash][0m $ find packages/twenty-front/src/modules/chat -type f | sort
[94m[read][0m /Users/maxaubert/Projets/A2E Suite/packages/twenty-front/src/modules/chat/utils/buildChatChannelTopic.ts
[94m[read][0m /Users/maxaubert/Projets/A2E Suite/packages/twenty-front/src/modules/chat/types/ChatRealtimeEvent.ts
[94m[read][0m /Users/maxaubert/Projets/A2E Suite/packages/twenty-front/src/modules/chat/utils/applyChatRealtimeEventToMessages.ts
[94m[read][0m
[94m[read][0m /Users/maxaubert/Projets/A2E Suite/packages/twenty-front/src/modules/chat/hooks/useChatChannelLive.ts
[94m[bash][0m $ grep -rn "AuthUser()" packages/twenty-server/src/engine/core-modules --include="*.resolver.ts" | hea...
[94m[bash][0m $ grep -rn "AppPath.RecordShowPage" packages/twenty-front/src --include="*.ts" --include="*.tsx" | hea...
[94m[bash][0m $ grep -rn "UUID\|DateScalarType" packages/twenty-server/src/engine/api/graphql/workspace-schema-build...
[94m[read][0m
[94m[bash][0m $ grep -rn "objectRecordId" packages/twenty-front/src/modules --include="*.ts" --include="*.tsx" | gre...
[94m[read][0m
[94m[read][0m
[94m[read][0m
[94m[bash][0m $ grep -rn "UUIDScalarType\]" packages/twenty-server/src/engine/core-modules --include="*.ts" | head
[94m[bash][0m $ grep -rln "CommandMenu\|commandMenu" packages/twenty-front/src/modules/command-menu --include="*.tsx...
[94m[bash][0m $ grep -rn "IconBell\|AppPath.Discussions\|useChatSearchResultItems" packages/twenty-front/src/modules...
[94m[read][0m
[94m[todowrite][0m
[94m[write][0m "import { Field, ObjectType } from '@nestjs/graphql';
import { GraphQLJSON } from 'graphql-type-json';

import {
  DateScalarType,
  UUIDScalarType,
} from 'src/engine/api/graphql/workspace-schema-buil... (852 chars)"
[94m[write][0m "import { type NotificationDTO } from 'src/engine/core-modules/notification/dtos/notification.dto';
import { type NotificationEntity } from 'src/engine/core-modules/notification/notification.entity';

... (713 chars)"
[94m[bash][0m $ grep -n "auth-context.type\|AuthContextUser" packages/twenty-server/src/engine/core-modules/approved...
[94m[write][0m "import { UseFilters, UseGuards, UsePipes } from '@nestjs/common';
import { Args, Int, Mutation, Query } from '@nestjs/graphql';

import { UUIDScalarType } from 'src/engine/api/graphql/workspace-schema... (3875 chars)"
[94m[edit][0m
[94m[edit][0m /Users/maxaubert/Projets/A2E Suite/packages/twenty-server/src/engine/core-modules/notification/notification.module.ts
[94m[edit][0m /Users/maxaubert/Projets/A2E Suite/packages/twenty-server/src/engine/core-modules/notification/notification.module.ts
[94m[bash][0m $ grep -n "testMatch\|testRegex\|roots" packages/twenty-server/jest.config.mjs | head
[94m[write][0m "import { type NotificationEntity } from 'src/engine/core-modules/notification/notification.entity';
import { NotificationResolver } from 'src/engine/core-modules/notification/notification.resolver';
i... (4247 chars)"
[94m[write][0m "import { type NotificationEntity } from 'src/engine/core-modules/notification/notification.entity';
import { toNotificationDTO } from 'src/engine/core-modules/notification/utils/notification-to-dto.ut... (1624 chars)"
[94m[edit][0m
[94m[edit][0m /Users/maxaubert/Projets/A2E Suite/packages/twenty-shared/src/types/AppPath.ts
[94m[bash][0m $ npx nx build twenty-shared --skip-nx-cache 2>&1 | tail -20
[94m[todowrite][0m
[94m[write][0m "export type InboxNotificationPayload = Record<string, unknown> | null;

export type InboxNotification = {
  id: string;
  type: string;
  payload: InboxNotificationPayload;
  createdAt: string;
  read... (483 chars)"
[94m[write][0m "import { type InboxNotification } from '@/inbox/types/InboxNotification';

// Mirror of the server `notification-realtime-event.util.ts` payload fanned out
// on `workspace:<id>:inbox:<userId>`. Kept ... (609 chars)"
[94m[write][0m "// Inbox realtime topics follow the gateway grammar `workspace:<id>:inbox:<userId>`
// (server parse-realtime-topic.util.ts). The builder mirrors the server
// `inbox-topic.util.ts` so subscribe and p... (398 chars)"
[94m[write][0m "import {
  type InboxNotification,
  type InboxNotificationCategory,
} from '@/inbox/types/InboxNotification';

// Category → persisted notification types. `all` has no type filter.
const INBOX_CATEGO... (955 chars)"
[94m[write][0m "import { isDefined } from 'twenty-shared/utils';

import { type InboxNotification } from '@/inbox/types/InboxNotification';

export type InboxNotificationDayGroup = {
  dayKey: string;
  notifications... (2052 chars)"
[94m[write][0m "import { AppPath } from 'twenty-shared/types';
import { getAppPath, isDefined } from 'twenty-shared/utils';

import { type InboxNotification } from '@/inbox/types/InboxNotification';

const getPayload... (1955 chars)"
[94m[write][0m "import { type InboxNotification } from '@/inbox/types/InboxNotification';
import { type InboxRealtimeEvent } from '@/inbox/types/InboxRealtimeEvent';

// Folds one inbox realtime event into the loaded... (1349 chars)"
[94m[write][0m "import { buildInboxTopic } from '@/inbox/utils/buildInboxTopic';

describe('buildInboxTopic', () => {
  it('names the inbox topic with the workspace and user ids', () => {
    expect(
      buildInbox... (317 chars)"
[94m[write][0m "import {
  filterInboxNotificationsByCategory,
  getInboxCategoryTypes,
} from '@/inbox/utils/filterInboxNotificationsByCategory';
import { type InboxNotification } from '@/inbox/types/InboxNotificati... (2038 chars)"
[94m[write][0m "import { type InboxNotification } from '@/inbox/types/InboxNotification';
import {
  getInboxDayKey,
  getYesterdayDate,
  groupInboxNotificationsByDay,
} from '@/inbox/utils/groupInboxNotificationsBy... (2495 chars)"
[94m[write][0m "import { type InboxNotification } from '@/inbox/types/InboxNotification';
import { resolveNotificationDeepLink } from '@/inbox/utils/resolveNotificationDeepLink';

const buildNotification = (
  payloa... (2399 chars)"
[94m[write][0m "import { type InboxNotification } from '@/inbox/types/InboxNotification';
import { type InboxRealtimeEvent } from '@/inbox/types/InboxRealtimeEvent';
import {
  applyInboxRealtimeEventToNotifications,... (2786 chars)"
[94m[write][0m "import { gql } from '@apollo/client';

import { type InboxNotification } from '@/inbox/types/InboxNotification';

// Hand-written for the same reason as `chatUnreadCounts`: the notification
// inbox i... (641 chars)"
[94m[write][0m "import { gql } from '@apollo/client';

export const INBOX_UNREAD_COUNT_QUERY = gql`
  query InboxUnreadCount {
    notificationUnreadCount
  }
`;

export type InboxUnreadCountQueryResult = {
  notific... (229 chars)"
[94m[write][0m "import { gql } from '@apollo/client';

export const MARK_INBOX_NOTIFICATIONS_AS_READ_MUTATION = gql`
  mutation MarkInboxNotificationsAsRead($notificationIds: [UUID!]!) {
    markNotificationsAsRead(n... (241 chars)"
[94m[write][0m "import { gql } from '@apollo/client';

export const ARCHIVE_INBOX_NOTIFICATIONS_MUTATION = gql`
  mutation ArchiveInboxNotifications($notificationIds: [UUID!]!) {
    archiveNotifications(notification... (230 chars)"
[94m[bash][0m $ grep -rn "refetchQueries" packages/twenty-front/src/modules --include="*.ts" --include="*.tsx" | hea...
[94m[write][0m "import { useQuery } from '@apollo/client/react';

import {
  INBOX_NOTIFICATIONS_QUERY,
  type InboxNotificationsQueryResult,
} from '@/inbox/graphql/queries/inboxNotificationsQuery';
import { useApol... (931 chars)"
[94m[write][0m "import { useQuery } from '@apollo/client/react';

import {
  INBOX_UNREAD_COUNT_QUERY,
  type InboxUnreadCountQueryResult,
} from '@/inbox/graphql/queries/inboxUnreadCountQuery';
import { useApolloCor... (788 chars)"
[94m[write][0m "import { useMutation } from '@apollo/client/react';
import { useCallback } from 'react';

import { ARCHIVE_INBOX_NOTIFICATIONS_MUTATION } from '@/inbox/graphql/mutations/archiveInboxNotificationsMutat... (1978 chars)"
[94m[write][0m "import { isDefined } from 'twenty-shared/utils';

import { currentUserState } from '@/auth/states/currentUserState';
import { currentWorkspaceState } from '@/auth/states/currentWorkspaceState';
import... (1398 chars)"
[94m[bash][0m $ grep -o "IconBell\|IconMessage\|IconArchive\|IconCheckbox\|IconMail\|IconAlert\|IconUsers\|IconFile\...
[94m[bash][0m $ grep -rn "Checkbox" packages/twenty-ui/src/index.ts packages/twenty-ui/src/input/index.ts 2>/dev/nul...
[94m[read][0m /Users/maxaubert/Projets/A2E Suite/packages/twenty-front/src/modules/chat/components/ChatSidebar.tsx
[94m[bash][0m $ grep -n "\"\./" packages/twenty-ui/package.json | head -40
[94m[bash][0m $ grep -rn "MainButton" packages/twenty-front/src/modules --include="*.tsx" | head -3
[94m[bash][0m $ grep -o "Icon[A-Za-z]*" packages/twenty-ui/src/icon/index.ts | sort -u | grep -E "Inbox|Archive|Chec...
[94m[write][0m "import { styled } from '@linaria/react';
import { useLingui } from '@lingui/react/macro';
import { themeCssVariables } from 'twenty-ui/theme-constants';

import { type InboxNotificationCategory } from... (2804 chars)"
[94m[write][0m "import { styled } from '@linaria/react';
import { useLingui } from '@lingui/react/macro';
import {
  IconAlertTriangle,
  IconArchive,
  IconAt,
  IconBell,
  IconCheckbox,
  IconEye,
  IconFile,
  Ic... (5832 chars)"
[94m[edit][0m /Users/maxaubert/Projets/A2E Suite/packages/twenty-front/src/modules/inbox/components/InboxNotificationItem.tsx
[94m[edit][0m /Users/maxaubert/Projets/A2E Suite/packages/twenty-front/src/modules/inbox/components/InboxNotificationItem.tsx
[94m[write][0m "import { styled } from '@linaria/react';
import { useLingui } from '@lingui/react/macro';
import { themeCssVariables } from 'twenty-ui/theme-constants';

import { InboxNotificationItem } from '@/inbox... (3216 chars)"
[94m[write][0m "import { styled } from '@linaria/react';
import { useLingui } from '@lingui/react/macro';
import { themeCssVariables } from 'twenty-ui/theme-constants';

const StyledBulkActions = styled.div`
  align-... (2041 chars)"
[94m[bash][0m $ sed -n '1,60p' packages/twenty-front/src/hooks/useNavigateApp.ts 2>/dev/null
[94m[write][0m "import { styled } from '@linaria/react';
import { useLingui } from '@lingui/react/macro';
import { useMemo, useState } from 'react';
import { useNavigate } from 'react-router-dom';
import { isDefined ... (6795 chars)"
[94m[edit][0m /Users/maxaubert/Projets/A2E Suite/packages/twenty-front/src/modules/app/routing/utils/createWorkspaceRouteObjects.tsx
[94m[edit][0m /Users/maxaubert/Projets/A2E Suite/packages/twenty-front/src/modules/app/routing/utils/createWorkspaceRouteObjects.tsx
[94m[bash][0m $ npx jest src/modules/inbox --config=packages/twenty-front/jest.config.mjs 2>&1 | tail -40
[94m[bash][0m $ npx jest src/engine/core-modules/notification --config=packages/twenty-server/jest.config.mjs 2>&1 |...
[94m[bash][0m $ npx tsgo -p tsconfig.json --noEmit 2>&1 | tail -30
[94m[edit][0m
[94m[edit][0m
[94m[edit][0m
[94m[bash][0m $ echo "EXIT: $?"
[94m[bash][0m $ echo "EXIT: ${PIPESTATUS[0]}"
[94m[bash][0m $ git status --porcelain | head -40
[94m[bash][0m $ sed -n '285,305p' packages/twenty-front/src/modules/front-components/hooks/useFrontComponentExecutio...
[94m[read][0m
[94m[bash][0m $ grep -rn "AppPath" packages/twenty-shared/dist/types/index.d.ts | head
[94m[bash][0m $ grep -o "^src/[^(]*" /tmp/twentyfront-tsgo.txt | sort | uniq -c | sort -rn | head -20
[94m[bash][0m $ grep -n "individual\|\"\./types\"\|\"\./utils\"" packages/twenty-shared/package.json | head
[94m[read][0m /Users/maxaubert/Projets/A2E Suite/packages/twenty-shared/package.json
[94m[read][0m /tmp/twentyfront-tsgo.txt

--- STDERR ---
[93m[1m! [0mpermission requested: external_directory (/tmp/*); auto-rejecting

--- SUBAGENT TRACE ---
{
  "events": [
    {
      "id": "subagent_1789766391561_x4jcnt0",
      "type": "spawn",
      "timestamp": "2026-09-18T21:19:51.561Z",
      "agentType": "explore",
      "description": "Explore front native page + routing patterns",
      "prompt": "I'm working in the A2E Suite / Twenty monorepo at /Users/maxaubert/Projets/A2E Suite. I need to add a native \"Inbox\" page to `packages/twenty-front`, following the exact conventions of the recently-added Chat/Discussions page (P5.2).\n\nResearch and report (read-only, do NOT edit anything), with file paths + line numbers and key code snippets:\n\n1. The routing: `packages/twenty-front/src/modules/app/routing/utils/createWorkspaceRouteObjects.tsx` — how the Discussions/ChatPage route is registered, the `AppPath` enum member (find it), and how a query param (e.g. `channelId`) is read by the page. Show the exact additions needed to add a new route.\n\n2. The navigation conventions (P1.2): find how nav items / sidebar entries are defined (`NavigationDrawer`, `navigationDrawerItem` or similar), and how a new top-level page is linked. Where is the chat/discussions nav entry? Show the pattern.\n\n3. The page + feature module structure for Chat: list the files under `packages/twenty-front/src/modules/chat/` (or whatever the feature dir is) and `packages/twenty-front/src/pages/...ChatPage.tsx`. Show how the page composes components, how it does data fetching (`useFindManyRecords`/custom resolver hooks), how it uses `AppPath` deep links, and how it handles empty/loading states.\n\n4. Realtime: read `packages/twenty-front/src/modules/realtime/hooks/useRealtimeTopic.ts` and its usage on the chat page, plus any front util that builds a channel topic (e.g. `buildChatChannelTopic`). I need to build the equivalent `buildInboxTopic` for `workspace:<id>:inbox:<userId>` and subscribe. Show the exact hook signature and an example call.\n\n5. Lingui/Linaria conventions: show `msg` usage and `styled` component examples from the chat page, and where translation message IDs live. Also confirm the `~/modules/realtime` vs `@/` alias conventions.\n\n6. Any existing \"notification\" related front code (bell icon, notification preferences settings, unread badge) that I should reuse instead of duplicating. Search `packages/twenty-front/src` for \"notification\".\n\nBe thorough — this is the primary precedent for my implementation."
    },
    {
      "id": "subagent_1789766391561_x4jcnt0",
      "type": "error",
      "timestamp": "2026-09-18T21:19:51.561Z",
      "agentType": "explore",
      "description": "Explore front native page + routing patterns",
      "errorMessage": "<task id=\"ses_f499ea33effe3SUdGXRKc1OFg8\" state=\"completed\">\n<task_result>\nI have everything needed. Here is the complete research report.\n\n---\n\n# Native Inbox page — codebase precedent report (read-only)\n\nAll paths absolute. Nothing was modified.\n\n---\n\n## 0. Key finding up front\n\nChat (P5.2) is the precedent, but **there is no front-end \"nav registry\" to edit**. Navigation entries are DB rows (`NavigationMenuItem`) declared by apps or created by users; the a2e-chat \"Discussions\" nav entry points at a *view*, not at the native `/discussions` route. The native route is currently reached only through the Cmd+K search provider. The server side of your Inbox (topic, publisher, event contract, ACL) **already exists** from P8.1 — but there is **no GraphQL resolver** for notifications yet. Details in §2 and §6.\n\n---\n\n## 1. Routing\n\n### 1a. `AppPath` enum member\n`/Users/maxaubert/Projets/A2E Suite/packages/twenty-shared/src/types/AppPath.ts`\n\n```\n21:   // Onboarded\n22:   AiChat = '/chat/:threadId?',\n23:   // Native workspace chat (a2e-chat objects). Distinct from AiChat's `/chat`.\n24:   Discussions = '/discussions',\n25:   Index = '/',\n26:   // Mobile only: the navigation menu is a page there rather than a drawer.\n27:   Home = '/home',\n28:   TasksPage = '/objects/tasks',\n29:   OpportunitiesPage = '/objects/opportunities',\n```\n\n`AppPath` lives in **`twenty-shared`**, not twenty-front. Per `AGENTS.md` gotchas, after editing it run `npx nx build twenty-shared --skip-nx-cache` before trusting any typecheck in `twenty-front`.\n\n### 1b. Route registration\n`/Users/maxaubert/Projets/A2E Suite/packages/twenty-front/src/modules/app/routing/utils/createWorkspaceRouteObjects.tsx`\n\nLazy import (lines 44-48):\n```tsx\nconst ChatPage = lazy(() =>\n  import('~/pages/chat/ChatPage').then((module) => ({\n    default: module.ChatPage,\n  })),\n);\n```\n\nRoute object (lines 136-143):\n```tsx\n{\n  path: AppPath.Discussions,\n  element: (\n    <LazyRoute>\n      <ChatPage />\n    </LazyRoute>\n  ),\n},\n```\n\nThe chat route carries **no `handle`**, so it is main-surface-only. Pages that should also open in the side panel declare (see lines 88-91 / 106-109):\n```tsx\nhandle: {\n  workspaceSurfaces: MAIN_AND_SIDE_PANEL,\n  isLocationExpandableFromSidePanel: true,\n},\n```\n\n### 1c. Reading a query param (`channelId`)\n`/Users/maxaubert/Projets/A2E Suite/packages/twenty-front/src/pages/chat/ChatPage.tsx`\n\n```\n45:   const [searchParams] = useSearchParams();\n...\n61:   // \"Go to channel\" deep link: the Cmd+K provider appends `channelId`, so the\n62:   // page lands on the named channel instead of just the discussions list.\n63:   const requestedChannelId = searchParams.get('channelId');\n...\n67:   useEffect(() => {\n68:     if (\n69:       isDefined(requestedChannelId) &&\n70:       channels.some((channel) => channel.id === requestedChannelId) &&\n71:       requestedChannelId !== selectedChatChannelId\n72:     ) {\n73:       setSelectedChatChannelId(requestedChannelId);\n74:       return;\n75:     }\n...\n87:   }, [channels, requestedChannelId, sections, selectedChatChannelId, setSelectedChatChannelId]);\n```\n\nThe deep link is built with `getAppPath` in\n`/Users/maxaubert/Projets/A2E Suite/packages/twenty-front/src/modules/chat/utils/mapChatSearchRecordsToResultItems.ts:16-17`:\n```ts\nexport const buildChatChannelSearchPath = (channelId: string): string =>\n  getAppPath(AppPath.Discussions, undefined, { channelId });\n```\ni.e. `/discussions?channelId=<id>`. `getAppPath(path, params, queryParams)` is from `twenty-shared/utils`.\n\n### 1d. Exact additions for an Inbox route\n1. `twenty-shared/src/types/AppPath.ts` — add an onboarded-path member, e.g. `Inbox = '/inbox',` (additive, no collision).\n2. `createWorkspaceRouteObjects.tsx` — add the lazy import:\n```tsx\nconst InboxPage = lazy(() =>\n  import('~/pages/inbox/InboxPage').then((module) => ({\n    default: module.InboxPage,\n  })),\n);\n```\nand the route object:\n```tsx\n{\n  path: AppPath.Inbox,\n  element: (\n    <LazyRoute>\n      <InboxPage />\n    </LazyRoute>\n  ),\n},\n```\n3. If you want a deep link like `/inbox?notificationId=<id>`, mirror §1c exactly.\n4. Rebuild `twenty-shared`.\n\n---\n\n## 2. Navigation conventions (P1.2)\n\nThe nav drawer is composed in:\n- `/Users/maxaubert/Projets/A2E Suite/packages/twenty-front/src/modules/navigation/components/MainNavigationDrawerContent.tsx`\n- `.../navigation/components/MainNavigationDrawerNavigationContent.tsx`\n- `.../navigation/components/MainNavigationDrawerScrollableItems.tsx`\n- `.../navigation/components/NavigationDrawerTabbedContent.tsx`\n\n`MainNavigationDrawerScrollableItems.tsx:31-41` renders DB-backed sections:\n```tsx\n<StyledScrollableItemsContainer>\n  <NavigationDrawerOpenedSection />\n  <Suspense fallback={<NavigationDrawerWorkspaceSectionSkeletonLoader />}>\n    <FavoritesSectionDispatcher />\n    <WorkspaceSectionDispatcher />\n  </Suspense>\n</StyledScrollableItemsContainer>\n```\n\n**There is no hard-coded front array of nav items.** The P1.2 phase report states this explicitly:\n`/Users/maxaubert/Projets/A2E Suite/docs/plan/phases/phase-01-report.md:118-119`\n> \"Nav visibility: verified no extension needed — nav items are DB rows owned by the app; uninstall deletes them with the metadata sync; no code change.\"\n\nNav item types `/Users/maxaubert/Projets/A2E Suite/packages/twenty-shared/src/types/NavigationMenuItemType.ts`:\n```ts\nexport enum NavigationMenuItemType {\n  VIEW = 'VIEW',\n  FOLDER = 'FOLDER',\n  LINK = 'LINK',\n  OBJECT = 'OBJECT',\n  RECORD = 'RECORD',\n  PAGE_LAYOUT = 'PAGE_LAYOUT',\n}\n```\n`LINK` is **external-only** — `.../navigation-menu-item/display/link/utils/getLinkNavigationMenuItemComputedLink.ts:6-10` prepends `https://` to anything not already `http(s)`. It cannot point at `/inbox`. `OBJECT`/`VIEW`/`RECORD`/`PAGE_LAYOUT` resolve to record-object routes (`getNavigationMenuItemComputedLink.ts:23-50`).\n\n### Where the chat/discussions nav entry is\nIt is an **app-declared nav item**, not front code:\n`/Users/maxaubert/Projets/A2E Suite/packages/twenty-apps/internal/a2e-chat/src/navigation-menu-items/channels.navigation-menu-item.ts`\n```ts\nexport default defineNavigationMenuItem({\n  universalIdentifier: NAVIGATION_MENU_ITEM_IDS.channels,\n  name: 'Discussions',\n  icon: 'IconMessages',\n  position: 130,\n  type: NavigationMenuItemType.VIEW,\n  viewUniversalIdentifier: VIEW_IDS.allChannels,\n});\n```\nIt opens the `chatChannel` record index — **not** the native `/discussions` page.\n\n### Reachability gap (documented, not a bug)\n`/Users/maxaubert/Projets/A2E Suite/docs/plan/phases/phase-05-report.md:71`\n> \"the route is registered but nothing links to it yet — the a2e-chat app's `Discussions` nav item is `VIEW → chatChannels` … pointing the app nav/command at `AppPath.Discussions` (or a `LINK` nav row) is the next wiring step\"\n\n`:74`\n> \"`P5.2-chat-live` — … add Cmd+K 'go to channel' (which can also wire the nav to `/discussions`).\"\n\n### How native chat is actually reached today\nVia Cmd+K: `/Users/maxaubert/Projets/A2E Suite/packages/twenty-front/src/modules/chat/hooks/useChatSearchResultItems.ts` (provider) → merged in `.../side-panel/pages/search/components/SidePanelSearchRecordsPage.tsx:3,48,78`. Provider items carry a `path` built from `AppPath`.\n\n**Implication for Inbox:** there is no `NavigationDrawer` array to add an Inbox entry to. To make `/inbox` reachable, follow the chat precedent (Cmd+K provider / deep-link) or add a new DB `NavigationMenuItem` mechanism. A native top-level route cannot be surfaced by the existing `LINK` nav type because it is HTTPS-only.\n\n---\n\n## 3. Chat page + feature module structure\n\n### 3a. Feature module files\n`/Users/maxaubert/Projets/A2E Suite/packages/twenty-front/src/modules/chat/`\n\n- `components/` — `ChatSidebar.tsx`, `ChatChannelConversation.tsx`, `ChatMessageList.tsx`, `ChatMessageBody.tsx`, `ChatThreadView.tsx`, `ChatComposer.tsx`, plus `__tests__/`.\n- `hooks/` — `useChatChannels.ts`, `useChatChannel.ts`, `useChatMessages.ts`, `useChatUnreadCounts.ts`, `useChatChannelLive.ts`, `useSendChatMessage.ts`, `useSendChatMessageWithQueue.ts`, `useSendChatTypingIndicator.ts`, `useMarkChatChannelRead.ts`, `useChatMentionCandidates.ts`, `useChatWorkspaceMembers.ts`, `useChatAuthorLabels.ts`, `useChatSearchResultItems.ts`, `useOpenChatChannelInSidePanel.ts`, `useRecordChatChannels.ts`, plus `__tests__/`.\n- `graphql/queries/` — `chatMessagesQuery.ts`, `chatUnreadCountsQuery.ts`; `graphql/mutations/sendChatTypingIndicatorMutation.ts`.\n- `states/` — `selectedChatChannelIdState.ts`, `chatComposerDraftState.ts`, `expandedChatThreadParentIdState.ts`, `focusedChatThreadParentIdState.ts`.\n- `types/` — `ChatChannel.ts`, `ChatMessage.ts`, `ChatRealtimeEvent.ts`.\n- `utils/` — `buildChatChannelTopic.ts`, `applyChatRealtimeEventToMessages.ts`, `groupChatChannelsBySection.ts`, `getChatReadState.ts`, `splitChatMessageBody.ts`, `chatMentionDraft.ts`, `chatOfflineQueue.ts`, `mapChatSearchRecordsToResultItems.ts`, `buildChatThreadReplyMap.ts`, `recordChatChannel.ts`, plus `__tests__/`.\n- `constants/` — `ChatChannelSectionOrder.ts`, `ChatEmojiPalette.ts`.\n- `side-panel/` — `states/viewableChatChannelIdComponentState.ts`, `components/SidePanelChatChannelPage.tsx`.\n\nPage: `/Users/maxaubert/Projets/A2E Suite/packages/twenty-front/src/pages/chat/ChatPage.tsx` (119 lines).\n\n### 3b. Page composition\n`ChatPage.tsx:43-118` — local Jotai selection state + hooks, then:\n```tsx\n<StyledChatPage data-testid=\"chat-page\">\n  <ChatSidebar sections={sections} selectedChannelId={...} unreadCountByChannelId={...} onSelectChannel={...} />\n  <StyledConversation>\n    <RealtimeReconnectBanner />\n    {isDefined(selectedChannel) ? (\n      <ChatChannelConversation channel={selectedChannel} />\n    ) : (\n      <StyledEmptyConversation>{t`Select a channel to start chatting`}</StyledEmptyConversation>\n    )}\n  </StyledConversation>\n</StyledChatPage>\n```\nThe conversation surface is extracted (`ChatChannelConversation.tsx`) so page and side-panel mini-chat share it. `ChatPage.tsx:8-16` shows imports: own feature via `@/chat/...`, cross-cutting realtime via `~/modules/realtime/...`.\n\n### 3c. Data fetching patterns\nTwo patterns coexist:\n\n**App-owned metadata objects → shared object-record machinery**\n`useChatChannels.ts`:\n```ts\nconst { records, loading, error } = useFindManyRecords({\n  objectNameSingular: 'chatChannel',\n  recordGqlFields: { id: true, name: true, kind: true, visibility: true, topic: true },\n  limit: 200,\n});\n```\n`useChatChannel.ts` uses `useFindOneRecord` with `skip`. Signature of `useFindManyRecords` is over at `/Users/maxaubert/Projets/A2E Suite/packages/twenty-front/src/modules/object-record/hooks/useFindManyRecords.ts:26-48` (`{ objectNameSingular, filter?, orderBy?, skip?, recordGqlFields?, limit? }`).\n\n**Server custom resolvers → hand-written Apollo query with `useApolloCoreClient`**\n`useChatUnreadCounts.ts`:\n```ts\nconst apolloCoreClient = useApolloCoreClient();\nconst { data, loading, error } = useQuery<ChatUnreadCountsQueryResult>(\n  CHAT_UNREAD_COUNTS_QUERY,\n  { client: apolloCoreClient },\n);\n```\nThe `gql` document lives in `modules/chat/graphql/queries/chatUnreadCountsQuery.ts:7-18`, exporting the document plus a result type. `useChatMessages.ts` is the same pattern with variables + `skip: channelId === null`.\n\nInbox will need this second pattern: **a `notifications` GraphQL query does not exist yet** (§6).\n\n### 3d. Empty / loading states\n- Empty conversation: `ChatPage.tsx:34-41` (`StyledEmptyConversation`) + `t\\`Select a channel to start chatting\\``.\n- Empty sidebar list: `ChatSidebar.tsx:133-134` → `<StyledEmptyState>{t\\`No channels yet\\`}</StyledEmptyState>`.\n- Loading: `ChatPage` passes `loading` through but renders no spinner; `ChatSidebar` shows the empty state (no dedicated skeleton in chat — note `RecordIndexSkeletonLoader` exists if you want one).\n- `RealtimeReconnectBanner` (from `~/modules/realtime/components/`) is always rendered above the conversation.\n\n---\n\n## 4. Realtime\n\n### 4a. Hook signature\n`/Users/maxaubert/Projets/A2E Suite/packages/twenty-front/src/modules/realtime/hooks/useRealtimeTopic.ts:14-25`\n```ts\nexport const useRealtimeTopic = <TPayload>({\n  topic,\n  onEvent,\n  enabled = true,\n}: {\n  topic: string;\n  onEvent?: (payload: TPayload, envelope: RealtimeEnvelope) => void;\n  enabled?: boolean;\n}): {\n  lastEnvelope: RealtimeEnvelope | null;\n  lastError: RealtimeEnvelope | null;\n} => {\n```\nImportant detail (`:61-64`): `onEvent` is intentionally **not** a dependency; consumers pass inline closures. Reconnect catch-up is the consumer's job. Errors (subscription refused/auth) surface via `lastError`, separate from events.\n\n### 4b. Front chat topic builder (your template)\n`/Users/maxaubert/Projets/A2E Suite/packages/twenty-front/src/modules/chat/utils/buildChatChannelTopic.ts`\n```ts\n// Chat realtime topics follow the gateway grammar `workspace:<id>:chat:<id>`\n// (server parse-realtime-topic.util.ts). The builder mirrors the server\n// `chat-topic.util.ts` so subscribe and publish name the channel identically.\nexport const buildChatChannelTopic = ({ workspaceId, channelId }: {\n  workspaceId: string; channelId: string;\n}): string => `workspace:${workspaceId}:chat:${channelId}`;\n```\n\n### 4c. Example call (subscription)\n`/Users/maxaubert/Projets/A2E Suite/packages/twenty-front/src/modules/chat/hooks/useChatChannelLive.ts:40-41,90-134`\n```ts\nconst currentWorkspace = useAtomStateValue(currentWorkspaceState);\nconst workspaceId = currentWorkspace?.id ?? null;\n...\nconst topic =\n  isDefined(workspaceId) && isDefined(channelId)\n    ? buildChatChannelTopic({ workspaceId, channelId })\n    : '';\n\nuseRealtimeTopic<ChatRealtimeEvent>({\n  topic,\n  enabled: topic.length > 0,\n  onEvent: (event) => {\n    if (event.type === CHAT_TYPING_EVENT_TYPE) { /* ... */ return; }\n    if (!isChatRealtimeMessageEvent(event)) return;\n    setRealtimeMessageEvents((currentEvents) => [...currentEvents, event]);\n  },\n});\n```\nThe event union is mirrored client-side in `modules/chat/types/ChatRealtimeEvent.ts` because the server domain events are not in the metadata codegen surface (`:4-6`).\n\n### 4d. The server Inbox topic + contract ALREADY EXIST\n`/Users/maxaubert/Projets/A2E Suite/packages/twenty-server/src/engine/core-modules/notification/utils/inbox-topic.util.ts`\n```ts\nexport const buildInboxTopic = ({\n  workspaceId, userId,\n}: { workspaceId: string; userId: string }): string =>\n  `workspace:${workspaceId}:inbox:${userId}`;\n```\n\nEvent payload — `/Users/maxaubert/Projets/A2E Suite/packages/twenty-server/src/engine/core-modules/notification/utils/notification-realtime-event.util.ts`:\n```ts\nexport const NOTIFICATION_INBOX_UPDATED_EVENT_TYPE = 'notification.inbox.updated';\n\nexport type NotificationRealtimeEntry = {\n  id: string; type: string;\n  payload: Record<string, unknown> | null;\n  createdAt: string; readAt: string | null; archivedAt: string | null;\n};\n\nexport type NotificationInboxRealtimeEvent = {\n  type: typeof NOTIFICATION_INBOX_UPDATED_EVENT_TYPE;\n  workspaceId: string; userId: string; occurredAt: string;\n  unreadCount: number;\n  notifications: NotificationRealtimeEntry[];\n};\n```\nPublished per recipient by `.../services/notification-realtime-publisher.service.ts:27-53`, with `unreadCount` read back from `NotificationService.countUnread` (never a parallel counter).\n\nACL — `.../realtime-gateway/services/realtime-topic-authorization.service.ts:129-133`:\n```ts\nif (topicContext.kind === 'inbox' && isDefined(topicContext.userId)) {\n  if (topicContext.userId !== socketContext.userId) {\n    throw new Error('Inbox topics are scoped to the owning user');\n  }\n}\n```\nParser — `.../realtime-gateway/utils/parse-realtime-topic.util.ts:26-27` maps `inbox` → `{ kind: 'inbox', workspaceId, userId: rest[0] }`.\n\n### 4e. Exact front `buildInboxTopic` to add\nCreate `/Users/maxaubert/Projets/A2E Suite/packages/twenty-front/src/modules/inbox/utils/buildInboxTopic.ts`, mirroring `buildChatChannelTopic`:\n```ts\n// Inbox realtime topics follow the gateway grammar `workspace:<id>:inbox:<userId>`\n// (server parse-realtime-topic.util.ts). The builder mirrors the server\n// `inbox-topic.util.ts` so subscribe and publish name the topic identically.\nexport const buildInboxTopic = ({\n  workspaceId,\n  userId,\n}: {\n  workspaceId: string;\n  userId: string;\n}): string => `workspace:${workspaceId}:inbox:${userId}`;\n```\n\nSubscribe call (note: `userId` is the **core User id**, not the workspaceMember id — the ACL compares against `payload.userId`). Use `currentUserState` (`/Users/maxaubert/Projets/A2E Suite/packages/twenty-front/src/modules/auth/states/currentUserState.ts:20`, `CurrentUser.id`) together with `currentWorkspaceState.id`:\n```ts\nconst currentWorkspace = useAtomStateValue(currentWorkspaceState);\nconst currentUser = useAtomStateValue(currentUserState);\nconst topic =\n  isDefined(currentWorkspace?.id) && isDefined(currentUser?.id)\n    ? buildInboxTopic({ workspaceId: currentWorkspace.id, userId: currentUser.id })\n    : '';\n\nuseRealtimeTopic<NotificationInboxRealtimeEvent>({\n  topic,\n  enabled: topic.length > 0,\n  onEvent: (event) => { /* fold event.notifications + event.unreadCount */ },\n});\n```\nYou will also need a client-side mirror of `NotificationInboxRealtimeEvent` (same reason as `ChatRealtimeEvent.ts:4-6`: domain events are not in codegen).\n\n---\n\n## 5. Lingui / Linaria conventions + aliases\n\n### 5a. Linaria `styled`\n`ChatPage.tsx:1,18-41`:\n```tsx\nimport { styled } from '@linaria/react';\nimport { themeCssVariables } from 'twenty-ui/theme-constants';\n\nconst StyledChatPage = styled.div`\n  display: flex;\n  flex: 1;\n  height: 100%;\n  min-height: 0;\n  width: 100%;\n`;\n```\nConditional props pattern — `ChatSidebar.tsx:47-72`:\n```tsx\nconst StyledChannelButton = styled.button<{ isSelected: boolean }>`\n  background: ${({ isSelected }) =>\n    isSelected ? themeCssVariables.background.transparent.medium : 'transparent'};\n  ...\n`;\n```\nAlways style via `themeCssVariables` (no raw hex).\n\n### 5b. Lingui\nIn components use the `t` macro from `useLingui`:\n`ChatPage.tsx:2,44,113` and `ChatSidebar.tsx:2,117,132,134`:\n```tsx\nimport { useLingui } from '@lingui/react/macro';\nconst { t } = useLingui();\n...\n<StyledEmptyState>{t`No channels yet`}</StyledEmptyState>\n```\nIn non-component `.ts` modules use the `msg` macro from `@lingui/core/macro`, e.g.\n`/Users/maxaubert/Projets/A2E Suite/packages/twenty-front/src/modules/onboarding/constants/WelcomeTitleMessage.ts`:\n```ts\nimport { msg } from '@lingui/core/macro';\nexport const WELCOME_TITLE_MESSAGE = msg`Welcome to your workspace`;\n```\n(and arrays of `msg\\`…\\`` in `.../onboarding/constants/OnboardingInstallableApps.ts`).\n\nMessage-ID/catalog locations — `/Users/maxaubert/Projets/A2E Suite/packages/twenty-front/lingui.config.ts`:\n```ts\ncatalogs: [{ path: '<rootDir>/src/locales/{locale}', include: ['src'] }],\ncatalogsMergePath: '<rootDir>/src/locales/generated/{locale}',\ncompileNamespace: 'ts',\nformat: formatter({ lineNumbers: false, printLinguiId: true }),\n```\nSo: source catalogs `packages/twenty-front/src/locales/*.po`, compiled TS in `packages/twenty-front/src/locales/generated/*.ts`. Regeneration via `lingui extract`/`compile`. Per `AGENTS.md` (\"Do not commit translation catalogs unless translations are the task\"), leave the `.po`/generated churn out of the commit.\n\n### 5c. Alias conventions\n`/Users/maxaubert/Projets/A2E Suite/packages/twenty-front/tsconfig.json:23-26`\n```json\n\"paths\": {\n  \"@/*\": [\"./src/modules/*\"],\n  \"~/*\": [\"./src/*\"]\n}\n```\nMirrored in `/Users/maxaubert/Projets/A2E Suite/packages/twenty-front/vite.config.ts:274-289` (comment explains wyw-in-js/Linaria requires the mirror).\n\nTherefore `~/modules/realtime/...` and `@/realtime/...` are **the same file**. Convention in practice:\n- Own feature module: `@/chat/...`, states via `@/ui/utilities/state/jotai/hooks/...`.\n- Cross-cutting modules that sit outside the feature: imported with the `~/` root form — `ChatPage.tsx:14` uses `~/modules/realtime/components/RealtimeReconnectBanner`; `ChatChannelConversation.tsx:21-23` uses `~/modules/realtime/...`; `ChatRealtimeEvent.ts` comment. Pages themselves are imported via `~/pages/...` (routing).\n- `import { isDefined } from 'twenty-shared/utils'` for guards; icons from `twenty-ui/icon`; theme from `twenty-ui/theme-constants`.\n\nFor Inbox, `@/inbox/...` for the feature module and `~/modules/realtime/...` for the hook is the matching choice.\n\n---\n\n## 6. Existing notification-related front code to reuse (and the gap)\n\n### 6a. Front primitives that exist\n- **Bell icon**: `IconBell` is exported from `twenty-ui/icon` (`/Users/maxaubert/Projets/A2E Suite/packages/twenty-ui/src/icon/index.ts:89`) and is the canonical notification icon in the dictionary:\n  `/Users/maxaubert/Projets/A2E Suite/packages/twenty-ui/src/icon/constants/TwentyIconDictionary.ts:538-545`\n  ```\n  key: 'notification', label: 'Notification', iconName: 'IconBell',\n  keywords: ['notification', 'notice', 'notification settings', 'alert'],\n  useWhen: 'Representing notifications or notification settings.',\n  ```\n  (`icon-dictionary.md:115`). There is **no `inbox` dictionary key**; `IconNotification`/`IconBell` are available in `AllIcons.ts`.\n- **Unread/badge counter**: `NotificationCounter` in `twenty-ui/data-display` (`/Users/maxaubert/Projets/A2E Suite/packages/twenty-ui/src/data-display/NotificationCounter/NotificationCounter.tsx`), exported from `.../data-display/index.ts:36`. Currently used only by `.../record-drag/components/RecordDragMultiDragCounterChip.tsx:4,28` — **not** in any nav/shell.\n- **Chat's unread badge** is local (`ChatSidebar.tsx:86-95` `StyledUnreadBadge`), not the shared component.\n\n### 6b. What does NOT exist in the front\n- No `modules/notification` or `modules/inbox` directory (glob found none).\n- No `pages/**/*Inbox*`.\n- No notification preferences settings UI (the only \"Notifications\" strings are storybook/webhook copy, e.g. `.../settings/components/SettingsOptions/__stories__/SettingsOptionCardContentToggle.stories.tsx:48-49`).\n- No bell in the app shell / navigation drawer. `IconBell` appears only in stories and a mock command-menu item.\n- No notification GraphQL types in `src/generated-metadata/graphql.ts` (grep found none).\n- `NotificationCounter` and `IconBell` are the two real reusables.\n\n### 6c. Server backend that exists (P8.1) — but no GraphQL resolver\n`/Users/maxaubert/Projets/A2E Suite/packages/twenty-server/src/engine/core-modules/notification/`:\n- `notification.entity.ts` — core schema `notification` (`userId`, `type`, `payload`, `readAt`, `archivedAt`).\n- `services/notification.service.ts` — `findForUser` (`:176-193`), `countUnread` (`:195-205`), `markAsRead` (`:207-231`), `archiveNotification` (`:233-246`), `getPreferences`/`updatePreferences` (`:141-174`), `requestNotifications`/`dispatchNotifications`.\n- `utils/inbox-topic.util.ts`, `utils/notification-realtime-event.util.ts`, `services/notification-realtime-publisher.service.ts`.\n- `constants/notification-type.constant.ts` — `MENTION`, `CHAT_MESSAGE`, `ASSIGNED`, `WATCHED_RECORD_CHANGED`, `BUDGET_ALERT`, `INVOICE_OVERDUE`, `PAYMENT_RECEIVED`, `SYSTEM`.\n- `constants/notification-channel.constant.ts`, `notification-policy.constant.ts` (quiet hours/digest), `types/notification-preferences.type.ts`.\n\n**Critical gap**: a filesystem search under `packages/twenty-server/src` finds **no resolver/query file** for notifications (`find … *notification*resolver*` → empty), and `@Query`/`@Mutation` grep in the notification module → none. The phase report confirms this is deferred:\n`/Users/maxaubert/Projets/A2E Suite/docs/plan/phases/phase-08-report.md:26`\n> \"Read/archive-side badge decrement is not wired: `markAsRead`/`archiveNotification` have no caller yet (P8.2 inbox resolver)…\"\n\nSo a front-only Inbox page cannot list/read notifications through GraphQL yet. You either add the P8.2 resolver (server) or scope the page to realtime-only data. P8.2 plan is in `/Users/maxaubert/Projets/A2E Suite/PLAN.md:1239-1256`:\n```\n- [ ] Realtime push on `workspace:<id>:inbox:<userId>`; unread badge counts\n- [ ] Preference model per user (per-type channel: inbox/email/none)\n### P8.2 UX\n- [ ] Inbox app/page: filters (all/mentions/assigned/watching), grouped by …\n```\nAnd `phase-08-report.md:29` names your exact next step:\n> \"Next: P8.2 inbox app/page consuming `NotificationService.findForUser`/`countUnread` + subscribing the inbox topic with the P2.2 `useRealtimeTopic` primitive (build the matching front `buildInboxTopic`)\"\n\n---\n\n## Summary of the precedent chain for your implementation\n\n| Concern | Chat precedent | Inbox action |\n|---|---|---|\n| `AppPath` | `twenty-shared/src/types/AppPath.ts:24` | add `Inbox = '/inbox'`; rebuild twenty-shared |\n| Route | `createWorkspaceRouteObjects.tsx:44-48,136-143` | lazy import `~/pages/inbox/InboxPage` + route object |\n| Query param | `ChatPage.tsx:45,63,67-93` | same `useSearchParams` + select effect |\n| Deep link | `mapChatSearchRecordsToResultItems.ts:16-17` | `getAppPath(AppPath.Inbox, undefined, { notificationId })` |\n| Nav entry | none in front; app VIEW item `a2e-chat/.../channels.navigation-menu-item.ts` | no front registry; use Cmd+K provider precedent (native route can't be a `LINK` item) |\n| Data | `useFindManyRecords` / `useQuery`+`useApolloCoreClient` | needs a new notifications GraphQL resolver (missing) |\n| Realtime | `buildChatChannelTopic.ts` + `useChatChannelLive.ts:90-134` | `buildInboxTopic.ts` (mirror server's) + `useRealtimeTopic<NotificationInboxRealtimeEvent>` with `currentWorkspaceState.id` + `currentUserState.id` |\n| Event type | `ChatRealtimeEvent.ts` client mirror | mirror `notification.inbox.updated` payload client-side |\n| Styling/i18n | Linaria `styled` + `t`/`msg` | same; catalogs in `src/locales`, don't commit |\n| Reuse | — | `IconBell` (`twenty-ui/icon`), `NotificationCounter` (`twenty-ui/data-display`) |\n| Aliases | `@/chat/...`, `~/modules/realtime/...` | `@/inbox/...`, `~/modules/realtime/...` |\n\nOne caveat to design around: the Inbox page is a **native hard-coded route**, consistent with the documented boundary that apps cannot add routes (`docs/plan/phases/phase-04-report.md:462-466`) and `docs/plan/04-twenty-native-law.md:104-106` (\"dedicated front page feature-flagged\").\n</task_result>\n</task>",
      "durationMs": 0
    },
    {
      "id": "subagent_1789766392098_x3g6wkp",
      "type": "spawn",
      "timestamp": "2026-09-18T21:19:52.098Z",
      "agentType": "explore",
      "description": "Explore server core GraphQL resolver patterns",
      "prompt": "I'm working in the A2E Suite / Twenty monorepo at /Users/maxaubert/Projets/A2E Suite. I need to add a GraphQL resolver for a core-schema entity called `notification` (already exists as `NotificationEntity` in packages/twenty-server/src/engine/core-modules/notification/notification.entity.ts; service `NotificationService` has `findForUser`, `countUnread`, `markAsRead`, `archiveNotification`, `getPreferences`, `updatePreferences`).\n\nResearch and report (read-only, do NOT edit anything):\n\n1. The canonical pattern for exposing a **core-schema, user/workspace-scoped entity** through GraphQL in `packages/twenty-server`. Find a concrete analogous module (e.g. documentShare under core-modules, keyValuePair, or any core entity with a resolver) and show: file layout (`*.resolver.ts`, `*.query.ts`/`*.mutation.ts`, DTO classes, module registration), decorators used (`@Resolver`, `@Query`, `@Mutation`, `@UseGuards`, `@UseFilters`, `@AuthWorkspace`, `@AuthUser` etc.), how the current user + workspace are obtained in the resolver, and how pagination/filter args are declared.\n\n2. How core resolvers are wired into the GraphQL schema at runtime — is it automatic via NestJS decorators + `@ObjectType`? Is there a module list where `NotificationModule` (already imported in core-engine.module.ts) needs to register a resolver provider? Show the `notification.module.ts` current content.\n\n3. Whether core GraphQL resolvers require a `@CoreResolver`-like guard, workspace auth guard, or `@UseGuards(WorkspaceAuthGuard)`. Give exact import paths.\n\n4. How the front-end GraphQL types are generated: find `packages/twenty-front/src/generated/graphql.ts` (or similar), and the codegen config. Are core-module operations added manually as documents in `packages/twenty-front/src/modules/**/graphql/*.ts` and then codegen'd? Show an example for a core (non-metadata) query.\n\nReport file paths with line numbers and paste the key code snippets. Be thorough but focused on the resolver + codegen pattern."
    },
    {
      "id": "subagent_1789766392098_x3g6wkp",
      "type": "error",
      "timestamp": "2026-09-18T21:19:52.098Z",
      "agentType": "explore",
      "description": "Explore server core GraphQL resolver patterns",
      "errorMessage": "<task id=\"ses_f499ead2cffeG0w0yfJ87X3yLQ\" state=\"completed\">\n<task_result>\nI have everything needed. Here is the complete research report.\n\n---\n\n# GraphQL resolver pattern for a core-schema entity (`notification`)\n\n## 1. Canonical pattern for a core-schema, user/workspace-scoped entity\n\nThe closest 1:1 analog is **`document-share`** (core `@Entity({ schema: 'core' })`, workspace + user scoped, `@CoreResolver`). DPA is the analog for returning a **core entity directly**.\n\n### File layout (`document-share`)\n```\npackages/twenty-server/src/engine/core-modules/document-share/\n├── document-share.entity.ts\n├── document-share.service.ts\n├── document-share.resolver.ts          # @CoreResolver class, Query/Mutation methods\n├── document-share.module.ts            # registers resolver in providers[]\n├── document-share-exception.filter.ts\n├── document-share.exception.ts\n└── dtos/\n    ├── create-document-share.input.ts  # @InputType()\n    ├── document-share.dto.ts           # @ObjectType('DocumentShare')\n    └── guest-document-share.dto.ts\n```\nThere is no separate `*.query.ts`/`*.mutation.ts` file in this codebase; a single `*.resolver.ts` holds `@Query`/`@Mutation` methods (as in `dpa.resolver.ts:34-58`, `client-config.resolver.ts:25-49`).\n\n### Resolver decorators + user/workspace acquisition\n`packages/twenty-server/src/engine/core-modules/document-share/document-share.resolver.ts:1-40`:\n```ts\nimport { UseFilters, UseGuards, UsePipes } from '@nestjs/common';\nimport { Args, Mutation, Query } from '@nestjs/graphql';\n\nimport { CoreResolver } from 'src/engine/api/graphql/graphql-config/decorators/core-resolver.decorator';\nimport { ResolverValidationPipe } from 'src/engine/core-modules/graphql/pipes/resolver-validation.pipe';\nimport { PreventNestToAutoLogGraphqlErrorsFilter } from 'src/engine/core-modules/graphql/filters/prevent-nest-to-auto-log-graphql-errors.filter';\nimport { WorkspaceEntity } from 'src/engine/core-modules/workspace/workspace.entity';\nimport { AuthWorkspace } from 'src/engine/decorators/auth/auth-workspace.decorator';\nimport { UserAuthGuard } from 'src/engine/guards/user-auth.guard';\nimport { WorkspaceAuthGuard } from 'src/engine/guards/workspace-auth.guard';\n\n// Without @CoreResolver the class never registers on the GraphQL schema and\n// every document-share endpoint silently 404s at the schema level.\n@CoreResolver()\n@UsePipes(ResolverValidationPipe)\n@UseFilters(DocumentShareExceptionFilter, PreventNestToAutoLogGraphqlErrorsFilter)\nexport class DocumentShareResolver {\n  constructor(private readonly documentShareService: DocumentShareService) {}\n\n  @Query(() => [DocumentShareDTO])\n  @UseGuards(WorkspaceAuthGuard, UserAuthGuard)\n  async findManyDocumentShares(\n    @AuthWorkspace() currentWorkspace: WorkspaceEntity,\n  ): Promise<DocumentShareDTO[]> { ... }\n\n  @Mutation(() => DocumentShareDTO)\n  @UseGuards(WorkspaceAuthGuard, UserAuthGuard)\n  async createDocumentShare(\n    @Args('createDocumentShareInput') createDocumentShareInput: CreateDocumentShareInput,\n    @AuthWorkspace() currentWorkspace: WorkspaceEntity,\n  ): Promise<DocumentShareDTO> { ... }\n```\n\nCurrent **user + workspace** together, exactly matching `NotificationService.findForUser({workspaceId, userId})` — `client-config.resolver.ts:16-35` and `timeline-messaging.resolver.ts:89-104`:\n```ts\n@UseGuards(WorkspaceAuthGuard, UserAuthGuard)\n@UsePipes(ResolverValidationPipe)\n@UseFilters(PreventNestToAutoLogGraphqlErrorsFilter)\n@CoreResolver()\nexport class ClientConfigResolver {\n  @Query(() => Boolean)\n  @UseGuards(NoPermissionGuard)\n  async isMaintenanceModeBannerDismissed(\n    @AuthUser() user: AuthContextUser,\n    @AuthWorkspace() workspace: WorkspaceEntity,\n  ): Promise<boolean> {\n    return this.maintenanceModeService.isMaintenanceModeBannerDismissed(user.id, workspace.id);\n  }\n```\n- `@AuthWorkspace()` → `request.workspace` (`src/engine/decorators/auth/auth-workspace.decorator.ts:13-28`); use `.id`.\n- `@AuthUser()` → `request.user` (`src/engine/decorators/auth/auth-user.decorator.ts:13-26`); use `.id`. Type is `AuthContextUser` from `src/engine/core-modules/auth/types/auth-context.type`.\n- `@AuthUserWorkspaceId()` (`src/engine/decorators/auth/auth-user-workspace-id.decorator.ts`) is available when you need the user-workspace join id instead.\n\n### Pagination / filter args\nTwo idioms, both in `timeline-messaging.resolver.ts:25-78`:\n```ts\n@ArgsType()\nclass GetTimelineThreadsFromObjectRecordArgs {\n  @Field(() => String) objectNameSingular: string;\n  @Field(() => UUIDScalarType) recordId: string;\n  @Field(() => Int) page: number;\n  @Field(() => Int) @Max(TIMELINE_THREADS_MAX_PAGE_SIZE) pageSize: number;\n}\n// used as: async get...(…, @Args() { objectNameSingular, recordId, page, pageSize }: Get...Args)\n```\nOr loose limit/offset with defaults (`admin-panel.resolver.ts:438-440`):\n```ts\n@Args('limit', { type: () => Int, nullable: true, defaultValue: 50 }) limit: number,\n@Args('offset', { type: () => Int, nullable: true, defaultValue: 0 }) offset: number,\n```\nA filter input object example: `application-connections.resolver.ts:29` — `@Args('filter', { nullable: true }) filter?: ListAppConnectionsInput`. Aggregate-with-total DTOs use `@CoreResolver(() => TimelineThreadsWithTotalDTO)` (`timeline-messaging.resolver.ts:81`) or `@CoreResolver(() => DpaAgreementEntity)` (`dpa.resolver.ts:22`).\n\n### DTO pattern (important for `NotificationEntity`)\n`document-share/dto/document-share.dto.ts:1-26`:\n```ts\nimport { Field, ObjectType } from '@nestjs/graphql';\nimport { UUIDScalarType, DateScalarType } from 'src/engine/api/graphql/workspace-schema-builder/graphql-types/scalars';\n\n@ObjectType('DocumentShare')\nexport class DocumentShareDTO {\n  @Field(() => UUIDScalarType) id: string;\n  @Field({ nullable: false }) shareToken: string;\n  // Explicit scalar type required: without it NestJS GraphQL fails schema\n  // generation with UndefinedTypeError for this nullable Date output.\n  @Field(() => DateScalarType, { nullable: true }) expiresAt: Date | null;\n  @Field() createdAt: Date;\n}\n```\nInput DTO: `@InputType()` + `@Field()` (`create-document-share.input.ts:1-32`).\n\n**Critical caveat for `NotificationEntity`:** it is decorated `@ObjectType('Notification')` (`notification.entity.ts:18`) but **none of its columns have `@Field()` decorators** — the inherited `workspaceId`/`workspace` from `WorkspaceRelatedEntity` (`workspace-manager/types/workspace-related-entity.ts:1-12`) don't either. Returning the entity directly from a resolver would produce an empty, invalid GraphQL object type. Two safe options:\n- Follow DPA: add `@Field(...)` to entity columns (DPA does this, `dpa/entities/dpa-agreement.entity.ts:30-84`), **or**\n- Follow document-share: add a `NotificationDTO` (`@ObjectType('Notification')` would collide with the entity's registered name, so use a distinct name or remove the entity's `@ObjectType`).\n- `payload: Record<string, unknown> | null` needs the `JSON` scalar; `GraphQLJSON` is globally registered in `graphql-config.service.ts:88` (`resolvers: { JSON: GraphQLJSON }`). `readAt`/`archivedAt`/`createdAt`/`updatedAt` need `DateScalarType` (nullable ones must be explicit, per the comment above).\n\n---\n\n## 2. Runtime schema wiring\n\nRegistration is **not automatic from `@ObjectType` alone** — it requires `@CoreResolver` + being a provider reachable from `CoreEngineModule`.\n\n`graphql-config.service.ts:83-94` (the core `/graphql` schema):\n```ts\nconst config: YogaDriverConfig = {\n  autoSchemaFile: true,\n  include: [CoreEngineModule],\n  resolverSchemaScope: 'core',\n  buildSchemaOptions: {},\n  resolvers: { JSON: GraphQLJSON },\n  ...\n  path: `/${ApiPath.GraphQL}`,\n```\nThe filtering happens inside `@nestjs/graphql`'s explorer (`node_modules/@nestjs/graphql/dist/services/resolvers-explorer.service.js:58-62` and `174-179`):\n```js\nconst resolverSchemaScope = this.gqlOptions.resolverSchemaScope;\nif (resolverSchemaScope && wrapper.metatype) {\n  // Default to 'metadata' for unscoped resolvers (e.g. nestjs-query auto-generated CRUD)\n  const resolverScope = Reflect.getMetadata(RESOLVER_SCHEMA_SCOPE_KEY, wrapper.metatype) || 'metadata';\n  if (resolverScope !== resolverSchemaScope) { return undefined; }\n}\n```\n`@CoreResolver()` is exactly `Resolver()` + `SetMetadata(RESOLVER_SCHEMA_SCOPE_KEY, 'core')`:\n```ts\n// packages/twenty-server/src/engine/api/graphql/graphql-config/decorators/core-resolver.decorator.ts:7-11\nexport const CoreResolver = (typeFunc?: () => unknown) =>\n  applyDecorators(\n    typeFunc ? Resolver(typeFunc) : Resolver(),\n    SetMetadata(RESOLVER_SCHEMA_SCOPE_KEY, 'core' as ResolverSchemaScope),\n  );\n```\nSo the rule: **add `@CoreResolver()`, then register the class in a module's `providers[]` that is transitively imported by `CoreEngineModule`.**\n\n`NotificationModule` is already imported by CoreEngineModule:\n- `packages/twenty-server/src/engine/core-modules/core-engine.module.ts:57` — `import { NotificationModule } from 'src/engine/core-modules/notification/notification.module';`\n- `core-engine.module.ts:149` — `NotificationModule,` in `imports`.\n\n**Current `notification.module.ts` (`packages/twenty-server/src/engine/core-modules/notification/notification.module.ts:1-24`):**\n```ts\nimport { Module } from '@nestjs/common';\nimport { TypeOrmModule } from '@nestjs/typeorm';\n\nimport { KeyValuePairModule } from 'src/engine/core-modules/key-value-pair/key-value-pair.module';\nimport { NotificationRequestedListener } from 'src/engine/core-modules/notification/listeners/notification-requested.listener';\nimport { NotificationEntity } from 'src/engine/core-modules/notification/notification.entity';\nimport { NotificationRealtimePublisherService } from 'src/engine/core-modules/notification/services/notification-realtime-publisher.service';\nimport { NotificationService } from 'src/engine/core-modules/notification/services/notification.service';\nimport { RealtimeGatewayModule } from 'src/engine/core-modules/realtime-gateway/realtime-gateway.module';\n\n@Module({\n  imports: [\n    KeyValuePairModule,\n    TypeOrmModule.forFeature([NotificationEntity]),\n    RealtimeGatewayModule,\n  ],\n  exports: [NotificationService],\n  providers: [\n    NotificationService,\n    NotificationRequestedListener,\n    NotificationRealtimePublisherService,\n  ],\n})\nexport class NotificationModule {}\n```\nNo resolver provider exists yet. The minimal change is adding an `import { NotificationResolver } ...` and listing it in `providers` (compare `document-share.module.ts:9-13`, which also adds nothing to `imports` beyond what's needed). No central resolver list needs editing.\n\n---\n\n## 3. Guard requirements / exact import paths\n\nA core resolver does **not** strictly require a guard to compile, but every user/workspace-scoped core resolver applies the same pair. Exact paths:\n\n```ts\nimport { CoreResolver } from 'src/engine/api/graphql/graphql-config/decorators/core-resolver.decorator';\nimport { AuthUser } from 'src/engine/decorators/auth/auth-user.decorator';\nimport { AuthWorkspace } from 'src/engine/decorators/auth/auth-workspace.decorator';\nimport { WorkspaceAuthGuard } from 'src/engine/guards/workspace-auth.guard';\nimport { UserAuthGuard } from 'src/engine/guards/user-auth.guard';\nimport { NoPermissionGuard } from 'src/engine/guards/no-permission.guard';\nimport { CustomPermissionGuard } from 'src/engine/guards/custom-permission.guard';\nimport { SettingsPermissionGuard } from 'src/engine/guards/settings-permission.guard';\nimport { PublicEndpointGuard } from 'src/engine/guards/public-endpoint.guard';\n```\n\n- `@CoreResolver()` is mandatory for `/graphql` registration (see §2). There is no `@UseGuards` requirement imposed by the schema scope.\n- `WorkspaceAuthGuard` (`src/engine/guards/workspace-auth.guard.ts:12-29`) asserts `request.workspace` exists.\n- `UserAuthGuard` (`src/engine/guards/user-auth.guard.ts:7-18`) asserts `request.user !== undefined` — required because your service is keyed by `userId`.\n- Apply at class level: `@UseGuards(WorkspaceAuthGuard, UserAuthGuard)` (document-share resolver, client-config resolver). Permission guards (`SettingsPermissionGuard(PermissionFlagType.X)`, `CustomPermissionGuard`) are added per-method for privileged actions (`timeline-messaging.resolver.ts:80,202`).\n- `@UsePipes(ResolverValidationPipe)` (`src/engine/core-modules/graphql/pipes/resolver-validation.pipe`) enables `class-validator` on args; `@UseFilters(PreventNestToAutoLogGraphqlErrorsFilter)` (`src/engine/core-modules/graphql/filters/prevent-nest-to-auto-log-graphql-errors.filter`) is the standard filter. DPA additionally uses `AuthGraphqlApiExceptionFilter` and `PermissionsGraphqlApiExceptionFilter` (`dpa.resolver.ts:7,20,23`).\n\nFor a `notification` resolver returning only the caller's own rows, `@UseGuards(WorkspaceAuthGuard, UserAuthGuard)` + `@UsePipes(ResolverValidationPipe)` + `@UseFilters(PreventNestToAutoLogGraphqlErrorsFilter)` + `@CoreResolver()` matches the house pattern.\n\n---\n\n## 4. Front-end GraphQL types generation\n\n### Core (non-metadata) codegen config\n`packages/twenty-front/codegen.cjs:3-34` — schema is the **live core `/graphql` endpoint**, output `src/generated/graphql.ts`:\n```js\nmodule.exports = {\n  schema: (process.env.REACT_APP_SERVER_BASE_URL ?? 'http://localhost:3000') + '/graphql',\n  documents: [\n    './src/modules/workflow/**/graphql/**/*.{ts,tsx}',\n    './src/modules/object-core/**/graphql/**/*.{ts,tsx}',\n    './src/modules/activities/emails/graphql/queries/**/*.{ts,tsx}',\n    './src/modules/activities/calendar/graphql/queries/**/*.{ts,tsx}',\n    './src/modules/search/graphql/**/*.{ts,tsx}',\n    './src/modules/command-menu/graphql/**/*.{ts,tsx}',\n    '!./src/**/*.test.{ts,tsx}', ...\n  ],\n  overwrite: true,\n  generates: {\n    './src/generated/graphql.ts': {\n      plugins: ['typescript', 'typescript-operations', 'typed-document-node'],\n      config: { skipTypename: false, defaultScalarType: 'any',\n        scalars: { DateTime: 'string' }, namingConvention: { enumValues: 'keep' } },\n    },\n  },\n};\n```\nConfig selection — `packages/twenty-front/project.json:252-270`:\n```jsonc\n\"graphql:generate\": {\n  \"executor\": \"nx:run-commands\",\n  \"defaultConfiguration\": \"data\",\n  \"options\": { \"cwd\": \"{projectRoot}\", \"command\": \"dotenv graphql-codegen -- --config={args.config}\" },\n  \"configurations\": {\n    \"data\":     { \"config\": \"codegen.cjs\" },          // -> src/generated/graphql.ts          (core /graphql)\n    \"metadata\": { \"config\": \"codegen-metadata.cjs\" }, // -> src/generated-metadata/graphql.ts (/metadata)\n    \"admin\":    { \"config\": \"codegen-admin.cjs\" }     // -> src/generated-admin/graphql.ts    (/admin-panel)\n  }\n}\n```\nRun: `npx nx run twenty-front:graphql:generate` (default = data/core) — requires the server running. The generated core file is **checked in** at `packages/twenty-front/src/generated/graphql.ts` (~95 KB).\n\n### Example core query document → generated output\nOperation document `packages/twenty-front/src/modules/activities/calendar/graphql/queries/getTimelineCalendarEventsFromObjectRecord.ts:1-21`:\n```ts\nimport { gql } from '@apollo/client';\nexport const getTimelineCalendarEventsFromObjectRecord = gql`\n  query GetTimelineCalendarEventsFromObjectRecord(\n    $objectNameSingular: String! $recordId: UUID! $page: Int! $pageSize: Int!\n  ) {\n    getTimelineCalendarEventsFromObjectRecord(...) { ...TimelineCalendarEventsWithTotalFragment }\n  }\n  ${timelineCalendarEventWithTotalFragment}\n`;\n```\nGenerated in `src/generated/graphql.ts`:\n- `graphql.ts:877` — `GetTimelineCalendarEventsFromObjectRecordQueryVariables`\n- `graphql.ts:885` — `GetTimelineCalendarEventsFromObjectRecordQuery` (typed result)\n- `graphql.ts:1097` — `GetTimelineCalendarEventsFromObjectRecordDocument` (`TypedDocumentNode`)\n\n### Two accepted modes for a **new** core module\n1. **Codegen-tracked:** create `packages/twenty-front/src/modules/<module>/graphql/queries|mutations/*.ts` with a `gql` document, add a glob for that directory to `codegen.cjs` `documents[]`, then run `npx nx run twenty-front:graphql:generate`. (DPA had to be *excluded* from metadata codegen for exactly this reason — `codegen-metadata.cjs:20-22`.)\n2. **Hand-written (used for recently added core endpoints not yet in a codegen glob):** DPA — `packages/twenty-front/src/modules/settings/legal/graphql/queries/getDpaAgreements.ts:1-20` defines the `gql` document via `graphql-tag`, and `packages/twenty-front/src/modules/settings/legal/types/Dpa.ts:1-39` hand-types the result to mirror the server DTO; the glob is deliberately excluded from `codegen-metadata.cjs`. Document-share does the same: `modules/document-share/graphql/queries/getGuestDocumentShare.ts:1-15` plus a local `GuestDocumentShare` type in `hooks/useGuestDocumentShare.ts:7-35`. Comments in these files explicitly say \"Hand-written until the GraphQL schema codegen regenerates\".\n\n**Recommendation for `notification`:** add `./src/modules/notification/graphql/**/*.{ts,tsx}` (or similar) to `codegen.cjs` and generate into `src/generated/graphql.ts`; otherwise follow the DPA/document-share hand-written pattern. Either works; the DPA path avoids needing a running server in the same change.\n\n---\n\n## Summary of the exact pattern to replicate\n\n| Concern | Answer / analog |\n|---|---|\n| Resolver filename | `notification/notification.resolver.ts`, one class, `@Query`/`@Mutation` methods |\n| DTOs | `notification/dtos/*.dto.ts` (`@ObjectType`) and `*.input.ts` (`@InputType`); entity lacks `@Field`s, so DTO or add `@Field`s |\n| Required class decorator | `@CoreResolver()` from `src/engine/api/graphql/graphql-config/decorators/core-resolver.decorator` |\n| Guards | `@UseGuards(WorkspaceAuthGuard, UserAuthGuard)`; + `@UsePipes(ResolverValidationPipe)` + `@UseFilters(PreventNestToAutoLogGraphqlErrorsFilter)` |\n| Current user / workspace | `@AuthUser() user: AuthContextUser` → `user.id`; `@AuthWorkspace() workspace: WorkspaceEntity` → `workspace.id` |\n| Module registration | add resolver to `providers[]` in `notification.module.ts`; `NotificationModule` is already in `CoreEngineModule` imports (`core-engine.module.ts:149`), and core schema uses `include: [CoreEngineModule]`, `resolverSchemaScope: 'core'` (`graphql-config.service.ts:85-86`) |\n| No central list to edit | schema scope filtering is via `RESOLVER_SCHEMA_SCOPE` metadata in `@nestjs/graphql`'s resolver explorer |\n| Front-end | `codegen.cjs` (schema `/graphql`, output `src/generated/graphql.ts`) — add a document glob and run `npx nx run twenty-front:graphql:generate`; or hand-write document + local types like DPA/document-share |\n</task_result>\n</task>",
      "durationMs": 0
    }
  ],
  "hierarchy": [
    {
      "state": {
        "id": "subagent_1789766391561_x4jcnt0",
        "agentType": "explore",
        "description": "Explore front native page + routing patterns",
        "status": "error",
        "childIds": [],
        "spawnedAt": "2026-09-18T21:19:51.561Z",
        "prompt": "I'm working in the A2E Suite / Twenty monorepo at /Users/maxaubert/Projets/A2E Suite. I need to add a native \"Inbox\" page to `packages/twenty-front`, following the exact conventions of the recently-added Chat/Discussions page (P5.2).\n\nResearch and report (read-only, do NOT edit anything), with file paths + line numbers and key code snippets:\n\n1. The routing: `packages/twenty-front/src/modules/app/routing/utils/createWorkspaceRouteObjects.tsx` — how the Discussions/ChatPage route is registered, the `AppPath` enum member (find it), and how a query param (e.g. `channelId`) is read by the page. Show the exact additions needed to add a new route.\n\n2. The navigation conventions (P1.2): find how nav items / sidebar entries are defined (`NavigationDrawer`, `navigationDrawerItem` or similar), and how a new top-level page is linked. Where is the chat/discussions nav entry? Show the pattern.\n\n3. The page + feature module structure for Chat: list the files under `packages/twenty-front/src/modules/chat/` (or whatever the feature dir is) and `packages/twenty-front/src/pages/...ChatPage.tsx`. Show how the page composes components, how it does data fetching (`useFindManyRecords`/custom resolver hooks), how it uses `AppPath` deep links, and how it handles empty/loading states.\n\n4. Realtime: read `packages/twenty-front/src/modules/realtime/hooks/useRealtimeTopic.ts` and its usage on the chat page, plus any front util that builds a channel topic (e.g. `buildChatChannelTopic`). I need to build the equivalent `buildInboxTopic` for `workspace:<id>:inbox:<userId>` and subscribe. Show the exact hook signature and an example call.\n\n5. Lingui/Linaria conventions: show `msg` usage and `styled` component examples from the chat page, and where translation message IDs live. Also confirm the `~/modules/realtime` vs `@/` alias conventions.\n\n6. Any existing \"notification\" related front code (bell icon, notification preferences settings, unread badge) that I should reuse instead of duplicating. Search `packages/twenty-front/src` for \"notification\".\n\nBe thorough — this is the primary precedent for my implementation.",
        "endedAt": "2026-09-18T21:19:51.561Z",
        "durationMs": 0,
        "result": "<task id=\"ses_f499ea33effe3SUdGXRKc1OFg8\" state=\"completed\">\n<task_result>\nI have everything needed. Here is the complete research report.\n\n---\n\n# Native Inbox page — codebase precedent report (read-only)\n\nAll paths absolute. Nothing was modified.\n\n---\n\n## 0. Key finding up front\n\nChat (P5.2) is the precedent, but **there is no front-end \"nav registry\" to edit**. Navigation entries are DB rows (`NavigationMenuItem`) declared by apps or created by users; the a2e-chat \"Discussions\" nav entry points at a *view*, not at the native `/discussions` route. The native route is currently reached only through the Cmd+K search provider. The server side of your Inbox (topic, publisher, event contract, ACL) **already exists** from P8.1 — but there is **no GraphQL resolver** for notifications yet. Details in §2 and §6.\n\n---\n\n## 1. Routing\n\n### 1a. `AppPath` enum member\n`/Users/maxaubert/Projets/A2E Suite/packages/twenty-shared/src/types/AppPath.ts`\n\n```\n21:   // Onboarded\n22:   AiChat = '/chat/:threadId?',\n23:   // Native workspace chat (a2e-chat objects). Distinct from AiChat's `/chat`.\n24:   Discussions = '/discussions',\n25:   Index = '/',\n26:   // Mobile only: the navigation menu is a page there rather than a drawer.\n27:   Home = '/home',\n28:   TasksPage = '/objects/tasks',\n29:   OpportunitiesPage = '/objects/opportunities',\n```\n\n`AppPath` lives in **`twenty-shared`**, not twenty-front. Per `AGENTS.md` gotchas, after editing it run `npx nx build twenty-shared --skip-nx-cache` before trusting any typecheck in `twenty-front`.\n\n### 1b. Route registration\n`/Users/maxaubert/Projets/A2E Suite/packages/twenty-front/src/modules/app/routing/utils/createWorkspaceRouteObjects.tsx`\n\nLazy import (lines 44-48):\n```tsx\nconst ChatPage = lazy(() =>\n  import('~/pages/chat/ChatPage').then((module) => ({\n    default: module.ChatPage,\n  })),\n);\n```\n\nRoute object (lines 136-143):\n```tsx\n{\n  path: AppPath.Discussions,\n  element: (\n    <LazyRoute>\n      <ChatPage />\n    </LazyRoute>\n  ),\n},\n```\n\nThe chat route carries **no `handle`**, so it is main-surface-only. Pages that should also open in the side panel declare (see lines 88-91 / 106-109):\n```tsx\nhandle: {\n  workspaceSurfaces: MAIN_AND_SIDE_PANEL,\n  isLocationExpandableFromSidePanel: true,\n},\n```\n\n### 1c. Reading a query param (`channelId`)\n`/Users/maxaubert/Projets/A2E Suite/packages/twenty-front/src/pages/chat/ChatPage.tsx`\n\n```\n45:   const [searchParams] = useSearchParams();\n...\n61:   // \"Go to channel\" deep link: the Cmd+K provider appends `channelId`, so the\n62:   // page lands on the named channel instead of just the discussions list.\n63:   const requestedChannelId = searchParams.get('channelId');\n...\n67:   useEffect(() => {\n68:     if (\n69:       isDefined(requestedChannelId) &&\n70:       channels.some((channel) => channel.id === requestedChannelId) &&\n71:       requestedChannelId !== selectedChatChannelId\n72:     ) {\n73:       setSelectedChatChannelId(requestedChannelId);\n74:       return;\n75:     }\n...\n87:   }, [channels, requestedChannelId, sections, selectedChatChannelId, setSelectedChatChannelId]);\n```\n\nThe deep link is built with `getAppPath` in\n`/Users/maxaubert/Projets/A2E Suite/packages/twenty-front/src/modules/chat/utils/mapChatSearchRecordsToResultItems.ts:16-17`:\n```ts\nexport const buildChatChannelSearchPath = (channelId: string): string =>\n  getAppPath(AppPath.Discussions, undefined, { channelId });\n```\ni.e. `/discussions?channelId=<id>`. `getAppPath(path, params, queryParams)` is from `twenty-shared/utils`.\n\n### 1d. Exact additions for an Inbox route\n1. `twenty-shared/src/types/AppPath.ts` — add an onboarded-path member, e.g. `Inbox = '/inbox',` (additive, no collision).\n2. `createWorkspaceRouteObjects.tsx` — add the lazy import:\n```tsx\nconst InboxPage = lazy(() =>\n  import('~/pages/inbox/InboxPage').then((module) => ({\n    default: module.InboxPage,\n  })),\n);\n```\nand the route object:\n```tsx\n{\n  path: AppPath.Inbox,\n  element: (\n    <LazyRoute>\n      <InboxPage />\n    </LazyRoute>\n  ),\n},\n```\n3. If you want a deep link like `/inbox?notificationId=<id>`, mirror §1c exactly.\n4. Rebuild `twenty-shared`.\n\n---\n\n## 2. Navigation conventions (P1.2)\n\nThe nav drawer is composed in:\n- `/Users/maxaubert/Projets/A2E Suite/packages/twenty-front/src/modules/navigation/components/MainNavigationDrawerContent.tsx`\n- `.../navigation/components/MainNavigationDrawerNavigationContent.tsx`\n- `.../navigation/components/MainNavigationDrawerScrollableItems.tsx`\n- `.../navigation/components/NavigationDrawerTabbedContent.tsx`\n\n`MainNavigationDrawerScrollableItems.tsx:31-41` renders DB-backed sections:\n```tsx\n<StyledScrollableItemsContainer>\n  <NavigationDrawerOpenedSection />\n  <Suspense fallback={<NavigationDrawerWorkspaceSectionSkeletonLoader />}>\n    <FavoritesSectionDispatcher />\n    <WorkspaceSectionDispatcher />\n  </Suspense>\n</StyledScrollableItemsContainer>\n```\n\n**There is no hard-coded front array of nav items.** The P1.2 phase report states this explicitly:\n`/Users/maxaubert/Projets/A2E Suite/docs/plan/phases/phase-01-report.md:118-119`\n> \"Nav visibility: verified no extension needed — nav items are DB rows owned by the app; uninstall deletes them with the metadata sync; no code change.\"\n\nNav item types `/Users/maxaubert/Projets/A2E Suite/packages/twenty-shared/src/types/NavigationMenuItemType.ts`:\n```ts\nexport enum NavigationMenuItemType {\n  VIEW = 'VIEW',\n  FOLDER = 'FOLDER',\n  LINK = 'LINK',\n  OBJECT = 'OBJECT',\n  RECORD = 'RECORD',\n  PAGE_LAYOUT = 'PAGE_LAYOUT',\n}\n```\n`LINK` is **external-only** — `.../navigation-menu-item/display/link/utils/getLinkNavigationMenuItemComputedLink.ts:6-10` prepends `https://` to anything not already `http(s)`. It cannot point at `/inbox`. `OBJECT`/`VIEW`/`RECORD`/`PAGE_LAYOUT` resolve to record-object routes (`getNavigationMenuItemComputedLink.ts:23-50`).\n\n### Where the chat/discussions nav entry is\nIt is an **app-declared nav item**, not front code:\n`/Users/maxaubert/Projets/A2E Suite/packages/twenty-apps/internal/a2e-chat/src/navigation-menu-items/channels.navigation-menu-item.ts`\n```ts\nexport default defineNavigationMenuItem({\n  universalIdentifier: NAVIGATION_MENU_ITEM_IDS.channels,\n  name: 'Discussions',\n  icon: 'IconMessages',\n  position: 130,\n  type: NavigationMenuItemType.VIEW,\n  viewUniversalIdentifier: VIEW_IDS.allChannels,\n});\n```\nIt opens the `chatChannel` record index — **not** the native `/discussions` page.\n\n### Reachability gap (documented, not a bug)\n`/Users/maxaubert/Projets/A2E Suite/docs/plan/phases/phase-05-report.md:71`\n> \"the route is registered but nothing links to it yet — the a2e-chat app's `Discussions` nav item is `VIEW → chatChannels` … pointing the app nav/command at `AppPath.Discussions` (or a `LINK` nav row) is the next wiring step\"\n\n`:74`\n> \"`P5.2-chat-live` — … add Cmd+K 'go to channel' (which can also wire the nav to `/discussions`).\"\n\n### How native chat is actually reached today\nVia Cmd+K: `/Users/maxaubert/Projets/A2E Suite/packages/twenty-front/src/modules/chat/hooks/useChatSearchResultItems.ts` (provider) → merged in `.../side-panel/pages/search/components/SidePanelSearchRecordsPage.tsx:3,48,78`. Provider items carry a `path` built from `AppPath`.\n\n**Implication for Inbox:** there is no `NavigationDrawer` array to add an Inbox entry to. To make `/inbox` reachable, follow the chat precedent (Cmd+K provider / deep-link) or add a new DB `NavigationMenuItem` mechanism. A native top-level route cannot be surfaced by the existing `LINK` nav type because it is HTTPS-only.\n\n---\n\n## 3. Chat page + feature module structure\n\n### 3a. Feature module files\n`/Users/maxaubert/Projets/A2E Suite/packages/twenty-front/src/modules/chat/`\n\n- `components/` — `ChatSidebar.tsx`, `ChatChannelConversation.tsx`, `ChatMessageList.tsx`, `ChatMessageBody.tsx`, `ChatThreadView.tsx`, `ChatComposer.tsx`, plus `__tests__/`.\n- `hooks/` — `useChatChannels.ts`, `useChatChannel.ts`, `useChatMessages.ts`, `useChatUnreadCounts.ts`, `useChatChannelLive.ts`, `useSendChatMessage.ts`, `useSendChatMessageWithQueue.ts`, `useSendChatTypingIndicator.ts`, `useMarkChatChannelRead.ts`, `useChatMentionCandidates.ts`, `useChatWorkspaceMembers.ts`, `useChatAuthorLabels.ts`, `useChatSearchResultItems.ts`, `useOpenChatChannelInSidePanel.ts`, `useRecordChatChannels.ts`, plus `__tests__/`.\n- `graphql/queries/` — `chatMessagesQuery.ts`, `chatUnreadCountsQuery.ts`; `graphql/mutations/sendChatTypingIndicatorMutation.ts`.\n- `states/` — `selectedChatChannelIdState.ts`, `chatComposerDraftState.ts`, `expandedChatThreadParentIdState.ts`, `focusedChatThreadParentIdState.ts`.\n- `types/` — `ChatChannel.ts`, `ChatMessage.ts`, `ChatRealtimeEvent.ts`.\n- `utils/` — `buildChatChannelTopic.ts`, `applyChatRealtimeEventToMessages.ts`, `groupChatChannelsBySection.ts`, `getChatReadState.ts`, `splitChatMessageBody.ts`, `chatMentionDraft.ts`, `chatOfflineQueue.ts`, `mapChatSearchRecordsToResultItems.ts`, `buildChatThreadReplyMap.ts`, `recordChatChannel.ts`, plus `__tests__/`.\n- `constants/` — `ChatChannelSectionOrder.ts`, `ChatEmojiPalette.ts`.\n- `side-panel/` — `states/viewableChatChannelIdComponentState.ts`, `components/SidePanelChatChannelPage.tsx`.\n\nPage: `/Users/maxaubert/Projets/A2E Suite/packages/twenty-front/src/pages/chat/ChatPage.tsx` (119 lines).\n\n### 3b. Page composition\n`ChatPage.tsx:43-118` — local Jotai selection state + hooks, then:\n```tsx\n<StyledChatPage data-testid=\"chat-page\">\n  <ChatSidebar sections={sections} selectedChannelId={...} unreadCountByChannelId={...} onSelectChannel={...} />\n  <StyledConversation>\n    <RealtimeReconnectBanner />\n    {isDefined(selectedChannel) ? (\n      <ChatChannelConversation channel={selectedChannel} />\n    ) : (\n      <StyledEmptyConversation>{t`Select a channel to start chatting`}</StyledEmptyConversation>\n    )}\n  </StyledConversation>\n</StyledChatPage>\n```\nThe conversation surface is extracted (`ChatChannelConversation.tsx`) so page and side-panel mini-chat share it. `ChatPage.tsx:8-16` shows imports: own feature via `@/chat/...`, cross-cutting realtime via `~/modules/realtime/...`.\n\n### 3c. Data fetching patterns\nTwo patterns coexist:\n\n**App-owned metadata objects → shared object-record machinery**\n`useChatChannels.ts`:\n```ts\nconst { records, loading, error } = useFindManyRecords({\n  objectNameSingular: 'chatChannel',\n  recordGqlFields: { id: true, name: true, kind: true, visibility: true, topic: true },\n  limit: 200,\n});\n```\n`useChatChannel.ts` uses `useFindOneRecord` with `skip`. Signature of `useFindManyRecords` is over at `/Users/maxaubert/Projets/A2E Suite/packages/twenty-front/src/modules/object-record/hooks/useFindManyRecords.ts:26-48` (`{ objectNameSingular, filter?, orderBy?, skip?, recordGqlFields?, limit? }`).\n\n**Server custom resolvers → hand-written Apollo query with `useApolloCoreClient`**\n`useChatUnreadCounts.ts`:\n```ts\nconst apolloCoreClient = useApolloCoreClient();\nconst { data, loading, error } = useQuery<ChatUnreadCountsQueryResult>(\n  CHAT_UNREAD_COUNTS_QUERY,\n  { client: apolloCoreClient },\n);\n```\nThe `gql` document lives in `modules/chat/graphql/queries/chatUnreadCountsQuery.ts:7-18`, exporting the document plus a result type. `useChatMessages.ts` is the same pattern with variables + `skip: channelId === null`.\n\nInbox will need this second pattern: **a `notifications` GraphQL query does not exist yet** (§6).\n\n### 3d. Empty / loading states\n- Empty conversation: `ChatPage.tsx:34-41` (`StyledEmptyConversation`) + `t\\`Select a channel to start chatting\\``.\n- Empty sidebar list: `ChatSidebar.tsx:133-134` → `<StyledEmptyState>{t\\`No channels yet\\`}</StyledEmptyState>`.\n- Loading: `ChatPage` passes `loading` through but renders no spinner; `ChatSidebar` shows the empty state (no dedicated skeleton in chat — note `RecordIndexSkeletonLoader` exists if you want one).\n- `RealtimeReconnectBanner` (from `~/modules/realtime/components/`) is always rendered above the conversation.\n\n---\n\n## 4. Realtime\n\n### 4a. Hook signature\n`/Users/maxaubert/Projets/A2E Suite/packages/twenty-front/src/modules/realtime/hooks/useRealtimeTopic.ts:14-25`\n```ts\nexport const useRealtimeTopic = <TPayload>({\n  topic,\n  onEvent,\n  enabled = true,\n}: {\n  topic: string;\n  onEvent?: (payload: TPayload, envelope: RealtimeEnvelope) => void;\n  enabled?: boolean;\n}): {\n  lastEnvelope: RealtimeEnvelope | null;\n  lastError: RealtimeEnvelope | null;\n} => {\n```\nImportant detail (`:61-64`): `onEvent` is intentionally **not** a dependency; consumers pass inline closures. Reconnect catch-up is the consumer's job. Errors (subscription refused/auth) surface via `lastError`, separate from events.\n\n### 4b. Front chat topic builder (your template)\n`/Users/maxaubert/Projets/A2E Suite/packages/twenty-front/src/modules/chat/utils/buildChatChannelTopic.ts`\n```ts\n// Chat realtime topics follow the gateway grammar `workspace:<id>:chat:<id>`\n// (server parse-realtime-topic.util.ts). The builder mirrors the server\n// `chat-topic.util.ts` so subscribe and publish name the channel identically.\nexport const buildChatChannelTopic = ({ workspaceId, channelId }: {\n  workspaceId: string; channelId: string;\n}): string => `workspace:${workspaceId}:chat:${channelId}`;\n```\n\n### 4c. Example call (subscription)\n`/Users/maxaubert/Projets/A2E Suite/packages/twenty-front/src/modules/chat/hooks/useChatChannelLive.ts:40-41,90-134`\n```ts\nconst currentWorkspace = useAtomStateValue(currentWorkspaceState);\nconst workspaceId = currentWorkspace?.id ?? null;\n...\nconst topic =\n  isDefined(workspaceId) && isDefined(channelId)\n    ? buildChatChannelTopic({ workspaceId, channelId })\n    : '';\n\nuseRealtimeTopic<ChatRealtimeEvent>({\n  topic,\n  enabled: topic.length > 0,\n  onEvent: (event) => {\n    if (event.type === CHAT_TYPING_EVENT_TYPE) { /* ... */ return; }\n    if (!isChatRealtimeMessageEvent(event)) return;\n    setRealtimeMessageEvents((currentEvents) => [...currentEvents, event]);\n  },\n});\n```\nThe event union is mirrored client-side in `modules/chat/types/ChatRealtimeEvent.ts` because the server domain events are not in the metadata codegen surface (`:4-6`).\n\n### 4d. The server Inbox topic + contract ALREADY EXIST\n`/Users/maxaubert/Projets/A2E Suite/packages/twenty-server/src/engine/core-modules/notification/utils/inbox-topic.util.ts`\n```ts\nexport const buildInboxTopic = ({\n  workspaceId, userId,\n}: { workspaceId: string; userId: string }): string =>\n  `workspace:${workspaceId}:inbox:${userId}`;\n```\n\nEvent payload — `/Users/maxaubert/Projets/A2E Suite/packages/twenty-server/src/engine/core-modules/notification/utils/notification-realtime-event.util.ts`:\n```ts\nexport const NOTIFICATION_INBOX_UPDATED_EVENT_TYPE = 'notification.inbox.updated';\n\nexport type NotificationRealtimeEntry = {\n  id: string; type: string;\n  payload: Record<string, unknown> | null;\n  createdAt: string; readAt: string | null; archivedAt: string | null;\n};\n\nexport type NotificationInboxRealtimeEvent = {\n  type: typeof NOTIFICATION_INBOX_UPDATED_EVENT_TYPE;\n  workspaceId: string; userId: string; occurredAt: string;\n  unreadCount: number;\n  notifications: NotificationRealtimeEntry[];\n};\n```\nPublished per recipient by `.../services/notification-realtime-publisher.service.ts:27-53`, with `unreadCount` read back from `NotificationService.countUnread` (never a parallel counter).\n\nACL — `.../realtime-gateway/services/realtime-topic-authorization.service.ts:129-133`:\n```ts\nif (topicContext.kind === 'inbox' && isDefined(topicContext.userId)) {\n  if (topicContext.userId !== socketContext.userId) {\n    throw new Error('Inbox topics are scoped to the owning user');\n  }\n}\n```\nParser — `.../realtime-gateway/utils/parse-realtime-topic.util.ts:26-27` maps `inbox` → `{ kind: 'inbox', workspaceId, userId: rest[0] }`.\n\n### 4e. Exact front `buildInboxTopic` to add\nCreate `/Users/maxaubert/Projets/A2E Suite/packages/twenty-front/src/modules/inbox/utils/buildInboxTopic.ts`, mirroring `buildChatChannelTopic`:\n```ts\n// Inbox realtime topics follow the gateway grammar `workspace:<id>:inbox:<userId>`\n// (server parse-realtime-topic.util.ts). The builder mirrors the server\n// `inbox-topic.util.ts` so subscribe and publish name the topic identically.\nexport const buildInboxTopic = ({\n  workspaceId,\n  userId,\n}: {\n  workspaceId: string;\n  userId: string;\n}): string => `workspace:${workspaceId}:inbox:${userId}`;\n```\n\nSubscribe call (note: `userId` is the **core User id**, not the workspaceMember id — the ACL compares against `payload.userId`). Use `currentUserState` (`/Users/maxaubert/Projets/A2E Suite/packages/twenty-front/src/modules/auth/states/currentUserState.ts:20`, `CurrentUser.id`) together with `currentWorkspaceState.id`:\n```ts\nconst currentWorkspace = useAtomStateValue(currentWorkspaceState);\nconst currentUser = useAtomStateValue(currentUserState);\nconst topic =\n  isDefined(currentWorkspace?.id) && isDefined(currentUser?.id)\n    ? buildInboxTopic({ workspaceId: currentWorkspace.id, userId: currentUser.id })\n    : '';\n\nuseRealtimeTopic<NotificationInboxRealtimeEvent>({\n  topic,\n  enabled: topic.length > 0,\n  onEvent: (event) => { /* fold event.notifications + event.unreadCount */ },\n});\n```\nYou will also need a client-side mirror of `NotificationInboxRealtimeEvent` (same reason as `ChatRealtimeEvent.ts:4-6`: domain events are not in codegen).\n\n---\n\n## 5. Lingui / Linaria conventions + aliases\n\n### 5a. Linaria `styled`\n`ChatPage.tsx:1,18-41`:\n```tsx\nimport { styled } from '@linaria/react';\nimport { themeCssVariables } from 'twenty-ui/theme-constants';\n\nconst StyledChatPage = styled.div`\n  display: flex;\n  flex: 1;\n  height: 100%;\n  min-height: 0;\n  width: 100%;\n`;\n```\nConditional props pattern — `ChatSidebar.tsx:47-72`:\n```tsx\nconst StyledChannelButton = styled.button<{ isSelected: boolean }>`\n  background: ${({ isSelected }) =>\n    isSelected ? themeCssVariables.background.transparent.medium : 'transparent'};\n  ...\n`;\n```\nAlways style via `themeCssVariables` (no raw hex).\n\n### 5b. Lingui\nIn components use the `t` macro from `useLingui`:\n`ChatPage.tsx:2,44,113` and `ChatSidebar.tsx:2,117,132,134`:\n```tsx\nimport { useLingui } from '@lingui/react/macro';\nconst { t } = useLingui();\n...\n<StyledEmptyState>{t`No channels yet`}</StyledEmptyState>\n```\nIn non-component `.ts` modules use the `msg` macro from `@lingui/core/macro`, e.g.\n`/Users/maxaubert/Projets/A2E Suite/packages/twenty-front/src/modules/onboarding/constants/WelcomeTitleMessage.ts`:\n```ts\nimport { msg } from '@lingui/core/macro';\nexport const WELCOME_TITLE_MESSAGE = msg`Welcome to your workspace`;\n```\n(and arrays of `msg\\`…\\`` in `.../onboarding/constants/OnboardingInstallableApps.ts`).\n\nMessage-ID/catalog locations — `/Users/maxaubert/Projets/A2E Suite/packages/twenty-front/lingui.config.ts`:\n```ts\ncatalogs: [{ path: '<rootDir>/src/locales/{locale}', include: ['src'] }],\ncatalogsMergePath: '<rootDir>/src/locales/generated/{locale}',\ncompileNamespace: 'ts',\nformat: formatter({ lineNumbers: false, printLinguiId: true }),\n```\nSo: source catalogs `packages/twenty-front/src/locales/*.po`, compiled TS in `packages/twenty-front/src/locales/generated/*.ts`. Regeneration via `lingui extract`/`compile`. Per `AGENTS.md` (\"Do not commit translation catalogs unless translations are the task\"), leave the `.po`/generated churn out of the commit.\n\n### 5c. Alias conventions\n`/Users/maxaubert/Projets/A2E Suite/packages/twenty-front/tsconfig.json:23-26`\n```json\n\"paths\": {\n  \"@/*\": [\"./src/modules/*\"],\n  \"~/*\": [\"./src/*\"]\n}\n```\nMirrored in `/Users/maxaubert/Projets/A2E Suite/packages/twenty-front/vite.config.ts:274-289` (comment explains wyw-in-js/Linaria requires the mirror).\n\nTherefore `~/modules/realtime/...` and `@/realtime/...` are **the same file**. Convention in practice:\n- Own feature module: `@/chat/...`, states via `@/ui/utilities/state/jotai/hooks/...`.\n- Cross-cutting modules that sit outside the feature: imported with the `~/` root form — `ChatPage.tsx:14` uses `~/modules/realtime/components/RealtimeReconnectBanner`; `ChatChannelConversation.tsx:21-23` uses `~/modules/realtime/...`; `ChatRealtimeEvent.ts` comment. Pages themselves are imported via `~/pages/...` (routing).\n- `import { isDefined } from 'twenty-shared/utils'` for guards; icons from `twenty-ui/icon`; theme from `twenty-ui/theme-constants`.\n\nFor Inbox, `@/inbox/...` for the feature module and `~/modules/realtime/...` for the hook is the matching choice.\n\n---\n\n## 6. Existing notification-related front code to reuse (and the gap)\n\n### 6a. Front primitives that exist\n- **Bell icon**: `IconBell` is exported from `twenty-ui/icon` (`/Users/maxaubert/Projets/A2E Suite/packages/twenty-ui/src/icon/index.ts:89`) and is the canonical notification icon in the dictionary:\n  `/Users/maxaubert/Projets/A2E Suite/packages/twenty-ui/src/icon/constants/TwentyIconDictionary.ts:538-545`\n  ```\n  key: 'notification', label: 'Notification', iconName: 'IconBell',\n  keywords: ['notification', 'notice', 'notification settings', 'alert'],\n  useWhen: 'Representing notifications or notification settings.',\n  ```\n  (`icon-dictionary.md:115`). There is **no `inbox` dictionary key**; `IconNotification`/`IconBell` are available in `AllIcons.ts`.\n- **Unread/badge counter**: `NotificationCounter` in `twenty-ui/data-display` (`/Users/maxaubert/Projets/A2E Suite/packages/twenty-ui/src/data-display/NotificationCounter/NotificationCounter.tsx`), exported from `.../data-display/index.ts:36`. Currently used only by `.../record-drag/components/RecordDragMultiDragCounterChip.tsx:4,28` — **not** in any nav/shell.\n- **Chat's unread badge** is local (`ChatSidebar.tsx:86-95` `StyledUnreadBadge`), not the shared component.\n\n### 6b. What does NOT exist in the front\n- No `modules/notification` or `modules/inbox` directory (glob found none).\n- No `pages/**/*Inbox*`.\n- No notification preferences settings UI (the only \"Notifications\" strings are storybook/webhook copy, e.g. `.../settings/components/SettingsOptions/__stories__/SettingsOptionCardContentToggle.stories.tsx:48-49`).\n- No bell in the app shell / navigation drawer. `IconBell` appears only in stories and a mock command-menu item.\n- No notification GraphQL types in `src/generated-metadata/graphql.ts` (grep found none).\n- `NotificationCounter` and `IconBell` are the two real reusables.\n\n### 6c. Server backend that exists (P8.1) — but no GraphQL resolver\n`/Users/maxaubert/Projets/A2E Suite/packages/twenty-server/src/engine/core-modules/notification/`:\n- `notification.entity.ts` — core schema `notification` (`userId`, `type`, `payload`, `readAt`, `archivedAt`).\n- `services/notification.service.ts` — `findForUser` (`:176-193`), `countUnread` (`:195-205`), `markAsRead` (`:207-231`), `archiveNotification` (`:233-246`), `getPreferences`/`updatePreferences` (`:141-174`), `requestNotifications`/`dispatchNotifications`.\n- `utils/inbox-topic.util.ts`, `utils/notification-realtime-event.util.ts`, `services/notification-realtime-publisher.service.ts`.\n- `constants/notification-type.constant.ts` — `MENTION`, `CHAT_MESSAGE`, `ASSIGNED`, `WATCHED_RECORD_CHANGED`, `BUDGET_ALERT`, `INVOICE_OVERDUE`, `PAYMENT_RECEIVED`, `SYSTEM`.\n- `constants/notification-channel.constant.ts`, `notification-policy.constant.ts` (quiet hours/digest), `types/notification-preferences.type.ts`.\n\n**Critical gap**: a filesystem search under `packages/twenty-server/src` finds **no resolver/query file** for notifications (`find … *notification*resolver*` → empty), and `@Query`/`@Mutation` grep in the notification module → none. The phase report confirms this is deferred:\n`/Users/maxaubert/Projets/A2E Suite/docs/plan/phases/phase-08-report.md:26`\n> \"Read/archive-side badge decrement is not wired: `markAsRead`/`archiveNotification` have no caller yet (P8.2 inbox resolver)…\"\n\nSo a front-only Inbox page cannot list/read notifications through GraphQL yet. You either add the P8.2 resolver (server) or scope the page to realtime-only data. P8.2 plan is in `/Users/maxaubert/Projets/A2E Suite/PLAN.md:1239-1256`:\n```\n- [ ] Realtime push on `workspace:<id>:inbox:<userId>`; unread badge counts\n- [ ] Preference model per user (per-type channel: inbox/email/none)\n### P8.2 UX\n- [ ] Inbox app/page: filters (all/mentions/assigned/watching), grouped by …\n```\nAnd `phase-08-report.md:29` names your exact next step:\n> \"Next: P8.2 inbox app/page consuming `NotificationService.findForUser`/`countUnread` + subscribing the inbox topic with the P2.2 `useRealtimeTopic` primitive (build the matching front `buildInboxTopic`)\"\n\n---\n\n## Summary of the precedent chain for your implementation\n\n| Concern | Chat precedent | Inbox action |\n|---|---|---|\n| `AppPath` | `twenty-shared/src/types/AppPath.ts:24` | add `Inbox = '/inbox'`; rebuild twenty-shared |\n| Route | `createWorkspaceRouteObjects.tsx:44-48,136-143` | lazy import `~/pages/inbox/InboxPage` + route object |\n| Query param | `ChatPage.tsx:45,63,67-93` | same `useSearchParams` + select effect |\n| Deep link | `mapChatSearchRecordsToResultItems.ts:16-17` | `getAppPath(AppPath.Inbox, undefined, { notificationId })` |\n| Nav entry | none in front; app VIEW item `a2e-chat/.../channels.navigation-menu-item.ts` | no front registry; use Cmd+K provider precedent (native route can't be a `LINK` item) |\n| Data | `useFindManyRecords` / `useQuery`+`useApolloCoreClient` | needs a new notifications GraphQL resolver (missing) |\n| Realtime | `buildChatChannelTopic.ts` + `useChatChannelLive.ts:90-134` | `buildInboxTopic.ts` (mirror server's) + `useRealtimeTopic<NotificationInboxRealtimeEvent>` with `currentWorkspaceState.id` + `currentUserState.id` |\n| Event type | `ChatRealtimeEvent.ts` client mirror | mirror `notification.inbox.updated` payload client-side |\n| Styling/i18n | Linaria `styled` + `t`/`msg` | same; catalogs in `src/locales`, don't commit |\n| Reuse | — | `IconBell` (`twenty-ui/icon`), `NotificationCounter` (`twenty-ui/data-display`) |\n| Aliases | `@/chat/...`, `~/modules/realtime/...` | `@/inbox/...`, `~/modules/realtime/...` |\n\nOne caveat to design around: the Inbox page is a **native hard-coded route**, consistent with the documented boundary that apps cannot add routes (`docs/plan/phases/phase-04-report.md:462-466`) and `docs/plan/04-twenty-native-law.md:104-106` (\"dedicated front page feature-flagged\").\n</task_result>\n</task>"
      },
      "children": []
    },
    {
      "state": {
        "id": "subagent_1789766392098_x3g6wkp",
        "agentType": "explore",
        "description": "Explore server core GraphQL resolver patterns",
        "status": "error",
        "childIds": [],
        "spawnedAt": "2026-09-18T21:19:52.098Z",
        "prompt": "I'm working in the A2E Suite / Twenty monorepo at /Users/maxaubert/Projets/A2E Suite. I need to add a GraphQL resolver for a core-schema entity called `notification` (already exists as `NotificationEntity` in packages/twenty-server/src/engine/core-modules/notification/notification.entity.ts; service `NotificationService` has `findForUser`, `countUnread`, `markAsRead`, `archiveNotification`, `getPreferences`, `updatePreferences`).\n\nResearch and report (read-only, do NOT edit anything):\n\n1. The canonical pattern for exposing a **core-schema, user/workspace-scoped entity** through GraphQL in `packages/twenty-server`. Find a concrete analogous module (e.g. documentShare under core-modules, keyValuePair, or any core entity with a resolver) and show: file layout (`*.resolver.ts`, `*.query.ts`/`*.mutation.ts`, DTO classes, module registration), decorators used (`@Resolver`, `@Query`, `@Mutation`, `@UseGuards`, `@UseFilters`, `@AuthWorkspace`, `@AuthUser` etc.), how the current user + workspace are obtained in the resolver, and how pagination/filter args are declared.\n\n2. How core resolvers are wired into the GraphQL schema at runtime — is it automatic via NestJS decorators + `@ObjectType`? Is there a module list where `NotificationModule` (already imported in core-engine.module.ts) needs to register a resolver provider? Show the `notification.module.ts` current content.\n\n3. Whether core GraphQL resolvers require a `@CoreResolver`-like guard, workspace auth guard, or `@UseGuards(WorkspaceAuthGuard)`. Give exact import paths.\n\n4. How the front-end GraphQL types are generated: find `packages/twenty-front/src/generated/graphql.ts` (or similar), and the codegen config. Are core-module operations added manually as documents in `packages/twenty-front/src/modules/**/graphql/*.ts` and then codegen'd? Show an example for a core (non-metadata) query.\n\nReport file paths with line numbers and paste the key code snippets. Be thorough but focused on the resolver + codegen pattern.",
        "endedAt": "2026-09-18T21:19:52.098Z",
        "durationMs": 0,
        "result": "<task id=\"ses_f499ead2cffeG0w0yfJ87X3yLQ\" state=\"completed\">\n<task_result>\nI have everything needed. Here is the complete research report.\n\n---\n\n# GraphQL resolver pattern for a core-schema entity (`notification`)\n\n## 1. Canonical pattern for a core-schema, user/workspace-scoped entity\n\nThe closest 1:1 analog is **`document-share`** (core `@Entity({ schema: 'core' })`, workspace + user scoped, `@CoreResolver`). DPA is the analog for returning a **core entity directly**.\n\n### File layout (`document-share`)\n```\npackages/twenty-server/src/engine/core-modules/document-share/\n├── document-share.entity.ts\n├── document-share.service.ts\n├── document-share.resolver.ts          # @CoreResolver class, Query/Mutation methods\n├── document-share.module.ts            # registers resolver in providers[]\n├── document-share-exception.filter.ts\n├── document-share.exception.ts\n└── dtos/\n    ├── create-document-share.input.ts  # @InputType()\n    ├── document-share.dto.ts           # @ObjectType('DocumentShare')\n    └── guest-document-share.dto.ts\n```\nThere is no separate `*.query.ts`/`*.mutation.ts` file in this codebase; a single `*.resolver.ts` holds `@Query`/`@Mutation` methods (as in `dpa.resolver.ts:34-58`, `client-config.resolver.ts:25-49`).\n\n### Resolver decorators + user/workspace acquisition\n`packages/twenty-server/src/engine/core-modules/document-share/document-share.resolver.ts:1-40`:\n```ts\nimport { UseFilters, UseGuards, UsePipes } from '@nestjs/common';\nimport { Args, Mutation, Query } from '@nestjs/graphql';\n\nimport { CoreResolver } from 'src/engine/api/graphql/graphql-config/decorators/core-resolver.decorator';\nimport { ResolverValidationPipe } from 'src/engine/core-modules/graphql/pipes/resolver-validation.pipe';\nimport { PreventNestToAutoLogGraphqlErrorsFilter } from 'src/engine/core-modules/graphql/filters/prevent-nest-to-auto-log-graphql-errors.filter';\nimport { WorkspaceEntity } from 'src/engine/core-modules/workspace/workspace.entity';\nimport { AuthWorkspace } from 'src/engine/decorators/auth/auth-workspace.decorator';\nimport { UserAuthGuard } from 'src/engine/guards/user-auth.guard';\nimport { WorkspaceAuthGuard } from 'src/engine/guards/workspace-auth.guard';\n\n// Without @CoreResolver the class never registers on the GraphQL schema and\n// every document-share endpoint silently 404s at the schema level.\n@CoreResolver()\n@UsePipes(ResolverValidationPipe)\n@UseFilters(DocumentShareExceptionFilter, PreventNestToAutoLogGraphqlErrorsFilter)\nexport class DocumentShareResolver {\n  constructor(private readonly documentShareService: DocumentShareService) {}\n\n  @Query(() => [DocumentShareDTO])\n  @UseGuards(WorkspaceAuthGuard, UserAuthGuard)\n  async findManyDocumentShares(\n    @AuthWorkspace() currentWorkspace: WorkspaceEntity,\n  ): Promise<DocumentShareDTO[]> { ... }\n\n  @Mutation(() => DocumentShareDTO)\n  @UseGuards(WorkspaceAuthGuard, UserAuthGuard)\n  async createDocumentShare(\n    @Args('createDocumentShareInput') createDocumentShareInput: CreateDocumentShareInput,\n    @AuthWorkspace() currentWorkspace: WorkspaceEntity,\n  ): Promise<DocumentShareDTO> { ... }\n```\n\nCurrent **user + workspace** together, exactly matching `NotificationService.findForUser({workspaceId, userId})` — `client-config.resolver.ts:16-35` and `timeline-messaging.resolver.ts:89-104`:\n```ts\n@UseGuards(WorkspaceAuthGuard, UserAuthGuard)\n@UsePipes(ResolverValidationPipe)\n@UseFilters(PreventNestToAutoLogGraphqlErrorsFilter)\n@CoreResolver()\nexport class ClientConfigResolver {\n  @Query(() => Boolean)\n  @UseGuards(NoPermissionGuard)\n  async isMaintenanceModeBannerDismissed(\n    @AuthUser() user: AuthContextUser,\n    @AuthWorkspace() workspace: WorkspaceEntity,\n  ): Promise<boolean> {\n    return this.maintenanceModeService.isMaintenanceModeBannerDismissed(user.id, workspace.id);\n  }\n```\n- `@AuthWorkspace()` → `request.workspace` (`src/engine/decorators/auth/auth-workspace.decorator.ts:13-28`); use `.id`.\n- `@AuthUser()` → `request.user` (`src/engine/decorators/auth/auth-user.decorator.ts:13-26`); use `.id`. Type is `AuthContextUser` from `src/engine/core-modules/auth/types/auth-context.type`.\n- `@AuthUserWorkspaceId()` (`src/engine/decorators/auth/auth-user-workspace-id.decorator.ts`) is available when you need the user-workspace join id instead.\n\n### Pagination / filter args\nTwo idioms, both in `timeline-messaging.resolver.ts:25-78`:\n```ts\n@ArgsType()\nclass GetTimelineThreadsFromObjectRecordArgs {\n  @Field(() => String) objectNameSingular: string;\n  @Field(() => UUIDScalarType) recordId: string;\n  @Field(() => Int) page: number;\n  @Field(() => Int) @Max(TIMELINE_THREADS_MAX_PAGE_SIZE) pageSize: number;\n}\n// used as: async get...(…, @Args() { objectNameSingular, recordId, page, pageSize }: Get...Args)\n```\nOr loose limit/offset with defaults (`admin-panel.resolver.ts:438-440`):\n```ts\n@Args('limit', { type: () => Int, nullable: true, defaultValue: 50 }) limit: number,\n@Args('offset', { type: () => Int, nullable: true, defaultValue: 0 }) offset: number,\n```\nA filter input object example: `application-connections.resolver.ts:29` — `@Args('filter', { nullable: true }) filter?: ListAppConnectionsInput`. Aggregate-with-total DTOs use `@CoreResolver(() => TimelineThreadsWithTotalDTO)` (`timeline-messaging.resolver.ts:81`) or `@CoreResolver(() => DpaAgreementEntity)` (`dpa.resolver.ts:22`).\n\n### DTO pattern (important for `NotificationEntity`)\n`document-share/dto/document-share.dto.ts:1-26`:\n```ts\nimport { Field, ObjectType } from '@nestjs/graphql';\nimport { UUIDScalarType, DateScalarType } from 'src/engine/api/graphql/workspace-schema-builder/graphql-types/scalars';\n\n@ObjectType('DocumentShare')\nexport class DocumentShareDTO {\n  @Field(() => UUIDScalarType) id: string;\n  @Field({ nullable: false }) shareToken: string;\n  // Explicit scalar type required: without it NestJS GraphQL fails schema\n  // generation with UndefinedTypeError for this nullable Date output.\n  @Field(() => DateScalarType, { nullable: true }) expiresAt: Date | null;\n  @Field() createdAt: Date;\n}\n```\nInput DTO: `@InputType()` + `@Field()` (`create-document-share.input.ts:1-32`).\n\n**Critical caveat for `NotificationEntity`:** it is decorated `@ObjectType('Notification')` (`notification.entity.ts:18`) but **none of its columns have `@Field()` decorators** — the inherited `workspaceId`/`workspace` from `WorkspaceRelatedEntity` (`workspace-manager/types/workspace-related-entity.ts:1-12`) don't either. Returning the entity directly from a resolver would produce an empty, invalid GraphQL object type. Two safe options:\n- Follow DPA: add `@Field(...)` to entity columns (DPA does this, `dpa/entities/dpa-agreement.entity.ts:30-84`), **or**\n- Follow document-share: add a `NotificationDTO` (`@ObjectType('Notification')` would collide with the entity's registered name, so use a distinct name or remove the entity's `@ObjectType`).\n- `payload: Record<string, unknown> | null` needs the `JSON` scalar; `GraphQLJSON` is globally registered in `graphql-config.service.ts:88` (`resolvers: { JSON: GraphQLJSON }`). `readAt`/`archivedAt`/`createdAt`/`updatedAt` need `DateScalarType` (nullable ones must be explicit, per the comment above).\n\n---\n\n## 2. Runtime schema wiring\n\nRegistration is **not automatic from `@ObjectType` alone** — it requires `@CoreResolver` + being a provider reachable from `CoreEngineModule`.\n\n`graphql-config.service.ts:83-94` (the core `/graphql` schema):\n```ts\nconst config: YogaDriverConfig = {\n  autoSchemaFile: true,\n  include: [CoreEngineModule],\n  resolverSchemaScope: 'core',\n  buildSchemaOptions: {},\n  resolvers: { JSON: GraphQLJSON },\n  ...\n  path: `/${ApiPath.GraphQL}`,\n```\nThe filtering happens inside `@nestjs/graphql`'s explorer (`node_modules/@nestjs/graphql/dist/services/resolvers-explorer.service.js:58-62` and `174-179`):\n```js\nconst resolverSchemaScope = this.gqlOptions.resolverSchemaScope;\nif (resolverSchemaScope && wrapper.metatype) {\n  // Default to 'metadata' for unscoped resolvers (e.g. nestjs-query auto-generated CRUD)\n  const resolverScope = Reflect.getMetadata(RESOLVER_SCHEMA_SCOPE_KEY, wrapper.metatype) || 'metadata';\n  if (resolverScope !== resolverSchemaScope) { return undefined; }\n}\n```\n`@CoreResolver()` is exactly `Resolver()` + `SetMetadata(RESOLVER_SCHEMA_SCOPE_KEY, 'core')`:\n```ts\n// packages/twenty-server/src/engine/api/graphql/graphql-config/decorators/core-resolver.decorator.ts:7-11\nexport const CoreResolver = (typeFunc?: () => unknown) =>\n  applyDecorators(\n    typeFunc ? Resolver(typeFunc) : Resolver(),\n    SetMetadata(RESOLVER_SCHEMA_SCOPE_KEY, 'core' as ResolverSchemaScope),\n  );\n```\nSo the rule: **add `@CoreResolver()`, then register the class in a module's `providers[]` that is transitively imported by `CoreEngineModule`.**\n\n`NotificationModule` is already imported by CoreEngineModule:\n- `packages/twenty-server/src/engine/core-modules/core-engine.module.ts:57` — `import { NotificationModule } from 'src/engine/core-modules/notification/notification.module';`\n- `core-engine.module.ts:149` — `NotificationModule,` in `imports`.\n\n**Current `notification.module.ts` (`packages/twenty-server/src/engine/core-modules/notification/notification.module.ts:1-24`):**\n```ts\nimport { Module } from '@nestjs/common';\nimport { TypeOrmModule } from '@nestjs/typeorm';\n\nimport { KeyValuePairModule } from 'src/engine/core-modules/key-value-pair/key-value-pair.module';\nimport { NotificationRequestedListener } from 'src/engine/core-modules/notification/listeners/notification-requested.listener';\nimport { NotificationEntity } from 'src/engine/core-modules/notification/notification.entity';\nimport { NotificationRealtimePublisherService } from 'src/engine/core-modules/notification/services/notification-realtime-publisher.service';\nimport { NotificationService } from 'src/engine/core-modules/notification/services/notification.service';\nimport { RealtimeGatewayModule } from 'src/engine/core-modules/realtime-gateway/realtime-gateway.module';\n\n@Module({\n  imports: [\n    KeyValuePairModule,\n    TypeOrmModule.forFeature([NotificationEntity]),\n    RealtimeGatewayModule,\n  ],\n  exports: [NotificationService],\n  providers: [\n    NotificationService,\n    NotificationRequestedListener,\n    NotificationRealtimePublisherService,\n  ],\n})\nexport class NotificationModule {}\n```\nNo resolver provider exists yet. The minimal change is adding an `import { NotificationResolver } ...` and listing it in `providers` (compare `document-share.module.ts:9-13`, which also adds nothing to `imports` beyond what's needed). No central resolver list needs editing.\n\n---\n\n## 3. Guard requirements / exact import paths\n\nA core resolver does **not** strictly require a guard to compile, but every user/workspace-scoped core resolver applies the same pair. Exact paths:\n\n```ts\nimport { CoreResolver } from 'src/engine/api/graphql/graphql-config/decorators/core-resolver.decorator';\nimport { AuthUser } from 'src/engine/decorators/auth/auth-user.decorator';\nimport { AuthWorkspace } from 'src/engine/decorators/auth/auth-workspace.decorator';\nimport { WorkspaceAuthGuard } from 'src/engine/guards/workspace-auth.guard';\nimport { UserAuthGuard } from 'src/engine/guards/user-auth.guard';\nimport { NoPermissionGuard } from 'src/engine/guards/no-permission.guard';\nimport { CustomPermissionGuard } from 'src/engine/guards/custom-permission.guard';\nimport { SettingsPermissionGuard } from 'src/engine/guards/settings-permission.guard';\nimport { PublicEndpointGuard } from 'src/engine/guards/public-endpoint.guard';\n```\n\n- `@CoreResolver()` is mandatory for `/graphql` registration (see §2). There is no `@UseGuards` requirement imposed by the schema scope.\n- `WorkspaceAuthGuard` (`src/engine/guards/workspace-auth.guard.ts:12-29`) asserts `request.workspace` exists.\n- `UserAuthGuard` (`src/engine/guards/user-auth.guard.ts:7-18`) asserts `request.user !== undefined` — required because your service is keyed by `userId`.\n- Apply at class level: `@UseGuards(WorkspaceAuthGuard, UserAuthGuard)` (document-share resolver, client-config resolver). Permission guards (`SettingsPermissionGuard(PermissionFlagType.X)`, `CustomPermissionGuard`) are added per-method for privileged actions (`timeline-messaging.resolver.ts:80,202`).\n- `@UsePipes(ResolverValidationPipe)` (`src/engine/core-modules/graphql/pipes/resolver-validation.pipe`) enables `class-validator` on args; `@UseFilters(PreventNestToAutoLogGraphqlErrorsFilter)` (`src/engine/core-modules/graphql/filters/prevent-nest-to-auto-log-graphql-errors.filter`) is the standard filter. DPA additionally uses `AuthGraphqlApiExceptionFilter` and `PermissionsGraphqlApiExceptionFilter` (`dpa.resolver.ts:7,20,23`).\n\nFor a `notification` resolver returning only the caller's own rows, `@UseGuards(WorkspaceAuthGuard, UserAuthGuard)` + `@UsePipes(ResolverValidationPipe)` + `@UseFilters(PreventNestToAutoLogGraphqlErrorsFilter)` + `@CoreResolver()` matches the house pattern.\n\n---\n\n## 4. Front-end GraphQL types generation\n\n### Core (non-metadata) codegen config\n`packages/twenty-front/codegen.cjs:3-34` — schema is the **live core `/graphql` endpoint**, output `src/generated/graphql.ts`:\n```js\nmodule.exports = {\n  schema: (process.env.REACT_APP_SERVER_BASE_URL ?? 'http://localhost:3000') + '/graphql',\n  documents: [\n    './src/modules/workflow/**/graphql/**/*.{ts,tsx}',\n    './src/modules/object-core/**/graphql/**/*.{ts,tsx}',\n    './src/modules/activities/emails/graphql/queries/**/*.{ts,tsx}',\n    './src/modules/activities/calendar/graphql/queries/**/*.{ts,tsx}',\n    './src/modules/search/graphql/**/*.{ts,tsx}',\n    './src/modules/command-menu/graphql/**/*.{ts,tsx}',\n    '!./src/**/*.test.{ts,tsx}', ...\n  ],\n  overwrite: true,\n  generates: {\n    './src/generated/graphql.ts': {\n      plugins: ['typescript', 'typescript-operations', 'typed-document-node'],\n      config: { skipTypename: false, defaultScalarType: 'any',\n        scalars: { DateTime: 'string' }, namingConvention: { enumValues: 'keep' } },\n    },\n  },\n};\n```\nConfig selection — `packages/twenty-front/project.json:252-270`:\n```jsonc\n\"graphql:generate\": {\n  \"executor\": \"nx:run-commands\",\n  \"defaultConfiguration\": \"data\",\n  \"options\": { \"cwd\": \"{projectRoot}\", \"command\": \"dotenv graphql-codegen -- --config={args.config}\" },\n  \"configurations\": {\n    \"data\":     { \"config\": \"codegen.cjs\" },          // -> src/generated/graphql.ts          (core /graphql)\n    \"metadata\": { \"config\": \"codegen-metadata.cjs\" }, // -> src/generated-metadata/graphql.ts (/metadata)\n    \"admin\":    { \"config\": \"codegen-admin.cjs\" }     // -> src/generated-admin/graphql.ts    (/admin-panel)\n  }\n}\n```\nRun: `npx nx run twenty-front:graphql:generate` (default = data/core) — requires the server running. The generated core file is **checked in** at `packages/twenty-front/src/generated/graphql.ts` (~95 KB).\n\n### Example core query document → generated output\nOperation document `packages/twenty-front/src/modules/activities/calendar/graphql/queries/getTimelineCalendarEventsFromObjectRecord.ts:1-21`:\n```ts\nimport { gql } from '@apollo/client';\nexport const getTimelineCalendarEventsFromObjectRecord = gql`\n  query GetTimelineCalendarEventsFromObjectRecord(\n    $objectNameSingular: String! $recordId: UUID! $page: Int! $pageSize: Int!\n  ) {\n    getTimelineCalendarEventsFromObjectRecord(...) { ...TimelineCalendarEventsWithTotalFragment }\n  }\n  ${timelineCalendarEventWithTotalFragment}\n`;\n```\nGenerated in `src/generated/graphql.ts`:\n- `graphql.ts:877` — `GetTimelineCalendarEventsFromObjectRecordQueryVariables`\n- `graphql.ts:885` — `GetTimelineCalendarEventsFromObjectRecordQuery` (typed result)\n- `graphql.ts:1097` — `GetTimelineCalendarEventsFromObjectRecordDocument` (`TypedDocumentNode`)\n\n### Two accepted modes for a **new** core module\n1. **Codegen-tracked:** create `packages/twenty-front/src/modules/<module>/graphql/queries|mutations/*.ts` with a `gql` document, add a glob for that directory to `codegen.cjs` `documents[]`, then run `npx nx run twenty-front:graphql:generate`. (DPA had to be *excluded* from metadata codegen for exactly this reason — `codegen-metadata.cjs:20-22`.)\n2. **Hand-written (used for recently added core endpoints not yet in a codegen glob):** DPA — `packages/twenty-front/src/modules/settings/legal/graphql/queries/getDpaAgreements.ts:1-20` defines the `gql` document via `graphql-tag`, and `packages/twenty-front/src/modules/settings/legal/types/Dpa.ts:1-39` hand-types the result to mirror the server DTO; the glob is deliberately excluded from `codegen-metadata.cjs`. Document-share does the same: `modules/document-share/graphql/queries/getGuestDocumentShare.ts:1-15` plus a local `GuestDocumentShare` type in `hooks/useGuestDocumentShare.ts:7-35`. Comments in these files explicitly say \"Hand-written until the GraphQL schema codegen regenerates\".\n\n**Recommendation for `notification`:** add `./src/modules/notification/graphql/**/*.{ts,tsx}` (or similar) to `codegen.cjs` and generate into `src/generated/graphql.ts`; otherwise follow the DPA/document-share hand-written pattern. Either works; the DPA path avoids needing a running server in the same change.\n\n---\n\n## Summary of the exact pattern to replicate\n\n| Concern | Answer / analog |\n|---|---|\n| Resolver filename | `notification/notification.resolver.ts`, one class, `@Query`/`@Mutation` methods |\n| DTOs | `notification/dtos/*.dto.ts` (`@ObjectType`) and `*.input.ts` (`@InputType`); entity lacks `@Field`s, so DTO or add `@Field`s |\n| Required class decorator | `@CoreResolver()` from `src/engine/api/graphql/graphql-config/decorators/core-resolver.decorator` |\n| Guards | `@UseGuards(WorkspaceAuthGuard, UserAuthGuard)`; + `@UsePipes(ResolverValidationPipe)` + `@UseFilters(PreventNestToAutoLogGraphqlErrorsFilter)` |\n| Current user / workspace | `@AuthUser() user: AuthContextUser` → `user.id`; `@AuthWorkspace() workspace: WorkspaceEntity` → `workspace.id` |\n| Module registration | add resolver to `providers[]` in `notification.module.ts`; `NotificationModule` is already in `CoreEngineModule` imports (`core-engine.module.ts:149`), and core schema uses `include: [CoreEngineModule]`, `resolverSchemaScope: 'core'` (`graphql-config.service.ts:85-86`) |\n| No central list to edit | schema scope filtering is via `RESOLVER_SCHEMA_SCOPE` metadata in `@nestjs/graphql`'s resolver explorer |\n| Front-end | `codegen.cjs` (schema `/graphql`, output `src/generated/graphql.ts`) — add a document glob and run `npx nx run twenty-front:graphql:generate`; or hand-write document + local types like DPA/document-share |\n</task_result>\n</task>"
      },
      "children": []
    }
  ],
  "stats": {
    "totalSubagents": 2,
    "byType": {
      "explore": 2
    },
    "totalDurationMs": 0,
    "failureCount": 2,
    "maxDepth": 1
  }
}