# Iteration 17 Log

## Metadata

- **Task ID**: P5.1-chat-model
- **Task Title**: P5.1: chat model — channel/message/reaction/readCursor entities + GraphQL
- **Description**: As a workspace member, I want channels and messages with reactions and read cursors, so that the workspace has native live chat scoped to workspace, project or custom topics.
- **Status**: completed
- **Task Completed**: No
- **Promise Detected**: No
- **Started At**: 2026-09-18T05:39:39.623Z
- **Ended At**: 2026-09-18T05:58:45.692Z
- **Duration**: 19m 6s
- **Agent**: opencode
- **Model**: opencode-go/deepseek-v4.1-flash
- **Sandbox Mode**: auto
- **Sandbox Network**: Enabled
--- RAW OUTPUT ---
[94m[bash][0m $ git status --porcelain && echo "---HEAD---" && git rev-parse HEAD
[94m[bash][0m $ ls docs/plan/ 2>/dev/null
[94m[grep][0m [95mPLAN.md[0m pattern: [96mP5\.1-chat-model[0m
[94m[bash][0m $ grep -n "P5.1" PLAN.md | head -50
[94m[bash][0m $ grep -rn "P5.1-chat" docs/plan/phases/ | head -30
[94m[read][0m /Users/maxaubert/Projets/A2E Suite/PLAN.md
[94m[bash][0m $ ls packages/twenty-server/src/engine/core-modules/ 2>/dev/null | head -80
[94m[bash][0m $ ls README-A2E.md 2>/dev/null && wc -l README-A2E.md
[94m[bash][0m $ git log --oneline -30
[94m[read][0m /Users/maxaubert/Projets/A2E Suite/packages/twenty-apps/README-A2E.md
[94m[bash][0m $ grep -n "P5\|chat\|messaging" docs/plan/01-codebase-map.md
[94m[bash][0m $ ls packages/twenty-server/src/modules/messaging/
[94m[bash][0m $ ls packages/twenty-apps/internal/a2e-documents/src/
[94m[bash][0m $ grep -n "P1.1\|### P1\|# P1" PLAN.md | head -30
[94m[bash][0m $ cat packages/twenty-apps/internal/a2e-documents/src/application.config.ts
[94m[read][0m /Users/maxaubert/Projets/A2E Suite/PLAN.md
[94m[task][0m Study a2e app scaffold conventions
[94m[task][0m Study twenty-server module pattern
[94m[bash][0m $ grep -n -i "chat" docs/plan/03-integration-blueprint.md docs/plan/04-twenty-native-law.md docs/produ...
[94m[read][0m /Users/maxaubert/Projets/A2E Suite/tasks/prd.json
[94m[bash][0m $ grep -rn -i "domain module\|domain-module\|chat module\|a2e-chat" docs/plan/phases/ docs/plan/*.md d...
[94m[bash][0m $ grep -rn -i "cursor pagination\|cursor-pagination\|readCursor\|read cursor" docs/ PLAN.md 2>/dev/nul...
[94m[read][0m /Users/maxaubert/Projets/A2E Suite/docs/plan/04-twenty-native-law.md
[94m[bash][0m $ grep -n "Module," packages/twenty-server/src/engine/core-modules/core-engine.module.ts | head -80
[94m[bash][0m $ grep -rln "a2e\|A2E" packages/twenty-server/src --include="*.ts" | head -40
[94m[read][0m
[94m[bash][0m $ grep -n "P5.1-chat-realtime-publish\|P5.1-chat-attachments-tests\|P5.2-chat" tasks/prd.json
[94m[read][0m /Users/maxaubert/Projets/A2E Suite/tasks/prd.json
[94m[bash][0m $ ls packages/twenty-server/src/engine/metadata-modules/ai/ai-chat/entities/ 2>/dev/null
[94m[bash][0m $ grep -rln "chatMessage\|ChatMessage\|chat-channel\|ChatChannel" packages/twenty-server/src packages/...
[94m[bash][0m $ ls -R packages/twenty-server/src/engine/core-modules/search/ | head -60
[94m[bash][0m $ cat packages/twenty-server/src/engine/core-modules/search/dtos/search-result-edge.dto.ts
[94m[bash][0m $ cat packages/twenty-server/src/engine/core-modules/search/search.resolver.ts
[94m[bash][0m $ cat packages/twenty-server/src/engine/core-modules/search/services/__tests__/a2e-projects-search-pro...
[94m[bash][0m $ ls docs/plan/phases/phase-05-report.md 2>/dev/null && echo EXISTS || echo MISSING
[94m[bash][0m $ tail -n 40 docs/plan/phases/phase-04-report.md
[94m[bash][0m $ head -n 30 docs/plan/phases/phase-04-report.md
[94m[write][0m "# Phase 05 — Live Chat

CLAIMED — P5.1-chat-model/entities-and-graphql — deepseek-v4.1-flash — 2026-09-18T05:46:22Z — base 7aec2a6db8476f4825f38a3bcba73d9cb5c2980f
"
[94m[read][0m /Users/maxaubert/Projets/A2E Suite/packages/twenty-apps/internal/a2e-projects/src/objects/project.object.ts
[94m[read][0m
[94m[read][0m /Users/maxaubert/Projets/A2E Suite/packages/twenty-apps/internal/a2e-projects/src/constants/universal-identifiers.ts
[94m[read][0m /Users/maxaubert/Projets/A2E Suite/packages/twenty-apps/internal/a2e-projects/src/objects/project-member.object.ts
[94m[read][0m /Users/maxaubert/Projets/A2E Suite/packages/twenty-apps/internal/a2e-projects/src/fields/task-subtask.field.ts
[94m[read][0m /Users/maxaubert/Projets/A2E Suite/packages/twenty-apps/internal/a2e-projects/src/fields/task-subtasks.field.ts
[94m[read][0m
[94m[bash][0m $ ls packages/twenty-apps/internal/a2e-documents/node_modules/.bin/ 2>/dev/null | head
[94m[bash][0m $ node -e "console.log(require('./packages/twenty-apps/internal/a2e-documents/node_modules/twenty-sdk/...
[94m[bash][0m $ cat packages/twenty-apps/internal/a2e-documents/.yarnrc.yml
[94m[bash][0m $ console.log(Object.keys(p.exports||{}))"
[94m[bash][0m $ ls "$(yarn config get cacheFolder 2>/dev/null)" 2>/dev/null | grep -i "twenty-sdk" | head
[94m[bash][0m $ node -e "console.log(crypto.randomUUID())"
[94m[todowrite][0m
[94m[read][0m /Users/maxaubert/Projets/A2E Suite/packages/twenty-apps/internal/a2e-projects/src/constants/field-vocabulary.ts
[94m[read][0m /Users/maxaubert/Projets/A2E Suite/packages/twenty-apps/internal/a2e-projects/src/roles/default-function.role.ts
[94m[read][0m
[94m[read][0m /Users/maxaubert/Projets/A2E Suite/packages/twenty-apps/internal/a2e-projects/src/views/all-projects.view.ts
[94m[bash][0m $ find packages/twenty-apps/internal/a2e-projects/node_modules/twenty-sdk -name "*.d.ts" | head -20
[94m[bash][0m $ ls packages/twenty-apps/internal/a2e-projects/node_modules/twenty-sdk/dist/define/
[94m[read][0m
[94m[bash][0m $ grep -n "declare function defineObject\|declare function defineField\|declare function defineView\|d...
[94m[read][0m
[94m[read][0m
[94m[bash][0m $ grep -n "defineObject\|defineField\|defineView\|defineNavigationMenuItem\|definePageLayout\|defineCo...
[94m[bash][0m $ mkdir -p packages/twenty-apps/internal/a2e-chat/src/{objects,fields,views,page-layouts,navigation-me...
[94m[read][0m /Users/maxaubert/Projets/A2E Suite/packages/twenty-apps/internal/a2e-projects/package.json
[94m[write][0m "{
  "name": "a2e-chat",
  "version": "0.1.0",
  "license": "MIT",
  "engines": {
    "node": "^24.5.0",
    "npm": "please-use-yarn",
    "yarn": ">=4.0.2",
    "twenty": ">=2.19.0"
  },
  "keywords":... (822 chars)"
[94m[write][0m "import { defineApplication } from 'twenty-sdk/define';

export const APPLICATION_UNIVERSAL_IDENTIFIER =
  'e2dce399-87f1-4548-b307-5f368b4d5dd4';

export default defineApplication({
  universalIdentif... (406 chars)"
[94m[write][0m "import { defineApplicationRole } from 'twenty-sdk/define';

export const DEFAULT_FUNCTION_ROLE_UNIVERSAL_IDENTIFIER =
  '01e14521-9688-48e9-8163-e2b3da11f6c5';

export default defineApplicationRole({
... (516 chars)"
[94m[bash][0m $ grep -n "CommandMenuItemConfig\|NavigationMenuItemManifest = \|type NavigationMenuItemManifest\|Role...
[94m[read][0m
[94m[bash][0m $ grep -n "type CommandMenuItemManifest\|type NavigationMenuItemManifest" packages/twenty-apps/interna...
[94m[read][0m
[94m[read][0m
[94m[read][0m
[94m[read][0m
[94m[write][0m "// Universal identifiers for A2E Chat.
//
// One UUIDv4-class identifier per declarable thing, committed forever
// (additive-only law). A2E Documents owns c31a*, A2E Projects owns c31b*,
// so Chat c... (4357 chars)"
[94m[write][0m "import { FieldType, RelationType } from 'twenty-sdk/define';

// Shared field vocabulary. Options are DATA, so a channel kind/visibility
// renders the same color everywhere. Follows the A2E Documents... (2872 chars)"
[94m[bash][0m $ grep -n "oneToMany\|universalSettings\|RELATION" packages/twenty-apps/internal/a2e-documents/src/obj...
[94m[read][0m /Users/maxaubert/Projets/A2E Suite/packages/twenty-apps/internal/a2e-documents/src/objects/document.object.ts
[94m[write][0m "import { defineObject, FieldType, OnDeleteAction } from 'twenty-sdk/define';

import {
  channelKindOptions,
  channelPostingRoleOptions,
  channelVisibilityOptions,
  manyToOne,
  oneToMany,
} from '... (3804 chars)"
[94m[edit][0m /Users/maxaubert/Projets/A2E Suite/packages/twenty-apps/internal/a2e-chat/src/objects/chat-channel.object.ts
[94m[edit][0m /Users/maxaubert/Projets/A2E Suite/packages/twenty-apps/internal/a2e-chat/src/objects/chat-channel.object.ts
[94m[write][0m "import { defineObject, FieldType, OnDeleteAction } from 'twenty-sdk/define';
import { STANDARD_OBJECT_UNIVERSAL_IDENTIFIERS } from 'twenty-sdk/define';

import {
  channelMemberRoleOptions,
  manyToOn... (2419 chars)"
[94m[write][0m "import { defineObject, FieldType, OnDeleteAction } from 'twenty-sdk/define';
import { STANDARD_OBJECT_UNIVERSAL_IDENTIFIERS } from 'twenty-sdk/define';

import { manyToOne, oneToMany } from '../consta... (4508 chars)"
[94m[write][0m "import { defineObject, FieldType, OnDeleteAction } from 'twenty-sdk/define';
import { STANDARD_OBJECT_UNIVERSAL_IDENTIFIERS } from 'twenty-sdk/define';

import { manyToOne } from '../constants/field-v... (2214 chars)"
[94m[write][0m "import { defineObject, FieldType, OnDeleteAction } from 'twenty-sdk/define';
import { STANDARD_OBJECT_UNIVERSAL_IDENTIFIERS } from 'twenty-sdk/define';

import { manyToOne } from '../constants/field-v... (2755 chars)"
[94m[write][0m "import {
  defineField,
  FieldType,
  RelationType,
  STANDARD_OBJECT_UNIVERSAL_IDENTIFIERS,
} from 'twenty-sdk/define';

import {
  OBJECT_IDS,
  RELATION_IDS,
} from '../constants/universal-identif... (967 chars)"
[94m[write][0m "import {
  defineField,
  FieldType,
  RelationType,
  STANDARD_OBJECT_UNIVERSAL_IDENTIFIERS,
} from 'twenty-sdk/define';

import {
  OBJECT_IDS,
  RELATION_IDS,
} from '../constants/universal-identif... (911 chars)"
[94m[write][0m "import {
  defineField,
  FieldType,
  RelationType,
  STANDARD_OBJECT_UNIVERSAL_IDENTIFIERS,
} from 'twenty-sdk/define';

import {
  OBJECT_IDS,
  RELATION_IDS,
} from '../constants/universal-identif... (923 chars)"
[94m[write][0m "import {
  defineField,
  FieldType,
  RelationType,
  STANDARD_OBJECT_UNIVERSAL_IDENTIFIERS,
} from 'twenty-sdk/define';

import {
  OBJECT_IDS,
  RELATION_IDS,
} from '../constants/universal-identif... (957 chars)"
[94m[write][0m "import {
  defineView,
  ViewOpenRecordIn,
  ViewSortDirection,
  ViewType,
} from 'twenty-sdk/define';

import {
  OBJECT_IDS,
  VIEW_IDS,
  viewFieldId,
} from '../constants/universal-identifiers.ts... (1763 chars)"
[94m[write][0m "import {
  defineView,
  ViewOpenRecordIn,
  ViewType,
} from 'twenty-sdk/define';

import {
  OBJECT_IDS,
  VIEW_IDS,
  viewFieldId,
} from '../constants/universal-identifiers.ts';

// Field metadata... (1638 chars)"
[94m[write][0m "import { defineView, ViewOpenRecordIn, ViewType } from 'twenty-sdk/define';

import {
  OBJECT_IDS,
  VIEW_IDS,
  viewFieldId,
} from '../constants/universal-identifiers.ts';

// Field metadata ids fr... (1519 chars)"
[94m[bash][0m $ grep -n "configurationType\|PageLayoutWidgetManifest = \|PageLayoutWidgetUniversalConfiguration\|typ...
[94m[read][0m
[94m[write][0m "import { definePageLayout, PageLayoutTabLayoutMode } from 'twenty-sdk/define';

import { OBJECT_IDS } from '../constants/universal-identifiers.ts';

// Channel record page. The message stream is the P... (1216 chars)"
[94m[write][0m "import { definePageLayout, PageLayoutTabLayoutMode } from 'twenty-sdk/define';

import { OBJECT_IDS } from '../constants/universal-identifiers.ts';

// Message record page: fields + the native files w... (1194 chars)"
[94m[write][0m "import {
  defineNavigationMenuItem,
  NavigationMenuItemType,
} from 'twenty-sdk/define';

import {
  NAVIGATION_MENU_ITEM_IDS,
  VIEW_IDS,
} from '../constants/universal-identifiers.ts';

// Positio... (593 chars)"
[94m[write][0m "import { defineCommandMenuItem } from 'twenty-sdk/define';

import { COMMAND_MENU_ITEM_IDS, FRONT_COMPONENT_IDS } from '../constants/universal-identifiers.ts';

// Cmd+K action: creates a workspace ch... (556 chars)"
[94m[write][0m "import { defineCommandMenuItem } from 'twenty-sdk/define';

import { COMMAND_MENU_ITEM_IDS, FRONT_COMPONENT_IDS } from '../constants/universal-identifiers.ts';

export default defineCommandMenuItem({
... (430 chars)"
[94m[write][0m "import { CoreApiClient } from 'twenty-client-sdk/core';
import { Command } from 'twenty-sdk/front-component';
import { defineFrontComponent } from 'twenty-sdk/define';
import { AppPath, navigate } fro... (1742 chars)"
[94m[write][0m "import { Command } from 'twenty-sdk/front-component';
import { defineFrontComponent } from 'twenty-sdk/define';
import { AppPath, navigate } from 'twenty-sdk/front-component';

// GO TO CHAT (anatomy ... (788 chars)"
[94m[read][0m /Users/maxaubert/Projets/A2E Suite/packages/twenty-apps/internal/a2e-projects/src/logic-functions/post-install.ts
[94m[bash][0m $ cat packages/twenty-server/src/engine/core-modules/realtime-gateway/realtime-gateway.constants.ts | ...
[94m[bash][0m $ sed -n '1,60p' packages/twenty-server/src/modules/messaging/message-outbound-manager/resolvers/send-...
[94m[bash][0m $ cat packages/twenty-server/src/engine/core-modules/realtime-gateway/realtime-gateway.module.ts
[94m[bash][0m $ grep -n "deletedAt\|IsNull\|withDeleted\|softDelete\|buildFindOptions\|find(" packages/twenty-server...
[94m[read][0m /Users/maxaubert/Projets/A2E Suite/packages/twenty-server/src/engine/twenty-orm/repository/workspace-repository.ts
[94m[bash][0m $ find packages/twenty-server/src/engine/twenty-orm -name "*find-options*"
[94m[bash][0m $ grep -n "deletedAt\|withDeleted\|softDelete" packages/twenty-server/src/engine/twenty-orm/query-buil...
[94m[bash][0m $ grep -rn "deletedAt IS NULL\|deleted_at\|isDeleteDate\|DeleteDateColumn\|hasDeletedAtColumn" package...
[94m[bash][0m $ grep -o "deletedAt[^,]*" packages/twenty-apps/internal/a2e-projects/.twenty/output/manifest.json 2>/...
[94m[read][0m
[94m[bash][0m $ grep -rn "isNonEmptyString" packages/twenty-shared/src/utils/index.ts packages/twenty-shared/src/uti...
[94m[bash][0m $ grep -rn "isNonEmptyString" packages/twenty-server/src --include="*.ts" | grep "twenty-shared/utils"...
[94m[bash][0m $ find packages/twenty-shared/src -name "index.ts" -path "*utils*" | head
[94m[bash][0m $ grep -n "isNonEmptyString\|isDefined\b" packages/twenty-shared/src/utils/index.ts | head
[94m[bash][0m $ cat packages/twenty-shared/src/workspace/utils/index.ts
[94m[bash][0m $ mkdir -p packages/twenty-server/src/modules/chat/{utils/__tests__,services/__tests__,resolvers,dtos,...
[94m[write][0m "// Chat realtime topics follow the gateway grammar `workspace:<id>:chat:<id>`
// (parse-realtime-topic.util.ts). Kept as one pure builder so the resolver,
// the typing service and the later message/r... (429 chars)"
[94m[write][0m "// The exact projection ChatMessageService selects from the app-owned
// `chatMessage` workspace object. Keeping it here lets the cursor utilities
// stay pure and unit-testable without the ORM.
expor... (719 chars)"
[94m[write][0m "import { isDefined } from 'twenty-shared/utils';

import { type ChatMessageCursor } from '../types/chat-message.type';
import { type ChatMessagePage } from '../types/chat-message.type';
import { type ... (2146 chars)"
[94m[bash][0m $ find packages/twenty-server/src/engine/twenty-orm -name "*workspace-context*"
[94m[bash][0m $ sed -n '1,80p' packages/twenty-server/src/engine/core-modules/auth/types/workspace-auth-context.type...
[94m[write][0m "import { ForbiddenException, Injectable } from '@nestjs/common';

import { isDefined } from 'twenty-shared/utils';
import { Equal, LessThan } from 'typeorm';

import { getWorkspaceContext } from 'src/... (4027 chars)"
[94m[write][0m "import { Injectable } from '@nestjs/common';

import { RealtimePublisherService } from 'src/engine/core-modules/realtime-gateway/services/realtime-publisher.service';

import { buildChatChannelTopic }... (1468 chars)"
[94m[bash][0m $ grep -rn "import {.*UUIDScalarType" packages/twenty-server/src/engine/metadata-modules/ai/ai-chat/re...
[94m[write][0m "import { Field, ObjectType } from '@nestjs/graphql';

import { UUIDScalarType } from 'src/engine/api/graphql/workspace-schema-builder/graphql-types/scalars';

// Projection of the app-owned `chatMessa... (936 chars)"
[94m[write][0m "import { Field, ObjectType } from '@nestjs/graphql';

import { ChatMessageDTO } from 'src/modules/chat/dtos/chat-message.dto';

@ObjectType('ChatMessageEdge')
export class ChatMessageEdgeDTO {
  @Fiel... (292 chars)"
[94m[write][0m "import { Field, ObjectType } from '@nestjs/graphql';

@ObjectType('ChatMessagePageInfo')
export class ChatMessagePageInfoDTO {
  @Field(() => Boolean)
  hasNextPage: boolean;

  @Field(() => String, {... (249 chars)"
[94m[write][0m "import { Field, ObjectType } from '@nestjs/graphql';

import { ChatMessageEdgeDTO } from 'src/modules/chat/dtos/chat-message-edge.dto';
import { ChatMessagePageInfoDTO } from 'src/modules/chat/dtos/ch... (451 chars)"
[94m[write][0m "import { ArgsType, Field, Int } from '@nestjs/graphql';

import { IsInt, IsOptional, IsString, IsUUID, Max, Min } from 'class-validator';

import { UUIDScalarType } from 'src/engine/api/graphql/worksp... (937 chars)"
[94m[write][0m "import { Field, ObjectType } from '@nestjs/graphql';

import { UUIDScalarType } from 'src/engine/api/graphql/workspace-schema-builder/graphql-types/scalars';

@ObjectType('ChatTypingIndicator')
export... (439 chars)"
[94m[write][0m "import { Field, InputType } from '@nestjs/graphql';

import { IsBoolean, IsUUID } from 'class-validator';

import { UUIDScalarType } from 'src/engine/api/graphql/workspace-schema-builder/graphql-types... (387 chars)"
[94m[bash][0m $ cat packages/twenty-server/src/engine/decorators/auth/auth-workspace-member-id.decorator.ts 2>/dev/n...
[94m[write][0m "import {
  ForbiddenException,
  UseFilters,
  UseGuards,
  UsePipes,
} from '@nestjs/common';
import { Args, Mutation, Query } from '@nestjs/graphql';

import { isDefined } from 'twenty-shared/utils'... (3160 chars)"
[94m[write][0m "import { Module } from '@nestjs/common';

import { RealtimeGatewayModule } from 'src/engine/core-modules/realtime-gateway/realtime-gateway.module';
import { ChatResolver } from 'src/modules/chat/resol... (806 chars)"
[94m[bash][0m $ grep -n "DashboardModule\|CallRecordingModule\|import { DashboardModule" packages/twenty-server/src/...
[94m[read][0m /Users/maxaubert/Projets/A2E Suite/packages/twenty-server/src/engine/core-modules/core-engine.module.ts
[94m[edit][0m /Users/maxaubert/Projets/A2E Suite/packages/twenty-server/src/engine/core-modules/core-engine.module.ts
[94m[edit][0m /Users/maxaubert/Projets/A2E Suite/packages/twenty-server/src/engine/core-modules/core-engine.module.ts
[94m[read][0m /Users/maxaubert/Projets/A2E Suite/packages/twenty-server/src/engine/core-modules/core-engine.module.ts
[94m[read][0m /Users/maxaubert/Projets/A2E Suite/packages/twenty-server/src/engine/core-modules/core-engine.module.ts
[94m[edit][0m /Users/maxaubert/Projets/A2E Suite/packages/twenty-server/src/engine/core-modules/core-engine.module.ts
[94m[write][0m "import { type ChatMessageRecord } from 'src/modules/chat/types/chat-message.type';
import {
  buildChatMessagePage,
  decodeChatMessageCursor,
  encodeChatMessageCursor,
} from 'src/modules/chat/utils... (3223 chars)"
[94m[write][0m "import { parseRealtimeTopic } from 'src/engine/core-modules/realtime-gateway/utils/parse-realtime-topic.util';
import { buildChatChannelTopic } from 'src/modules/chat/utils/chat-topic.util';

const WO... (969 chars)"
[94m[write][0m "import {
  type ORMWorkspaceContext,
  withWorkspaceContext,
} from 'src/engine/twenty-orm/storage/orm-workspace-context.storage';
import { WorkspaceOrmManager } from 'src/engine/twenty-orm/workspace-... (6740 chars)"
[94m[write][0m "import { RealtimePublisherService } from 'src/engine/core-modules/realtime-gateway/services/realtime-publisher.service';
import {
  CHAT_TYPING_EVENT_TYPE,
  ChatTypingService,
} from 'src/modules/cha... (2130 chars)"
[94m[write][0m "// Channel access rules as pure data so the composer, the sidebar and the
// future ACL publisher (P2.1) share one decision. A public channel is
// readable by every workspace member; a private one on... (942 chars)"
[94m[write][0m "// Markdown-lite message handling. The body is stored as plain text; mentions
// are encoded inline as @[label](workspaceMemberId) so the notification leg
// (P5.1 mentions) can parse them without a s... (923 chars)"
[94m[write][0m "// Installing A2E Chat must leave a workspace with a usable default channel,
// so a member can post immediately. Seeds are data + a pure idempotency diff
// (the a2e-projects starter-projects pattern... (1266 chars)"
[94m[read][0m
[94m[read][0m
[94m[write][0m "import { CoreApiClient } from 'twenty-client-sdk/core';

import {
  findMissingStarterChannels,
  type StarterChannelTemplate,
} from '../../lib/starter-channels.ts';

// Le client est injectable pour... (2104 chars)"
[94m[write][0m "import assert from 'node:assert/strict';
import { test } from 'node:test';

import { DEFAULT_STARTER_CHANNELS } from '../../lib/starter-channels.ts';
import { syncStarterChannels } from '../handlers/s... (3038 chars)"
[94m[write][0m "import { definePostInstallLogicFunction } from 'twenty-sdk/define';

import { LOGIC_FUNCTION_IDS } from '../constants/universal-identifiers.ts';
import { syncStarterChannels } from './handlers/starter... (883 chars)"
[94m[write][0m "import assert from 'node:assert/strict';
import { test } from 'node:test';

import {
  canPostToChannel,
  canReadChannel,
  type ChannelAccessInput,
} from '../channel-membership.ts';

const access =... (1546 chars)"
[94m[write][0m "import assert from 'node:assert/strict';
import { test } from 'node:test';

import {
  MAX_MESSAGE_BODY_LENGTH,
  extractMentionedWorkspaceMemberIds,
  isMessageBodyWithinLimit,
  normalizeMessageBody... (1313 chars)"
[94m[write][0m "import assert from 'node:assert/strict';
import { test } from 'node:test';

import {
  DEFAULT_STARTER_CHANNELS,
  findMissingStarterChannels,
} from '../starter-channels.ts';

test('every starter cha... (1125 chars)"
[94m[bash][0m $ yarn install --immutable 2>&1 | tail -30
[94m[bash][0m $ yarn install 2>&1 | tail -20
[94m[bash][0m $ yarn test:unit 2>&1 | tail -40
[94m[edit][0m /Users/maxaubert/Projets/A2E Suite/packages/twenty-apps/internal/a2e-chat/src/lib/__tests__/channel-membership.test.ts
[94m[bash][0m $ yarn test:unit 2>&1 | tail -20
[94m[bash][0m $ yarn typecheck 2>&1 | tail -30
[94m[bash][0m $ yarn lint 2>&1 | tail -40
[94m[bash][0m $ npx twenty dev:build . 2>&1 | tail -40
[94m[bash][0m $ grep -rn "MULTI_SELECT" packages/twenty-apps/internal/real-estate/src 2>/dev/null | head
[94m[bash][0m $ sed -n '138,152p' packages/twenty-apps/internal/a2e-accounting/src/objects/subvention.object.ts
[94m[bash][0m $ grep -rn "Unquoted strings are reserved\|has string defaultValue" packages/twenty-apps/internal/a2e-...
[94m[bash][0m $ sed -n '60430,60460p' packages/twenty-apps/internal/a2e-chat/node_modules/twenty-sdk/dist/define/ind...
[94m[edit][0m /Users/maxaubert/Projets/A2E Suite/packages/twenty-apps/internal/a2e-chat/src/objects/chat-channel.object.ts
[94m[bash][0m $ npx twenty dev:build . 2>&1 | tail -20
[94m[bash][0m $ "
[94m[write][0m "import assert from 'node:assert/strict';
import { test } from 'node:test';

import { STANDARD_OBJECT_UNIVERSAL_IDENTIFIERS } from 'twenty-sdk/define';

import {
  FRONT_COMPONENT_IDS,
  OBJECT_IDS,
  ... (16738 chars)"
[94m[bash][0m $ yarn test:unit 2>&1 | tail -30
[94m[bash][0m $ yarn typecheck 2>&1 | tail -30 && echo "TYPECHECK_DONE" && yarn lint 2>&1 | tail -10
[94m[edit][0m
[94m[bash][0m $ yarn typecheck 2>&1 | tail -20 && echo "TYPECHECK_OK"
[94m[bash][0m $ npx jest src/modules/chat --config=packages/twenty-server/jest.config.mjs 2>&1 | tail -60
[94m[bash][0m $ echo "EXIT:${PIPESTATUS[0]}"
[94m[edit][0m /Users/maxaubert/Projets/A2E Suite/packages/twenty-server/src/modules/chat/services/chat-message.service.ts
[94m[edit][0m /Users/maxaubert/Projets/A2E Suite/packages/twenty-server/src/modules/chat/utils/chat-message-cursor.util.ts
[94m[bash][0m $ echo "EXIT:${PIPESTATUS[0]}"
[94m[bash][0m $ npx tsgo -p tsconfig.json --noEmit && echo "TSGO_OK"
[94m[bash][0m $ npx nx lint:diff-with-main twenty-server 2>&1 | tail -40
[94m[bash][0m $ echo "$FILES"

--- STDERR ---
[93m[1m! [0mpermission requested: external_directory (/Users/maxaubert/Projets/*); auto-rejecting

--- SUBAGENT TRACE ---
{
  "events": [
    {
      "id": "subagent_1789710125448_zz4rdnr",
      "type": "spawn",
      "timestamp": "2026-09-18T05:42:05.449Z",
      "agentType": "explore",
      "description": "Study a2e app scaffold conventions",
      "prompt": "I'm working in the A2E Suite monorepo at /Users/maxaubert/Projets/A2E Suite. I need to understand exactly how an internal `a2e-*` app is scaffolded and what files are required, so I can create a new `a2e-chat` app under `packages/twenty-apps/internal/a2e-chat/`.\n\nPlease research and report back with concrete file paths and code excerpts. Be very thorough.\n\nReference app: `packages/twenty-apps/internal/a2e-documents/` and `packages/twenty-apps/internal/a2e-projects/`.\n\nReport:\n1. Full file tree of `packages/twenty-apps/internal/a2e-documents/` (excluding node_modules) and `a2e-projects`.\n2. Contents of: `package.json`, `tsconfig.json`, `.oxlintrc.json`, `.nvmrc`, `.yarnrc.yml`, `.gitignore`, `application.config.ts`, and the default role file under `src/roles/`.\n3. The object declaration format: read one object file under `src/objects/` and one field file under `src/fields/` — show how `defineObject`, `defineField`, universal identifiers, `STANDARD_OBJECT_UNIVERSAL_IDENTIFIERS` are used.\n4. How views, page-layouts, navigation-menu-items, command-menu-items are declared — show one example of each.\n5. How logic functions / post-install are declared (one example).\n6. The test conventions: find `src/lib/__tests__/*.test.ts` and explain how `node --test --experimental-strip-types` is used, what they assert (e.g. `module.default.success`), and show one representative test.\n7. The package.json scripts (test:unit, typecheck, lint, dev:build etc.) and the exact build command.\n8. Report how universal identifiers are generated/namespaced — especially anything about the `c31b*` namespace. Look for constants files that map standard object universal identifiers.\n9. Report the `src/lib/` module structure (what goes there vs src root).\n\nReturn a detailed structured report with file paths and code snippets. Do not modify any files."
    },
    {
      "id": "subagent_1789710125448_zz4rdnr",
      "type": "error",
      "timestamp": "2026-09-18T05:42:05.449Z",
      "agentType": "explore",
      "description": "Study a2e app scaffold conventions",
      "errorMessage": "<task id=\"ses_f4cf85ecfffe0THtJoaKQPQEZs\" state=\"completed\">\n<task_result>\nI now have a complete picture. Here is the detailed structured report.\n\n---\n\n# A2E internal app scaffolding — research report\n\nAll paths below are absolute. I did not modify anything.\n\nTwo reference apps exist under `/Users/maxaubert/Projets/A2E Suite/packages/twenty-apps/internal/`:\n\n| App | Package name | App UUID | UUID namespace |\n|---|---|---|---|\n| `a2e-documents` | `a2e-documents` | `19126a9c-7cc0-4368-aaba-c7e5a87b0c48` | `c31a*` |\n| `a2e-projects` | `a2e-projects` | `4f759655-84f8-434d-9c76-ee1850e8c1a4` | `c31b*` |\n| `a2e-accounting` (Bilan) | `a2e-accounting` | `b11a0000-0000-4000-8000-000000000001` | `b11a*` |\n| `a2e-chat` (planned) | — | not created | not assigned |\n\n`docs/plan/03-integration-blueprint.md` (lines 56-61) explicitly names `a2e-chat` as a planned app, and `docs/applications.md` (lines 29-35) lists current state. There is **no existing `a2e-chat`** in the tree.\n\nThe authoring guide is `/Users/maxaubert/Projets/A2E Suite/packages/twenty-apps/README-A2E.md` and the anatomy standard is `/Users/maxaubert/Projets/A2E Suite/docs/plan/04-twenty-native-law.md` §2.\n\n---\n\n## 1. Full file trees (excluding `node_modules`, and excluding generated `.twenty/output` bodies)\n\n### `packages/twenty-apps/internal/a2e-documents/`\n\n```\na2e-documents/\n├── .gitignore\n├── .nvmrc\n├── .oxlintrc.json\n├── .yarnrc.yml\n├── package.json\n├── tsconfig.json\n├── yarn.lock\n├── .twenty/output/                      # generated by `twenty dev:build`, gitignored\n│   ├── manifest.json\n│   ├── package.json\n│   ├── yarn.lock\n│   └── src/\n│       ├── front-components/*.tsx|.mjs|.map\n│       └── logic-functions/*.ts|.mjs|.map\n└── src/\n    ├── application.config.ts\n    ├── command-menu-items/\n    │   ├── create-document-and-open.command-menu-item.ts\n    │   ├── create-document.command-menu-item.ts\n    │   ├── go-to-documents.command-menu-item.ts\n    │   ├── save-company-as-document.command-menu-item.ts\n    │   └── save-person-as-document.command-menu-item.ts\n    ├── constants/\n    │   ├── field-vocabulary.ts\n    │   └── universal-identifiers.ts\n    ├── fields/\n    │   ├── company-documents.field.ts\n    │   └── person-documents.field.ts\n    ├── front-components/\n    │   ├── constants.ts\n    │   ├── create-document-command.front-component.tsx\n    │   ├── document-browser.front-component.tsx\n    │   ├── document-page.front-component.tsx\n    │   ├── save-company-as-document-command.front-component.tsx\n    │   ├── save-person-as-document-command.front-component.tsx\n    │   └── save-record-as-document-command.factory.tsx\n    ├── lib/\n    │   ├── __tests__/\n    │   │   ├── document-cycle.test.ts\n    │   │   ├── document-outline.test.ts\n    │   │   ├── document-tree-keyboard.test.ts\n    │   │   ├── document-tree-loading.test.ts\n    │   │   ├── document-tree.test.ts\n    │   │   ├── fractional-position.test.ts\n    │   │   ├── instantiate-template.test.ts\n    │   │   ├── record-note-copy.test.ts\n    │   │   ├── save-document-as-template.test.ts\n    │   │   ├── starter-templates.test.ts\n    │   │   ├── template-gallery.test.ts\n    │   │   └── trash-retention.test.ts\n    │   ├── document-cycle.ts\n    │   ├── document-outline.ts\n    │   ├── document-tree-keyboard.ts\n    │   ├── document-tree-loading.ts\n    │   ├── document-tree.ts\n    │   ├── fractional-position.ts\n    │   ├── instantiate-template.ts\n    │   ├── record-note-copy.ts\n    │   ├── save-document-as-template.ts\n    │   ├── starter-templates.ts\n    │   ├── template-gallery.ts\n    │   └── trash-retention.ts\n    ├── logic-functions/\n    │   ├── guard-document-parent-cycle.ts\n    │   ├── post-install.ts\n    │   └── purge-archived-documents.ts\n    ├── navigation-menu-items/\n    │   └── documents.navigation-menu-item.ts\n    ├── objects/\n    │   ├── document-comment-thread.object.ts\n    │   ├── document-revision.object.ts\n    │   └── document.object.ts\n    ├── page-layouts/\n    │   └── document.page-layout.ts\n    ├── roles/\n    │   └── default-function.role.ts\n    └── views/\n        ├── all-documents.view.ts\n        └── templates.view.ts\n```\n\n### `packages/twenty-apps/internal/a2e-projects/`\n\n```\na2e-projects/\n├── .gitignore\n├── .nvmrc\n├── .oxlintrc.json\n├── .yarnrc.yml\n├── package.json\n├── tsconfig.json\n├── yarn.lock\n├── a2e-projects/.twenty/output/         # stray generated dir (nested) — generated\n├── .twenty/output/                      # generated by `twenty dev:build`, gitignored\n│   ├── manifest.json\n│   ├── package.json\n│   ├── yarn.lock\n│   └── src/{front-components,logic-functions}/*.{tsx,ts,mjs,map}\n└── src/\n    ├── application.config.ts\n    ├── command-menu-items/\n    │   ├── create-project.command-menu-item.ts\n    │   ├── create-task.command-menu-item.ts\n    │   ├── go-to-projects.command-menu-item.ts\n    │   ├── open-subtasks.command-menu-item.ts\n    │   └── open-time-tracker.command-menu-item.ts\n    ├── constants/\n    │   ├── field-vocabulary.ts\n    │   └── universal-identifiers.ts\n    ├── fields/\n    │   ├── company-projects.field.ts\n    │   ├── lead-projects.field.ts\n    │   ├── milestone-tasks.field.ts\n    │   ├── note-blocked-tasks.field.ts\n    │   ├── project-members.field.ts\n    │   ├── project-milestones.field.ts\n    │   ├── project-tasks.field.ts\n    │   ├── project-time-entries.field.ts\n    │   ├── task-block-issue.field.ts\n    │   ├── task-estimate-label.field.ts\n    │   ├── task-estimate.field.ts\n    │   ├── task-human-id.field.ts\n    │   ├── task-labels.field.ts\n    │   ├── task-milestone.field.ts\n    │   ├── task-priority.field.ts\n    │   ├── task-project-status.field.ts\n    │   ├── task-project.field.ts\n    │   ├── task-subtask.field.ts\n    │   ├── task-subtasks.field.ts\n    │   ├── task-time-entries.field.ts\n    │   ├── workspace-member-project-memberships.field.ts\n    │   └── workspace-member-time-entries.field.ts\n    ├── front-components/\n    │   ├── create-project-command.front-component.tsx\n    │   ├── create-task-command.front-component.tsx\n    │   ├── go-to-projects.front-component.tsx\n    │   ├── project-gantt.front-component.tsx\n    │   ├── project-overview.front-component.tsx\n    │   ├── project-time-rollup.front-component.tsx\n    │   ├── task-subtasks.front-component.tsx\n    │   └── time-tracker.front-component.tsx\n    ├── lib/\n    │   ├── __tests__/\n    │   │   ├── command-availability.test.ts\n    │   │   ├── my-tasks.test.ts\n    │   │   ├── project-gantt.test.ts\n    │   │   ├── project-object-integrity.test.ts\n    │   │   ├── project-overview.test.ts\n    │   │   ├── recurring-task-generator-workflow.test.ts\n    │   │   ├── recurring-task-generator.test.ts\n    │   │   ├── starter-projects.test.ts\n    │   │   ├── task-board.test.ts\n    │   │   ├── task-calendar.test.ts\n    │   │   ├── task-field-integrity.test.ts\n    │   │   ├── task-human-id.test.ts\n    │   │   ├── task-tree.test.ts\n    │   │   ├── time-tracker.test.ts\n    │   │   └── trash-retention.test.ts\n    │   ├── project-gantt.ts\n    │   ├── project-overview.ts\n    │   ├── recurring-task-generator.ts\n    │   ├── starter-projects.ts\n    │   ├── task-human-id.ts\n    │   ├── task-tree.ts\n    │   ├── time-tracker.ts\n    │   └── trash-retention.ts\n    ├── logic-functions/\n    │   ├── __tests__/\n    │   │   ├── purge-trash-handler.test.ts\n    │   │   ├── recurring-task-generator-handler.test.ts\n    │   │   └── task-human-id-handler.test.ts\n    │   ├── handlers/\n    │   │   ├── purge-trash-handler.ts\n    │   │   ├── recurring-task-generator-handler.ts\n    │   │   └── task-human-id-handler.ts\n    │   ├── post-install.ts\n    │   ├── purge-trash.logic-function.ts\n    │   ├── recurring-task-generator.logic-function.ts\n    │   └── task-human-id.logic-function.ts\n    ├── navigation-menu-items/\n    │   ├── my-tasks-assigned.navigation-menu-item.ts\n    │   ├── my-tasks-created.navigation-menu-item.ts\n    │   ├── my-tasks-overdue.navigation-menu-item.ts\n    │   ├── my-tasks.navigation-menu-item.ts\n    │   └── projects.navigation-menu-item.ts\n    ├── objects/\n    │   ├── label.object.ts\n    │   ├── milestone.object.ts\n    │   ├── project-member.object.ts\n    │   ├── project.object.ts\n    │   ├── task-label.object.ts\n    │   └── time-entry.object.ts\n    ├── page-layouts/\n    │   └── project.page-layout.ts\n    ├── roles/\n    │   └── default-function.role.ts\n    ├── views/\n    │   ├── all-labels.view.ts\n    │   ├── all-milestones.view.ts\n    │   ├── all-projects.view.ts\n    │   ├── created-by-me.view.ts\n    │   ├── current-tasks.view.ts\n    │   ├── my-tasks.view.ts\n    │   ├── overdue-tasks.view.ts\n    │   ├── project-tasks.view.ts\n    │   ├── task-board.view.ts\n    │   └── task-calendar.view.ts\n    └── workflow-templates/\n        └── recurring-task-generator.workflow.ts\n```\n\nNote: `a2e-documents` has **no `yarn.lock` committed at baseline** (per `docs/applications.md` §1); `a2e-projects` does. The root `packages/twenty-apps/.gitignore` ignores `generated` and `.twenty`.\n\n---\n\n## 2. Required config files (exact contents)\n\n### 2a. `package.json`\n\n`/Users/maxaubert/Projets/A2E Suite/packages/twenty-apps/internal/a2e-projects/package.json` (the richer, canonical one — has `test:unit`):\n\n```json\n{\n  \"name\": \"a2e-projects\",\n  \"version\": \"0.1.10\",\n  \"license\": \"MIT\",\n  \"engines\": {\n    \"node\": \"^24.5.0\",\n    \"npm\": \"please-use-yarn\",\n    \"yarn\": \">=4.0.2\",\n    \"twenty\": \">=2.19.0\"\n  },\n  \"keywords\": [\"twenty-app\"],\n  \"packageManager\": \"yarn@4.13.0\",\n  \"scripts\": {\n    \"twenty\": \"twenty\",\n    \"lint\": \"oxlint -c .oxlintrc.json .\",\n    \"lint:fix\": \"oxlint --fix -c .oxlintrc.json .\",\n    \"typecheck\": \"tsc --noEmit\",\n    \"test:unit\": \"node --test --experimental-strip-types \\\"src/lib/__tests__/*.test.ts\\\" \\\"src/logic-functions/__tests__/*.test.ts\\\"\"\n  },\n  \"devDependencies\": {\n    \"@types/node\": \"^24.7.2\",\n    \"@types/react\": \"^19.0.0\",\n    \"oxlint\": \"^0.16.0\",\n    \"react\": \"^19.0.0\",\n    \"react-dom\": \"^19.0.0\",\n    \"twenty-client-sdk\": \"2.31.0\",\n    \"twenty-sdk\": \"2.31.0\",\n    \"typescript\": \"^5.9.3\"\n  }\n}\n```\n\n`/Users/maxaubert/Projets/A2E Suite/packages/twenty-apps/internal/a2e-documents/package.json` is identical except `name`, `version: \"0.2.0\"`, and it **omits `test:unit`** (its tests are run manually). For `a2e-chat`, copy the projects version and add `test:unit`.\n\n### 2b. `tsconfig.json` (identical in both)\n\n```json\n{\n  \"compileOnSave\": false,\n  \"compilerOptions\": {\n    \"noEmit\": true,\n    \"jsx\": \"react-jsx\",\n    \"moduleResolution\": \"bundler\",\n    \"allowImportingTsExtensions\": true,\n    \"allowSyntheticDefaultImports\": true,\n    \"emitDecoratorMetadata\": true,\n    \"experimentalDecorators\": true,\n    \"importHelpers\": true,\n    \"allowUnreachableCode\": false,\n    \"strict\": true,\n    \"alwaysStrict\": true,\n    \"noImplicitAny\": true,\n    \"strictBindCallApply\": false,\n    \"target\": \"es2022\",\n    \"module\": \"esnext\",\n    \"lib\": [\"es2023\", \"dom\"],\n    \"types\": [\"node\"],\n    \"skipLibCheck\": true,\n    \"skipDefaultLibCheck\": true,\n    \"resolveJsonModule\": true,\n    \"paths\": {\n      \"src/*\": [\"./src/*\"],\n      \"~/*\": [\"./*\"]\n    }\n  },\n  \"exclude\": [\"node_modules\", \"dist\"]\n}\n```\n\n### 2c. `.oxlintrc.json` (identical in both)\n\n```json\n{\n  \"$schema\": \"./node_modules/oxlint/configuration_schema.json\",\n  \"plugins\": [\"typescript\"],\n  \"categories\": {\n    \"correctness\": \"off\"\n  },\n  \"ignorePatterns\": [\"node_modules\", \"dist\"],\n  \"rules\": {\n    \"no-unused-vars\": \"off\",\n\n    \"typescript/no-unused-vars\": [\n      \"warn\",\n      { \"argsIgnorePattern\": \"^_\" }\n    ],\n    \"typescript/no-explicit-any\": \"off\"\n  },\n  \"overrides\": [\n    {\n      \"files\": [\"**/*.logic-function.ts\", \"**/logic-functions/**/*.ts\"],\n      \"rules\": {\n        \"no-restricted-imports\": [\n          \"error\",\n          {\n            \"patterns\": [\n              {\n                \"group\": [\"twenty-shared\", \"twenty-shared/*\"],\n                \"message\": \"Logic functions must not import from twenty-shared directly. Import runtime types and helpers from `twenty-sdk/logic-function` instead so the logic-function bundle stays minimal.\"\n              }\n            ]\n          }\n        ]\n      }\n    }\n  ]\n}\n```\n\nThere is also a base config at `/Users/maxaubert/Projets/A2E Suite/packages/twenty-apps/.oxlintrc.base.json` that bans `twenty-shared` imports for all apps (the app's own override narrows it to logic functions).\n\n### 2d. `.nvmrc`\n\n```\n24.5.0\n```\n\n### 2e. `.yarnrc.yml`\n\n```yaml\nnodeLinker: node-modules\n```\n\n### 2f. `.gitignore` (identical in both)\n\n```gitignore\n# See https://help.github.com/articles/ignoring-files/ for more about ignoring files.\n\n# dependencies\n/node_modules\n/.pnp\n.pnp.*\n.yarn\n\n# codegen\ngenerated\n\n# testing\n/coverage\n/e2e/.auth\n/e2e/.results\n/playwright-report\n/test-results\n\n# dev\n/dist/\n\n.twenty\n\n# production\n/build\n\n# misc\n.DS_Store\n*.pem\n\n# debug\nnpm-debug.log*\nyarn-debug.log*\nyarn-error.log*\n.pnpm-debug.log*\n\n# env files (can opt-in for committing if needed)\n.env*\n\n# typescript\n*.tsbuildinfo\n*.d.ts\n```\n\n### 2g. `application.config.ts`\n\n`/Users/maxaubert/Projets/A2E Suite/packages/twenty-apps/internal/a2e-documents/src/application.config.ts`:\n\n```ts\nimport { defineApplication } from 'twenty-sdk/define';\n\nexport const APPLICATION_UNIVERSAL_IDENTIFIER =\n  '19126a9c-7cc0-4368-aaba-c7e5a87b0c48';\n\nexport default defineApplication({\n  universalIdentifier: APPLICATION_UNIVERSAL_IDENTIFIER,\n  displayName: 'A2E Documents',\n  description:\n    'Workspace documents: hierarchical doc tree with rich-text editing, templates and sharing',\n});\n```\n\n`a2e-projects` version:\n\n```ts\nimport { defineApplication } from 'twenty-sdk/define';\n\nexport const APPLICATION_UNIVERSAL_IDENTIFIER =\n  '4f759655-84f8-434d-9c76-ee1850e8c1a4';\n\nexport default defineApplication({\n  universalIdentifier: APPLICATION_UNIVERSAL_IDENTIFIER,\n  displayName: 'A2E Projects',\n  description:\n    'Projets & tâches 2.0 : projets, statuts, gantt et suivi du temps sur le moteur de tâches natif',\n});\n```\n\nPer `README-A2E.md` §\"Creating an internal app\": generate the application UUID and the role UUID once with `node -e \"console.log(crypto.randomUUID())\"`, commit immediately, never regenerate. The `displayName` is the product name (e.g. \"A2E Chat\"), package name is `a2e-chat`.\n\n### 2h. Default role — `src/roles/default-function.role.ts`\n\n`/Users/maxaubert/Projets/A2E Suite/packages/twenty-apps/internal/a2e-documents/src/roles/default-function.role.ts`:\n\n```ts\nimport { defineApplicationRole } from 'twenty-sdk/define';\n\nexport const DEFAULT_FUNCTION_ROLE_UNIVERSAL_IDENTIFIER =\n  '1e0eda2a-8319-4211-93f7-e0e185ee35b1';\n\nexport default defineApplicationRole({\n  universalIdentifier: DEFAULT_FUNCTION_ROLE_UNIVERSAL_IDENTIFIER,\n  label: 'A2E Documents default function role',\n  description: 'Role the A2E Documents app operations run as',\n  canReadAllObjectRecords: true,\n  canUpdateAllObjectRecords: true,\n  canSoftDeleteAllObjectRecords: true,\n  canDestroyAllObjectRecords: false,\n});\n```\n\n`a2e-projects` is identical with UUID `9b6621c5-0521-4421-b97c-d10b1b9da38d` and labels `A2E Projects …`.\n\nImportant constraint recorded in `docs/plan/phases/phase-04-report.md` (line 171): the SDK allows **only ONE `defineApplicationRole` per app**. If a second assignable role is needed, use `defineRole` (as `a2e-accounting` does with `finance-user.role.ts`).\n\n---\n\n## 3. Object and field declaration format\n\n### 3a. Object — `defineObject`\n\n`/Users/maxaubert/Projets/A2E Suite/packages/twenty-apps/internal/a2e-documents/src/objects/document.object.ts` (embedded fields, relations to app objects and standard objects):\n\n```ts\nimport {\n  defineObject,\n  FieldType,\n  OnDeleteAction,\n  STANDARD_OBJECT_UNIVERSAL_IDENTIFIERS,\n} from 'twenty-sdk/define';\n\nimport {\n  documentKindOptions,\n  documentTagOptions,\n  manyToOne,\n  oneToMany,\n} from '../constants/field-vocabulary.ts';\nimport {\n  LABEL_IDENTIFIER_IDS,\n  OBJECT_IDS,\n  RELATION_IDS,\n} from '../constants/universal-identifiers.ts';\n\nexport default defineObject({\n  universalIdentifier: OBJECT_IDS.document,\n  nameSingular: 'document',\n  namePlural: 'documents',\n  labelSingular: 'Document',\n  labelPlural: 'Documents',\n  description:\n    'Document de l’espace de travail : arborescence, contenu riche, modèle, favoris et corbeille.',\n  icon: 'IconNotes',\n  labelIdentifierFieldMetadataUniversalIdentifier:\n    LABEL_IDENTIFIER_IDS.documentTitle,\n  fields: [\n    {\n      universalIdentifier: LABEL_IDENTIFIER_IDS.documentTitle,\n      type: FieldType.TEXT,\n      name: 'title',\n      label: 'Titre',\n      icon: 'IconAbc',\n      defaultValue: \"''\",\n    },\n    {\n      universalIdentifier: 'c31a0100-0001-4000-8000-000000000003',\n      type: FieldType.SELECT,\n      name: 'kind',\n      label: 'Type',\n      icon: 'IconFileText',\n      defaultValue: `'DOCUMENT'`,\n      options: documentKindOptions,\n    },\n    // ... more fields ...\n    {\n      universalIdentifier: RELATION_IDS.documentCompany,\n      type: FieldType.RELATION,\n      name: 'company',\n      label: 'Entreprise liée',\n      icon: 'IconBuildingSkyscraper',\n      relationTargetObjectMetadataUniversalIdentifier:\n        STANDARD_OBJECT_UNIVERSAL_IDENTIFIERS.company.universalIdentifier,\n      relationTargetFieldMetadataUniversalIdentifier:\n        RELATION_IDS.companyDocuments,\n      universalSettings: {\n        ...manyToOne('companyId'),\n        onDelete: OnDeleteAction.SET_NULL,\n      },\n    },\n  ],\n});\n```\n\n### 3b. Standalone field — `defineField`\n\nUsed for cross-object relation fields (fields added to standard objects or inverse sides that must live on another object). `/Users/maxaubert/Projets/A2E Suite/packages/twenty-apps/internal/a2e-projects/src/fields/task-project.field.ts`:\n\n```ts\nimport {\n  defineField,\n  FieldType,\n  OnDeleteAction,\n  RelationType,\n  STANDARD_OBJECT_UNIVERSAL_IDENTIFIERS,\n} from 'twenty-sdk/define';\n\nimport { OBJECT_IDS, TASK_FIELD_IDS } from '../constants/universal-identifiers.ts';\n\nexport default defineField({\n  universalIdentifier: TASK_FIELD_IDS.project,\n  objectUniversalIdentifier:\n    STANDARD_OBJECT_UNIVERSAL_IDENTIFIERS.task.universalIdentifier,\n  type: FieldType.RELATION,\n  name: 'project',\n  label: 'Projet',\n  description: 'Projet auquel cette tâche appartient',\n  icon: 'IconKanban',\n  isNullable: true,\n  relationTargetObjectMetadataUniversalIdentifier: OBJECT_IDS.project,\n  relationTargetFieldMetadataUniversalIdentifier:\n    TASK_FIELD_IDS.tasksOnProject,\n  universalSettings: {\n    relationType: RelationType.MANY_TO_ONE,\n    joinColumnName: 'projectId',\n    onDelete: OnDeleteAction.SET_NULL,\n  },\n});\n```\n\nA simple SELECT field on a standard object (`task-priority.field.ts`, same dir):\n\n```ts\nexport default defineField({\n  universalIdentifier: TASK_FIELD_IDS.priority,\n  objectUniversalIdentifier:\n    STANDARD_OBJECT_UNIVERSAL_IDENTIFIERS.task.universalIdentifier,\n  type: FieldType.SELECT,\n  name: 'priority',\n  label: 'Priorité',\n  icon: 'IconFlag',\n  isNullable: true,\n  options: [\n    { id: 'c31b0201-0005-4000-8000-000000000061', value: 'URGENT', label: 'Urgent', position: 0, color: 'red' },\n    // ...\n  ],\n});\n```\n\nAn inverse relation owned by the standard `company` object (`a2e-documents/src/fields/company-documents.field.ts`) hardcodes the standard company UUID:\n\n```ts\nexport default defineField({\n  universalIdentifier: RELATION_IDS.companyDocuments,\n  name: 'documents',\n  label: 'Documents',\n  type: FieldType.RELATION,\n  objectUniversalIdentifier: '20202020-b374-4779-a561-80086cb2e17f', // company\n  relationTargetObjectMetadataUniversalIdentifier: OBJECT_IDS.document,\n  relationTargetFieldMetadataUniversalIdentifier: RELATION_IDS.documentCompany,\n  universalSettings: { relationType: RelationType.ONE_TO_MANY },\n});\n```\n\n### 3c. `STANDARD_OBJECT_UNIVERSAL_IDENTIFIERS`\n\nRe-exported by `twenty-sdk/define` from:\n\n`/Users/maxaubert/Projets/A2E Suite/packages/twenty-shared/src/metadata/constants/standard-object-universal-identifiers.constant.ts`\n\n```ts\nexport const STANDARD_OBJECT_UNIVERSAL_IDENTIFIERS = {\n  timelineActivity: '20202020-6736-4337-b5c4-8b39fae325a5',\n  attachment: '20202020-bd3d-4c60-8dca-571c71d4447a',\n  blocklist: '20202020-0408-4f38-b8a8-4d5e3e26e24d',\n  calendarChannelEventAssociation: '20202020-491b-4aaa-9825-afd1bae6ae00',\n  calendarEvent: '20202020-8f1d-4eef-9f85-0d1965e27221',\n  calendarEventTarget: '6a9b9656-3e23-4234-94a4-b913c5dde668',\n  calendarEventParticipant: '20202020-a1c3-47a6-9732-27e5b1e8436d',\n  callRecording: 'ce19efb9-710f-45b2-b141-473abbeea60b',\n  noteTarget: '20202020-fff0-4b44-be82-bda313884400',\n  taskTarget: '20202020-5a9a-44e8-95df-771cd06d0fb1',\n  person: '20202020-e674-48e5-a542-72570eee7213',\n  company: '20202020-b374-4779-a561-80086cb2e17f',\n  opportunity: '20202020-9549-49dd-b2b2-883999db8938',\n  note: '20202020-0b00-45cd-b6f6-6cd806fc6804',\n  task: '20202020-1ba1-48ba-bc83-ef7e5990ed10',\n  workflow: '20202020-62be-406c-b9ca-8caa50d51392',\n  workflowAutomatedTrigger: '20202020-3319-4234-a34c-7f3b9d2e4d1f',\n  workflowVersion: '20202020-d65d-4ab9-9344-d77bfb376a3d',\n  workflowRun: '20202020-4e28-4e95-a9d7-6c00874f843c',\n  workspaceMember: '20202020-3319-4234-a34c-82d5c0e881a6',\n  dashboard: '20202020-3840-4b6d-9425-0c5188b05ca8',\n  message: '20202020-3f6b-4425-80ab-e468899ab4b2',\n  messageChannelMessageAssociation: '20202020-ad1e-4127-bccb-d83ae04d2ccb',\n  // ...\n  messageList: '826561ea-4816-411c-baa0-eec5e6ca8866',\n  messageListMember: '27773d24-8ce3-40f8-aa6c-1f590f2c08d2',\n  messageCampaign: '238acb94-dd4c-4036-bc55-19b99d821efd',\n  messageParticipant: '20202020-a433-4456-aa2d-fd9cb26b774a',\n  messageThread: '20202020-849a-4c3e-84f5-a25a7d802271',\n  messageThreadTarget: '378ad1b0-592d-4084-80ee-86fef44725b9',\n} as const;\n```\n\nFor `a2e-chat`, the native `message`, `messageThread`, `messageParticipant`, `messageChannelMessageAssociation` primitives already exist and are referenced through this map.\n\n### 3d. Relation vocabulary helpers\n\n`/Users/maxaubert/Projets/A2E Suite/packages/twenty-apps/internal/a2e-projects/src/constants/field-vocabulary.ts`:\n\n```ts\nimport { FieldType, RelationType } from 'twenty-sdk/define';\n\ntype OptionColor = 'red' | 'ruby' | ... | 'gray';\n\nconst option = (suffix, value, label, position, color) => ({\n  id: `c31b0200-0005-4000-8000-0000000000${suffix}`,\n  value, label, position, color,\n});\n\nexport const projectStatusOptions = [\n  option('01', 'PLANNING', 'Planification', 0, 'sky'),\n  // ...\n];\n\nexport const RELATION = FieldType.RELATION;\nexport const oneToMany = { relationType: RelationType.ONE_TO_MANY } as const;\nexport const manyToOne = (joinColumnName: string) =>\n  ({ relationType: RelationType.MANY_TO_ONE, joinColumnName }) as const;\n```\n\n`OptionColor` is defined locally because the SDK keeps `TagColor` un-exported. Select options use `id` in objects and `universalIdentifier` in standalone/embedded fields; both are accepted (tests read `option.id ?? option.universalIdentifier`).\n\n---\n\n## 4. Views, page-layouts, navigation, command menu\n\n### 4a. View — `defineView`\n\n`/Users/maxaubert/Projets/A2E Suite/packages/twenty-apps/internal/a2e-documents/src/views/all-documents.view.ts` (TABLE with derived view-field ids and a sort):\n\n```ts\nimport {\n  defineView,\n  ViewOpenRecordIn,\n  ViewSortDirection,\n  ViewType,\n} from 'twenty-sdk/define';\n\nimport { OBJECT_IDS, VIEW_IDS, viewFieldId } from '../constants/universal-identifiers.ts';\n\nconst field = {\n  title: 'c31a0100-0001-4000-8000-000000000001',\n  kind: 'c31a0100-0001-4000-8000-000000000003',\n  tags: 'c31a0100-0001-4000-8000-000000000008',\n  archivedAt: 'c31a0100-0001-4000-8000-000000000009',\n};\n\nconst fieldId = (viewIndex: number) => (position: number) =>\n  viewFieldId(viewIndex, position);\nconst id = fieldId(0);\n\nexport default defineView({\n  universalIdentifier: VIEW_IDS.allDocuments,\n  name: 'Tous les documents',\n  objectUniversalIdentifier: OBJECT_IDS.document,\n  type: ViewType.TABLE,\n  icon: 'IconNotes',\n  position: 0,\n  openRecordIn: ViewOpenRecordIn.SIDE_PANEL,\n  fields: [\n    {\n      universalIdentifier: id(0),\n      fieldMetadataUniversalIdentifier: field.title,\n      position: 0,\n      isVisible: true,\n      size: 280,\n    },\n    // ...\n  ],\n  sorts: [\n    {\n      universalIdentifier: 'c31a0100-0006-4000-8000-000000000001',\n      fieldMetadataUniversalIdentifier: field.title,\n      direction: ViewSortDirection.ASC,\n    },\n  ],\n});\n```\n\nKANBAN view (`a2e-projects/src/views/task-board.view.ts`) adds `mainGroupByFieldMetadataUniversalIdentifier`, `filters`, and `groups`:\n\n```ts\nexport default defineView({\n  universalIdentifier: VIEW_IDS.taskBoard,\n  name: 'Board tâches',\n  objectUniversalIdentifier:\n    STANDARD_OBJECT_UNIVERSAL_IDENTIFIERS.task.universalIdentifier,\n  type: ViewType.KANBAN,\n  icon: 'IconLayoutKanban',\n  position: 1,\n  openRecordIn: ViewOpenRecordIn.SIDE_PANEL,\n  mainGroupByFieldMetadataUniversalIdentifier: TASK_FIELD_IDS.projectStatus,\n  fields: [ /* { universalIdentifier: viewFieldId('01',1,pos), fieldMetadataUniversalIdentifier, position, isVisible, size } */ ],\n  filters: [\n    {\n      universalIdentifier: 'c31b0100-0005-4000-8000-000000000004',\n      fieldMetadataUniversalIdentifier: TASK_FIELD_IDS.project,\n      operand: ViewFilterOperand.IS_NOT_EMPTY,\n      value: '',\n    },\n  ],\n  groups: [\n    { universalIdentifier: 'c31b0100-0007-...0001', fieldValue: 'TODO', isVisible: true, position: 0 },\n    // IN_PROGRESS, DONE\n  ],\n});\n```\n\nView types seen in-tree: `ViewType.TABLE`, `ViewType.KANBAN`, `ViewType.CALENDAR` (with `calendarFieldMetadataUniversalIdentifier` + `ViewCalendarLayout.MONTH`). Supported filter operands include `ViewFilterOperand.IS_NOT_EMPTY`, `IS_IN_PAST`, `IS`, `IS_NOT`.\n\n### 4b. Page layout — `definePageLayout`\n\n`/Users/maxaubert/Projets/A2E Suite/packages/twenty-apps/internal/a2e-documents/src/page-layouts/document.page-layout.ts`:\n\n```ts\nimport { definePageLayout, PageLayoutTabLayoutMode } from 'twenty-sdk/define';\n\nimport { FRONT_COMPONENT_IDS, OBJECT_IDS } from '../constants/universal-identifiers.ts';\n\nexport default definePageLayout({\n  universalIdentifier: 'c31a0100-0008-4000-8000-000000000001',\n  name: 'Document Record Page',\n  type: 'RECORD_PAGE',\n  objectUniversalIdentifier: OBJECT_IDS.document,\n  tabs: [\n    {\n      universalIdentifier: 'c31a0100-0009-4000-8000-000000000001',\n      title: 'Home',\n      position: 10,\n      icon: 'IconNotes',\n      layoutMode: PageLayoutTabLayoutMode.VERTICAL_LIST,\n      widgets: [\n        {\n          universalIdentifier: 'c31a0100-000a-4000-8000-000000000001',\n          title: 'Fields',\n          type: 'FIELDS',\n          configuration: { configurationType: 'FIELDS' },\n        },\n        {\n          universalIdentifier: 'c31a0100-000a-4000-8000-000000000002',\n          title: 'Contenu',\n          type: 'FIELD_RICH_TEXT',\n          objectUniversalIdentifier: OBJECT_IDS.document,\n          configuration: { configurationType: 'FIELD_RICH_TEXT' },\n        },\n        {\n          universalIdentifier: 'c31a0100-000a-4000-8000-000000000004',\n          title: 'Page',\n          type: 'FRONT_COMPONENT',\n          configuration: {\n            configurationType: 'FRONT_COMPONENT',\n            frontComponentUniversalIdentifier: FRONT_COMPONENT_IDS.documentPage,\n          },\n        },\n      ],\n    },\n    {\n      universalIdentifier: 'c31a0100-0009-4000-8000-000000000002',\n      title: 'Timeline',\n      position: 20,\n      icon: 'IconHistory',\n      layoutMode: PageLayoutTabLayoutMode.VERTICAL_LIST,\n      widgets: [\n        {\n          universalIdentifier: 'c31a0100-000a-4000-8000-000000000003',\n          title: 'Timeline',\n          type: 'TIMELINE',\n          configuration: { configurationType: 'TIMELINE' },\n        },\n      ],\n    },\n  ],\n});\n```\n\nWidget types observed: `'FIELDS'`, `'FIELD_RICH_TEXT'` (needs `objectUniversalIdentifier`), `'TIMELINE'`, `'RECORD_TABLE'` (needs `objectUniversalIdentifier`, optionally `configuration.viewUniversalIdentifier`), `'FILES'`, `'FRONT_COMPONENT'`. The project page layout (`a2e-projects/src/page-layouts/project.page-layout.ts`) is the maximal example (5 tabs). A `'RECORD_TABLE'` widget renders whichever view layout it references (table, kanban, etc.), so no extra board component is needed.\n\n### 4c. Navigation menu item — `defineNavigationMenuItem`\n\n`/Users/maxaubert/Projets/A2E Suite/packages/twenty-apps/internal/a2e-documents/src/navigation-menu-items/documents.navigation-menu-item.ts`:\n\n```ts\nimport {\n  defineNavigationMenuItem,\n  NavigationMenuItemType,\n} from 'twenty-sdk/define';\n\nimport { NAVIGATION_MENU_ITEM_IDS, VIEW_IDS } from '../constants/universal-identifiers.ts';\n\nexport default defineNavigationMenuItem({\n  universalIdentifier: NAVIGATION_MENU_ITEM_IDS.documents,\n  name: 'Documents',\n  icon: 'IconNotes',\n  position: 100,\n  type: NavigationMenuItemType.VIEW,\n  viewUniversalIdentifier: VIEW_IDS.allDocuments,\n});\n```\n\nA `NavigationMenuItemType.FOLDER` item omits `viewUniversalIdentifier`; children are `VIEW` items that point back with `folderUniversalIdentifier` (see `a2e-projects/src/navigation-menu-items/my-tasks*.navigation-menu-item.ts`).\n\n### 4d. Command menu item — `defineCommandMenuItem`\n\n`/Users/maxaubert/Projets/A2E Suite/packages/twenty-apps/internal/a2e-documents/src/command-menu-items/create-document.command-menu-item.ts`:\n\n```ts\nimport { defineCommandMenuItem } from 'twenty-sdk/define';\n\nimport { DOCUMENT_BROWSER_FRONT_COMPONENT_UNIVERSAL_IDENTIFIER } from '../front-components/constants.ts';\n\nexport default defineCommandMenuItem({\n  universalIdentifier: 'c31a0000-0011-4000-8000-000000000001',\n  label: 'A2E Documents : créer un document',\n  shortLabel: 'Créer un document',\n  availabilityType: 'GLOBAL',\n  isPinned: true,\n  frontComponentUniversalIdentifier:\n    DOCUMENT_BROWSER_FRONT_COMPONENT_UNIVERSAL_IDENTIFIER,\n});\n```\n\n`availabilityType` is `'GLOBAL'` or `'RECORD_SELECTION'` (the timer command is `RECORD_SELECTION`); `isPinned` is optional. Each command points at a `defineFrontComponent`.\n\n### 4e. Front component (context) — `defineFrontComponent`\n\n`/Users/maxaubert/Projets/A2E Suite/packages/twenty-apps/internal/a2e-documents/src/front-components/document-page.front-component.tsx` (end of file):\n\n```ts\nexport default defineFrontComponent({\n  universalIdentifier: DOCUMENT_PAGE_FRONT_COMPONENT_UNIVERSAL_IDENTIFIER,\n  name: 'document-page',\n  description:\n    'Couverture, plan des titres et sous-pages sur la page d’un document.',\n  component: DocumentPage,\n});\n```\n\nComponents import the Core API binding from `twenty-client-sdk/core` (`new CoreApiClient()`), and React hooks `/ useSelectedRecordIds` from `twenty-sdk/front-component`. Front-component UUIDs are typically declared in `constants/universal-identifiers.ts` (`FRONT_COMPONENT_IDS`); a2e-documents also keeps a single literal in `front-components/constants.ts` — prefer the `FRONT_COMPONENT_IDS` registry (a2e-projects style).\n\n---\n\n## 5. Logic functions and post-install\n\n### 5a. Cron logic function — `defineLogicFunction`\n\n`/Users/maxaubert/Projets/A2E Suite/packages/twenty-apps/internal/a2e-projects/src/logic-functions/purge-trash.logic-function.ts`:\n\n```ts\nimport { defineLogicFunction } from 'twenty-sdk/define';\n\nimport { LOGIC_FUNCTION_IDS } from '../constants/universal-identifiers.ts';\nimport { purgeExpiredTrash } from './handlers/purge-trash-handler.ts';\n\nconst handler = async () => {\n  const result = await purgeExpiredTrash();\n  console.log('[a2e-projects] Corbeille purgée', result);\n  return result;\n};\n\nexport default defineLogicFunction({\n  universalIdentifier: LOGIC_FUNCTION_IDS.purgeTrash,\n  name: 'purge-projects-trash',\n  description:\n    'Purge définitive des projets, jalons, temps et étiquettes archivés depuis plus de 7 jours (miroir du cycle poubelle P3).',\n  timeoutSeconds: 120,\n  cronTriggerSettings: {\n    pattern: '30 3 * * *',\n  },\n  handler,\n});\n```\n\nAn event-triggered function (see `task-human-id.logic-function.ts` and `guard-document-parent-cycle.ts`) uses `eventTriggerSettings` instead of a cron. Logic functions stay thin: business logic lives in `src/lib/*.ts`, the transport/mutation code in `src/logic-functions/handlers/*.ts` (injectable client), and the `.logic-function.ts` file just wires the payload.\n\n### 5b. Post-install — `definePostInstallLogicFunction`\n\n`/Users/maxaubert/Projets/A2E Suite/packages/twenty-apps/internal/a2e-documents/src/logic-functions/post-install.ts` (tail):\n\n```ts\nexport default definePostInstallLogicFunction({\n  universalIdentifier: LOGIC_FUNCTION_IDS.postInstall,\n  name: 'post-install',\n  description:\n    'Prépare A2E Documents : document de bienvenue et bundle de modèles de démarrage (réunion, brief, PRD, entretien).',\n  timeoutSeconds: 120,\n  shouldRunSynchronously: false,\n  handler,\n});\n```\n\nKey requirements visible in both apps:\n- `LOGIC_FUNCTION_IDS.postInstall` must be registered in `universal-identifiers.ts`.\n- The handler must be **idempotent** (reinstall-safe) — a2e-documents diffs existing template titles (`findMissingStarterTemplates`), a2e-projects diffs existing project `key`s (`findMissingStarterProjects`).\n- Client access is `import { CoreApiClient } from 'twenty-client-sdk/core'`; calls are cast `as never` (the generated client is untyped before generation). This pattern recurs everywhere.\n- `shouldRunSynchronously: false` and `shouldRunOnVersionUpgrade` are emitted into `.twenty/output/manifest.json` under `application.postInstallLogicFunction`.\n\n### 5c. Workflow recipe (optional)\n\n`a2e-projects` also has `src/workflow-templates/recurring-task-generator.workflow.ts`. The manifest has no workflow entity; a \"recipe\" is app source data materialized through the native workflow engine, and `workflowActionTriggerSettings` on the logic function is what registers a workflow step. Only needed if chat requires scheduled automations.\n\n---\n\n## 6. Test conventions\n\nTests live in `src/lib/__tests__/*.test.ts` and `src/logic-functions/__tests__/*.test.ts`, run with Node's built-in runner + type stripping:\n\n```\nnode --test --experimental-strip-types \"src/lib/__tests__/*.test.ts\" \"src/logic-functions/__tests__/*.test.ts\"\n```\n\nNode `24.5.0` is required (`--experimental-strip-types` is rejected by Node 20, per `docs/repository-architecture-audit.md` line 638). Test files import with explicit `.ts` extensions.\n\nTwo assertion styles:\n\n1. **Pure-function tests** (`src/lib/__tests__/*.test.ts`): import from `node:assert/strict` and `node:test`, exercise the exported helpers directly. Representative: `/Users/maxaubert/Projets/A2E Suite/packages/twenty-apps/internal/a2e-projects/src/lib/__tests__/trash-retention.test.ts`:\n\n```ts\nimport assert from 'node:assert/strict';\nimport { test } from 'node:test';\n\nimport {\n  TRASH_RETENTION_DAYS,\n  buildArchivePayload,\n  buildRestorePayload,\n  isInTrash,\n  isPastTrashRetention,\n  isRestorable,\n} from '../trash-retention.ts';\n\ntest('the retention window is 7 days, shared by the UI and the cron', () => {\n  assert.equal(TRASH_RETENTION_DAYS, 7);\n});\n\ntest('a live record is not in the corbeille', () => {\n  assert.equal(isInTrash(null), false);\n  assert.equal(isInTrash(undefined), false);\n  assert.equal(isInTrash(''), false);\n  assert.equal(isInTrash('not-a-date'), false);\n});\n// ...\n```\n\n2. **Definition-validation tests** (the manifest graph walk): dynamically `await import()` each declaration module and assert the SDK result envelope. Every `define*` call returns a `DefinitionResult<T>` shaped `{ success: boolean; config: T; errors?: unknown[] }`. The pattern is in `/Users/maxaubert/Projets/A2E Suite/packages/twenty-apps/internal/a2e-projects/src/lib/__tests__/project-object-integrity.test.ts`:\n\n```ts\ntype DefinitionResult<TDefinition> = {\n  success: boolean;\n  config: TDefinition;\n  errors?: unknown[];\n};\n\nconst unwrap = async <TDefinition>(modulePath: string): Promise<TDefinition> => {\n  const module = (await import(modulePath)) as {\n    default: DefinitionResult<TDefinition>;\n  };\n\n  assert.equal(\n    module.default.success,\n    true,\n    `invalid definition: ${modulePath}`,\n  );\n\n  return module.default.config;\n};\n```\n\n`task-field-integrity.test.ts` asserts `module.default.success === true` and walks the whole object/field graph: no duplicate universal identifiers, every relation target object/field resolves, every M2O/O2M pair is symmetric and owned by its target, every label identifier resolves, select option sets kept. `project-object-integrity.test.ts` extends the walk to views, page-layouts, nav items and the role.\n\n`command-availability.test.ts` imports command/logo modules statically and reads `command.success` / `command.config` (not a default import because it imports several). Important: `assert.deepEqual(command.errors, [])`.\n\n3. **Handler tests** (`src/logic-functions/__tests__/*.test.ts`) stub the Core client with a plain object shaped like `Pick<CoreApiClient, 'query' | 'mutation'>`; the generated client is never instantiated (it throws before generation). See `/Users/maxaubert/Projets/A2E Suite/packages/twenty-apps/internal/a2e-projects/src/logic-functions/__tests__/purge-trash-handler.test.ts` and `task-human-id-handler.test.ts`.\n\nCI discovers tests via `package.json` scripts (`.github/workflows/discover-apps.yaml`): `hasTypecheck = Boolean(scripts.typecheck)`, `hasUnit = Boolean(scripts['test:unit'])`, `hasIntegration = Boolean(scripts.test)`. So a new app **must** define `typecheck` and `test:unit` in `package.json` to be exercised by CI. `a2e-documents` currently only gets lint/typecheck in CI (no `test:unit`); do not copy that gap for `a2e-chat`.\n\n---\n\n## 7. package.json scripts and the exact build command\n\nScripts (from `a2e-projects/package.json`):\n\n| Script | Command |\n|---|---|\n| `twenty` | `twenty` |\n| `lint` | `oxlint -c .oxlintrc.json .` |\n| `lint:fix` | `oxlint --fix -c .oxlintrc.json .` |\n| `typecheck` | `tsc --noEmit` |\n| `test:unit` | `node --test --experimental-strip-types \"src/lib/__tests__/*.test.ts\" \"src/logic-functions/__tests__/*.test.ts\"` |\n\nThere is **no `dev:build` script in package.json** — `dev:build` is a subcommand of the `twenty` CLI. The exact build command is run from inside the app directory:\n\n```sh\nnpx twenty dev:build .\n# or equivalently\nyarn twenty dev:build .\n```\n\nFrom the repo root with the built workspace SDK:\n\n```sh\nnode packages/twenty-sdk/dist/cli.cjs dev:build packages/twenty-apps/internal/a2e-chat\n```\n\nPublish/install (from `docs/applications.md` §3, run inside the app dir; `--private` keeps it out of npm):\n\n```sh\nyarn twenty dev:build .\nyarn twenty app:publish . --private --remote scratch\nyarn twenty app:install . --remote scratch\n```\n\n`npx nx lint:diff-with-main a2e-<app>` **does not work** for these apps (they are not Nx projects) — use `yarn lint`/`yarn typecheck`/`yarn test:unit` + `npx twenty dev:build .` as the gates. `npx oxlint --type-aware` is unsupported by the pinned oxlint 0.16.x. Root `.oxfmtrc.jsonc` ignores `**/lib/**`, so formatting lib files needs a lib-inclusive config passed with `-c`.\n\nCI (`.github/workflows/ci-twenty-apps.yaml`) runs, per changed app: `yarn install --immutable`, `yarn lint`, `yarn typecheck` (if present), `yarn test:unit` (if present).\n\n---\n\n## 8. Universal identifier generation, namespacing, and the `c31b*` namespace\n\nThere is **no automatic generator** for app-owned universal identifiers. They are hand-authored, deterministic, and committed forever (the \"additive-only law\"). The two conventions:\n\n### 8a. Toplevel UUIDs generated once\n\n`application.config.ts` `APPLICATION_UNIVERSAL_IDENTIFIER` and the default role's `DEFAULT_FUNCTION_ROLE_UNIVERSAL_IDENTIFIER` are generated with `node -e \"console.log(crypto.randomUUID())\"` and must never change once published/installed. (`README-A2E.md` §2.)\n\n### 8b. App-owned identifiers live in `src/constants/universal-identifiers.ts`\n\nThe namespace scheme is documented in the file header. `a2e-documents` (`c31a`) and `a2e-projects` (`c31b`) use:\n\n```\nc31{app}{OO}00-{KK}00-4000-8000-0000000000{NN}\n```\n\n- `{app}`: `a` = Documents, `b` = Projects.\n- `{OO}`: object index (`00` = app-level, `01` document, `02` project, `03` milestone, `04` projectMember, `05` timeEntry, `06` label, `07` taskLabel; task-extension fields use `01`).\n- `{KK}`: family key:\n  - `0000` object\n  - `0001` own field\n  - `0002` relation field\n  - `0003` view\n  - `0004` view field\n  - `0005` select option\n  - `0006` view sort (and used as view-filter family in a2e-projects)\n  - `0007` view group\n  - `0008` page layout\n  - `0009` page-layout tab\n  - `000a` widget\n  - `0010` navigation menu item\n  - `0011` command menu item\n  - `0012` logic function\n  - `0013` front component\n  - `0014` workflow step (a2e-projects)\n- `{NN}`: trailing counter, hex.\n\n`a2e-projects/src/constants/universal-identifiers.ts` header (verbatim):\n\n```ts\n// Universal identifiers for A2E Projects.\n//\n// One UUIDv4-class identifier per declarable thing, committed forever\n// (additive-only law). The scheme is shaped like A2E Documents' but uses a\n// distinct namespace so both apps install side by side (Documents owns\n// c31a*, Projects owns c31b*):\n// c31b{OO}00-{KK}00-4000-8000-0000000000{NN} where OO is the object index\n// (OBJECT_INDEX below: 02 project, 03 milestone, 04 projectMember,\n// 05 timeEntry, 06 label; 00 = app-level) and KK the family:\n//   0000 object · 0001 own field · 0002 relation field · 0003 view ·\n//   0004 view field · 0005 select option · 0006 view sort ·\n//   0009 page-layout tab · 000a widget · 0010 nav item ·\n//   0011 command menu item · 0012 logic function · 0013 front component\n//\n// Relation identifiers live here so object files never import each other\n// (circular imports resolve to undefined at manifest build time).\n```\n\nThe exported registries (a2e-projects):\n\n```ts\nexport const OBJECT_IDS = {\n  project: 'c31b0200-0000-4000-8000-000000000000',\n  milestone: 'c31b0300-0000-4000-8000-000000000000',\n  projectMember: 'c31b0400-0000-4000-8000-000000000000',\n  timeEntry: 'c31b0500-0000-4000-8000-000000000000',\n  label: 'c31b0600-0000-4000-8000-000000000000',\n  taskLabel: 'c31b0700-0000-4000-8000-000000000000',\n} as const;\n\nexport const RELATION_IDS = { projectLead: 'c31b0200-0002-…0001', /* both sides */ } as const;\nexport const LABEL_IDENTIFIER_IDS = { projectName: 'c31b0200-0001-…0001', /* … */ } as const;\nexport const LOGIC_FUNCTION_IDS = { postInstall: 'c31b0000-0012-…0003', /* … */ } as const;\nexport const TASK_FIELD_IDS = { project: 'c31b0201-0001-…0001', /* standard-task ext fields */ } as const;\nexport const COMMAND_MENU_ITEM_IDS = { createProject: 'c31b0000-0011-…0004', /* … */ } as const;\nexport const NAVIGATION_MENU_ITEM_IDS = { projects: 'c31b0000-0010-…0003', /* … */ } as const;\nexport const FRONT_COMPONENT_IDS = { projectOverview: 'c31b0000-0013-…0006', /* … */ } as const;\nexport const VIEW_IDS = { allProjects: 'c31b0200-0003-…0001', /* … */ } as const;\nexport const OBJECT_INDEX = {\n  milestone: '03', project: '02', projectMember: '04',\n  timeEntry: '05', label: '06', task: '01',\n} as const;\n```\n\nView-field identifiers are **derived positionally**, not listed:\n\n```ts\nexport const viewFieldId = (\n  objectIndex: string,\n  viewIndex: number,\n  position: number,\n): string =>\n  `c31b${objectIndex}00-0004-4000-8000-${viewIndex\n    .toString(16)\n    .padStart(2, '0')}${position.toString(16).padStart(10, '0')}`;\n```\n\na2e-documents' variant is simpler (`viewFieldId(viewIndex, position)` with hardcoded `c31a0100-0004-…`).\n\nThe header comment explains the critical **why**: relation identifiers live in the constants file so object files never import each other — circular imports resolve to `undefined` at manifest build time. Any new relation pair must be declared in `RELATION_IDS` and referenced from both sides.\n\n### 8c. The `c31b*` namespace origin (important for `a2e-chat`)\n\nFrom `docs/plan/phases/phase-04-report.md` (lines 553, 568, 581, 593, 597):\n\n> **Install blocker found and fixed:** the first `app:install` aborted — a2e-projects shared **17 universal identifiers** with A2E Documents (the whole `c31a*` namespace was cloned), so the two apps could never coexist. Approved fix: prefix shift `c31a` → `c31b` across the app (26 files, incl. the generated `viewFieldId` template).\n\nAnd (line 581):\n\n> The `c31b*` namespace and the six live-found API-shape fixes (phase-04 orchestrator entry 2026-09-17) stand.\n\nSo `c31a` = Documents, `c31b` = Projects. `c31c*` is the natural next available `c31*` namespace for `a2e-chat`. `a2e-accounting` deliberately uses a wholly different prefix `b11a*` (it predates/mirrors Bilan's own scheme). `a2e-chat` must pick a namespace that **collides with no committed identifier** in any installed app (Documents/Projects/accounting/real-estate/twenty-partners); `c31c*` is unclaimed in the current tree.\n\n### 8d. Standard object identifier map\n\nThe standard-object map is not per-app; it is `STANDARD_OBJECT_UNIVERSAL_IDENTIFIERS` in `packages/twenty-shared/src/metadata/constants/standard-object-universal-identifiers.constant.ts` (full contents in §3c), re-exported by `twenty-sdk/define`. `packages/twenty-shared/src/metadata/constants/standard-object-fields.constant.ts` maps each standard object's system fields (`createdBy`, etc.), accessed as `STANDARD_OBJECT_UNIVERSAL_IDENTIFIERS.task.fields.createdBy.universalIdentifier`.\n\n---\n\n## 9. `src/lib/` vs `src` root\n\n`src/` root holds only SDK declaration manifests (auto-discovered by the build) plus `application.config.ts`:\n\n- `application.config.ts`, `objects/`, `fields/`, `views/`, `page-layouts/`, `navigation-menu-items/`, `command-menu-items/`, `logic-functions/`, `front-components/`, `roles/`, `workflow-templates/`, and `constants/`.\n- File naming mirrors the entity: `objects/document.object.ts`, `views/all-documents.view.ts`, `page-layouts/document.page-layout.ts`, `navigation-menu-items/documents.navigation-menu-item.ts`, `command-menu-items/create-document.command-menu-item.ts`, `logic-functions/purge-trash.logic-function.ts` (or `post-install.ts`), `front-components/document-page.front-component.tsx`, `roles/default-function.role.ts`, `fields/task-project.field.ts`.\n\n`src/lib/` is the **pure, framework-free, unit-testable business logic layer** — the only place with `__tests__/` co-located, and the only place tests are wired (`src/lib/__tests__/*.test.ts` plus `src/logic-functions/__tests__/*.test.ts`). Its modules never import SDK declaration helpers or React; they are plain TypeScript functions and types. Examples:\n\n| file | responsibility |\n|---|---|\n| `lib/trash-retention.ts` | retention policy as data (`TRASH_RETENTION_DAYS`, `isPastTrashRetention`, payload builders) |\n| `lib/starter-templates.ts` / `lib/starter-projects.ts` | post-install seed content + idempotency diff helpers |\n| `lib/task-human-id.ts` / `lib/task-tree.ts` | pure CAS allocation rules / tree nesting + cycle guards |\n| `lib/project-gantt.ts` / `lib/time-tracker.ts` | pure timeline math / timer state machine + rollups |\n| `lib/document-tree.ts` / `lib/instantiate-template.ts` | tree payload builders / template copy payload |\n| `lib/recurring-task-generator.ts` | pure workflow input validation |\n\nDivision of labor visible throughout: pure rules in `lib/` → thin Core-API code in `logic-functions/handlers/` → declaration/transport wrapper in `logic-functions/*.logic-function.ts`; front components import their pure projection from `lib/` (e.g. `project-overview.front-component.tsx` imports `buildProjectOverviewSummary` from `../lib/project-overview.ts`).\n\n---\n\n## Minimal checklist to scaffold `a2e-chat` (derived, not yet done)\n\nBased on the two references, a new `packages/twenty-apps/internal/a2e-chat/` needs at least:\n\n1. `package.json` (name `a2e-chat`, `twenty-app` keyword, scripts incl. `test:unit`), `tsconfig.json`, `.oxlintrc.json`, `.nvmrc` (`24.5.0`), `.yarnrc.yml` (`nodeLinker: node-modules`), `.gitignore`, and a committed `yarn.lock` after `yarn install`.\n2. `src/application.config.ts` with a **fresh** `APPLICATION_UNIVERSAL_IDENTIFIER`.\n3. `src/roles/default-function.role.ts` with a **fresh** role UUID and least-privilege flags (`canDestroyAllObjectRecords: false`).\n4. `src/constants/universal-identifiers.ts` in an unclaimed namespace (proposed `c31c*`) with `OBJECT_IDS`, `RELATION_IDS`, `LABEL_IDENTIFIER_IDS`, `LOGIC_FUNCTION_IDS`, `COMMAND_MENU_ITEM_IDS`, `NAVIGATION_MENU_ITEM_IDS`, `FRONT_COMPONENT_IDS`, `VIEW_IDS`, and a `viewFieldId` helper.\n5. `src/constants/field-vocabulary.ts` for shared option builders / relation helpers.\n6. At minimum one `src/objects/*.object.ts` (must ship a label identifier field), matching table view(s) in `src/views/`, a record page layout in `src/page-layouts/`, at least one `src/navigation-menu-items/*.navigation-menu-item.ts`, at least two command-menu items (\"Create …\" + \"Go to …\") in `src/command-menu-items/`, and `src/logic-functions/post-install.ts` (idempotent) with an event/cron function as needed. Cross-object and standard-object relations go in `src/fields/*.field.ts`.\n7. `src/lib/*.ts` pure logic + `src/lib/__tests__/*.test.ts` (and optionally `src/logic-functions/__tests__/`) runnable via `yarn test:unit`.\n8. Gates: `yarn lint` → `yarn typecheck` → `yarn test:unit` → `npx twenty dev:build .` (all from the app dir). The `.twenty/` build output is gitignored.\n\nDo not copy `a2e-documents` or `a2e-projects` UUIDs; the phase-04 report records the collision failure that made this an explicit rule.\n</task_result>\n</task>",
      "durationMs": 0
    },
    {
      "id": "subagent_1789710304142_n17x1pt",
      "type": "spawn",
      "timestamp": "2026-09-18T05:45:04.142Z",
      "agentType": "explore",
      "description": "Study twenty-server module pattern",
      "prompt": "I'm working in the A2E Suite monorepo (a Twenty CRM fork) at /Users/maxaubert/Projets/A2E Suite. I need to understand the exact conventions for adding a new server domain module under `packages/twenty-server/src/modules/<name>/` so I can create a `chat` module.\n\nPlease research and report back with concrete file paths, code excerpts, and structure. Be very thorough.\n\nSpecifically:\n1. Look at `packages/twenty-server/src/modules/modules.module.ts` and report exactly how modules are registered/imported.\n2. Pick the simplest existing domain module (e.g. `note` or `task`) and give its full file tree and the contents (or key parts) of:\n   - the `<name>.module.ts`\n   - an entity file (how `@ObjectType`, `@Entity`, `@Column`, `@Field` are used; base entity class; id generation; workspace scoping with `workspaceId`; soft-delete columns)\n   - a GraphQL resolver (decorators used: `@Resolver`, `@Query`, `@Mutation`, `@Args`, guards, pagination), how cursor pagination is done (is there a shared pagination util/type? `cursor`/`first`/`after` args?)\n   - a service\n3. Report how workspace scoping is enforced (workspaceId column, `@AuthWorkspace()`, guards) with a concrete example.\n4. Report how entities get registered with TypeORM (auto-loading globs? `TypeOrmModule.forFeature`? entity metadata modules?).\n5. Report how GraphQL schema files are organized and whether there is a required `*.graphql` file, and how `graphql:generate` works.\n6. Check whether any realtime/subscription GraphQL patterns exist (e.g. `@Subscription`) and where.\n7. Report the exact base entity classes available (e.g. `BaseWorkspaceEntity`, `BaseEntity`) and their import paths, and how `id` uuid columns are defined.\n8. Report how soft-delete is represented (`deletedAt` column) and whether there's a `@DeleteDateColumn` pattern.\n\nReturn a detailed structured report with file paths and code snippets. Do not modify any files."
    },
    {
      "id": "subagent_1789710304142_n17x1pt",
      "type": "error",
      "timestamp": "2026-09-18T05:45:04.142Z",
      "agentType": "explore",
      "description": "Study twenty-server module pattern",
      "errorMessage": "<task id=\"ses_f4cf86698ffeUxivaGxP3PJdIA\" state=\"completed\">\n<task_result>\nI have completed the research. Here is the detailed report.\n\n---\n\n# A2E Suite / Twenty server — conventions for adding a domain module (for a `chat` module)\n\n## 0. Critical framing: there are TWO entity systems in this repo\n\nThis is Twenty 2.39 (`packages/twenty-server/src/engine/core-modules/upgrade/constants/twenty-current-version.constant.ts`). Before writing any code, understand that the repo has two distinct persistence patterns, and your `chat` module must pick one per table:\n\n| | CRM/product objects (\"standard objects\") | Platform/instance tables |\n|---|---|---|\n| Definition | plain class in `src/modules/<domain>/standard-objects/*.workspace-entity.ts` extending `BaseWorkspaceEntity` | TypeORM class with `@Entity`, `@Column`, etc. under `src/engine/core-modules/**` or `src/engine/metadata-modules/**` |\n| Storage | **per-workspace Postgres schema** (`getWorkspaceSchemaName(workspaceId)`) | single `core` schema, rows carry `workspaceId` |\n| Registration | metadata DB rows provisioned from `twenty-shared` catalog + server builders | TypeORM glob auto-load (`core.datasource.ts`) + `TypeOrmModule.forFeature` in the module |\n| GraphQL CRUD | auto-generated from metadata (`WorkspaceSchemaFactory`) | hand-written resolvers |\n| Scoping | workspace schema + permissions in `WorkspaceRepository` (no `workspaceId` column) | explicit `workspaceId` column + `WorkspaceScopedRepository` (or `WorkspaceRelatedEntity` base) |\n| Soft delete | `deletedAt` field metadata; `WorkspaceRepository.softDelete/restore` | `@DeleteDateColumn` or a `deletedAt timestamptz` column |\n\n`note`/`task`/`company`/`person` are **standard objects** — they have no `@Entity`/`@Column`/`@Resolver`. A `chat` product object should be defined via the app SDK / standard-object catalog, while a server-domain module holds behavior (services, resolvers, query hooks, realtime).\n\nThe repo's own guidance codifies this: `docs/plan/04-twenty-native-law.md` §0 and §3 (`server domain-modules → module behavior (chat service, accounting jobs)`; \"Hand-written TypeORM entity unless server logic demands it (then domain module + upgrade command)\"). Also `docs/plan/03-integration-blueprint.md` §4 defines the realtime `chat` topic.\n\n---\n\n## 1. `src/modules/modules.module.ts` — registration\n\nFile: `/Users/maxaubert/Projets/A2E Suite/packages/twenty-server/src/modules/modules.module.ts` (22 lines)\n\n```ts\n@Module({\n  imports: [\n    MessagingModule,\n    CalendarModule,\n    ConnectedAccountModule,\n    OnboardingInviteSuggestionsModule,\n    WorkflowModule,\n    WorkspaceMemberModule,\n  ],\n  providers: [],\n  exports: [],\n})\nexport class ModulesModule {}\n```\n\n`ModulesModule` is imported by `/Users/maxaubert/Projets/A2E Suite/packages/twenty-server/src/app.module.ts` (line 66).\n\n**But** domain modules that contribute **GraphQL resolvers** are registered differently — in `CoreEngineModule`:\n`/Users/maxaubert/Projets/A2E Suite/packages/twenty-server/src/engine/core-modules/core-engine.module.ts` imports e.g. `SendEmailModule` (line 86/143), `CreateCalendarEventModule` (83/144), `CallRecordingModule` (84/145), `DashboardModule` (85/183), `EmailingModule` (35/125), `MessagingWebhooksModule`, `ChannelSyncModule`.\n\nWhy it matters: resolvers are discovered by scope. In `/Users/maxaubert/Projets/A2E Suite/packages/twenty-server/src/engine/api/graphql/graphql-config/graphql-config.service.ts`:\n\n```ts\nconst config: YogaDriverConfig = {\n  autoSchemaFile: true,\n  include: [CoreEngineModule],\n  resolverSchemaScope: 'core',\n  ...\n};\n```\n\n`ResolversExplorerService` (node_modules/@nestjs/graphql) walks the `include` module's transitive imports and keeps only resolvers whose metadata scope matches. There are three decorators:\n\n- `@CoreResolver()` → `resolver-schema-scope 'core'` → `POST /graphql` (`src/engine/api/graphql/graphql-config/decorators/core-resolver.decorator.ts`)\n- `@MetadataResolver()` → `'metadata'` → `POST /metadata` (`.../metadata-resolver.decorator.ts`)\n- `@AdminResolver()` → `'admin'` (`.../admin-resolver.decorator.ts`)\n\nThe metadata endpoint's `include: [MetadataGraphQLApiModule]` transitively reaches `CoreEngineModule` (`metadata-graphql-api.module.ts` → `GraphQLConfigModule` → `CoreEngineModule`), which is how domain-module `@MetadataResolver`s get onto `/metadata`.\n\n**Every resolver under `src/modules/**` is `@MetadataResolver`** (verified: calendar, call-recording, channel-sync, dashboard, emailing, send-email). So:\n\n- Behavior-only domain module → add to `ModulesModule` (or be spawned by an existing one).\n- Domain module exposing a GraphQL resolver → add its module to `CoreEngineModule.imports`, and mark the resolver `@MetadataResolver`.\n- Query hooks → registered in `/Users/maxaubert/Projets/A2E Suite/packages/twenty-server/src/engine/api/graphql/workspace-query-runner/workspace-query-hook/workspace-query-hook.module.ts` (imports `NoteQueryHookModule`, `TaskQueryHookModule`, …). Add a `ChatQueryHookModule` there.\n\n---\n\n## 2. Simplest domain module: `note` — full tree and contents\n\nFull tree (`find`):\n```\npackages/twenty-server/src/modules/note/\n  query-hooks/\n    note-delete-many.post-query.hook.ts\n    note-delete-one.post-query.hook.ts\n    note-post-query-hook.service.ts\n    note-query-hook.module.ts\n    note-restore-many.post-query.hook.ts\n    note-restore-one.post-query.hook.ts\n  standard-objects/\n    note-target.workspace-entity.ts\n    note.workspace-entity.ts\n```\n(No `<name>.module.ts`, resolver, or service: those live in the shared `WorkspaceQueryHookModule` and in the metadata engine.)\n\n### 2a. The standard-object workspace entity (no decorators)\n\n`/Users/maxaubert/Projets/A2E Suite/packages/twenty-server/src/modules/note/standard-objects/note.workspace-entity.ts`:\n\n```ts\nimport { type ActorMetadata, type RichTextMetadata } from 'twenty-shared/types';\n\nimport { BaseWorkspaceEntity } from 'src/engine/twenty-orm/base.workspace-entity';\nimport { type EntityRelation } from 'src/engine/workspace-manager/workspace-migration/types/entity-relation.interface';\nimport { type AttachmentWorkspaceEntity } from 'src/modules/attachment/standard-objects/attachment.workspace-entity';\nimport { type NoteTargetWorkspaceEntity } from 'src/modules/note/standard-objects/note-target.workspace-entity';\nimport { type TimelineActivityWorkspaceEntity } from 'src/modules/timeline/standard-objects/timeline-activity.workspace-entity';\n\nexport class NoteWorkspaceEntity extends BaseWorkspaceEntity {\n  position: number;\n  title: string;\n  bodyV2: RichTextMetadata | null;\n  createdBy: ActorMetadata;\n  updatedBy: ActorMetadata;\n  noteTargets: EntityRelation<NoteTargetWorkspaceEntity[]>;\n  attachments: EntityRelation<AttachmentWorkspaceEntity[]>;\n  timelineActivities: EntityRelation<TimelineActivityWorkspaceEntity[]>;\n  searchVector: string;\n}\n```\n\n`note-target.workspace-entity.ts` shows polymorphic relations:\n```ts\nexport class NoteTargetWorkspaceEntity extends BaseWorkspaceEntity {\n  note: EntityRelation<NoteWorkspaceEntity> | null;\n  noteId: string | null;\n  targetPerson: EntityRelation<PersonWorkspaceEntity> | null;\n  targetPersonId: string | null;\n  ...\n  custom: EntityRelation<CustomWorkspaceEntity>;\n}\n```\n\nNote there are **no `@ObjectType`, `@Entity`, `@Column`, `@Field`, no `id`, no `workspaceId`, no `createdAt/deletedAt`** on the class — those come from `BaseWorkspaceEntity` and from field metadata.\n\nThe **field-level metadata** (id, createdAt, updatedAt, deletedAt, title, bodyV2, searchVector, relations) is declared server-side in:\n`/Users/maxaubert/Projets/A2E Suite/packages/twenty-server/src/engine/workspace-manager/twenty-standard-application/utils/field-metadata/compute-note-standard-flat-field-metadata.util.ts`\n\nRepresentative excerpt (system fields + a normal field + relation):\n```ts\nexport const buildNoteStandardFlatFieldMetadatas = ({ ... }) => ({\n  id: createStandardFieldFlatMetadata({\n    objectName, workspaceId,\n    context: {\n      fieldName: 'id',\n      type: FieldMetadataType.UUID,\n      label: i18nLabel(msg({ message: `Id`, context: 'fieldMetadata.label' })),\n      icon: 'Icon123',\n      isSystem: true, isNullable: false, isUIEditable: false,\n      defaultValue: 'uuid',\n    }, ...\n  }),\n  deletedAt: createStandardFieldFlatMetadata({\n    context: {\n      fieldName: 'deletedAt',\n      type: FieldMetadataType.DATE_TIME,\n      isSystem: true, isNullable: true, isUIEditable: false,\n      settings: { displayFormat: DateDisplayFormat.RELATIVE },\n    }, ...\n  }),\n  bodyV2: createStandardFieldFlatMetadata({\n    context: { fieldName: 'bodyV2', type: FieldMetadataType.RICH_TEXT, ... }\n  }),\n  noteTargets: createStandardRelationFieldFlatMetadata({\n    context: {\n      type: FieldMetadataType.RELATION, fieldName: 'noteTargets',\n      targetObjectName: 'noteTarget', targetFieldName: 'note',\n      settings: { relationType: RelationType.ONE_TO_MANY },\n      ...\n    }, ...\n  }),\n});\n```\n\nThe **object-level metadata** (nameSingular/namePlural/labels/icon/searchable/shortcut) is in:\n`/Users/maxaubert/Projets/A2E Suite/packages/twenty-server/src/engine/workspace-manager/twenty-standard-application/utils/object-metadata/create-standard-flat-object-metadata.util.ts`:\n```ts\nnote: ({ now, workspaceId, ... }) =>\n  createStandardObjectFlatMetadata({\n    objectName: 'note',\n    context: {\n      universalIdentifier: STANDARD_OBJECTS.note.universalIdentifier,\n      nameSingular: 'note',\n      namePlural: 'notes',\n      labelSingular: i18nLabel(msg({ message: `Note`, context: 'objectMetadata.labelSingular' })),\n      labelPlural: i18nLabel(msg({ message: `Notes`, context: 'objectMetadata.labelPlural' })),\n      icon: 'IconNotes',\n      isSearchable: true,\n      shortcut: 'N',\n      labelIdentifierFieldMetadataName: 'title',\n    }, ...\n  }),\n```\nThe map is aggregated by `/Users/maxaubert/Projets/A2E Suite/packages/twenty-server/src/engine/workspace-manager/twenty-standard-application/utils/object-metadata/build-standard-flat-object-metadata-maps.util.ts`.\n\nThe **cross-package single source of truth** for IDs and fields is in `twenty-shared`:\n- `/Users/maxaubert/Projets/A2E Suite/packages/twenty-shared/src/metadata/constants/standard-object-universal-identifiers.constant.ts` (`note: '20202020-0b00-45cd-b6f6-6cd806fc6804'`)\n- `/Users/maxaubert/Projets/A2E Suite/packages/twenty-shared/src/metadata/constants/standard-object-fields.constant.ts`\n- `/Users/maxaubert/Projets/A2E Suite/packages/twenty-shared/src/metadata/constants/standard-object.constant.ts` (`STANDARD_OBJECTS.note = { universalIdentifier, fields, indexes, views }`)\n- `AllStandardObjectName = keyof typeof STANDARD_OBJECTS` at `.../types/all-standard-object-name.type.ts`\n\nAdding a standard object therefore means editing both the shared catalog and the server builders (plus specs such as `standard-metadata-label-catalog.spec.ts`, `standard-field-writability.spec.ts`, `standard-object-readability.spec.ts`). **For chat, prefer shipping objects via the app SDK (`packages/twenty-apps/internal/a2e-chat`) unless the object is truly core.**\n\n### 2b. Query-hook module/service (the \"module\" for a standard object)\n\n`/Users/maxaubert/Projets/A2E Suite/packages/twenty-server/src/modules/note/query-hooks/note-query-hook.module.ts`:\n```ts\n@Module({\n  providers: [\n    NotePostQueryHookService,\n    NoteDeleteManyPostQueryHook,\n    NoteDeleteOnePostQueryHook,\n    NoteRestoreManyPostQueryHook,\n    NoteRestoreOnePostQueryHook,\n  ],\n})\nexport class NoteQueryHookModule {}\n```\n\n`note-delete-one.post-query.hook.ts`:\n```ts\n@Injectable()\n@WorkspaceQueryHook({ key: `note.deleteOne`, type: WorkspaceQueryHookType.POST_HOOK })\nexport class NoteDeleteOnePostQueryHook implements WorkspacePostQueryHookInstance {\n  constructor(private readonly notePostQueryHookService: NotePostQueryHookService) {}\n  async execute(authContext, _objectName, payload: NoteWorkspaceEntity[]): Promise<void> {\n    await this.notePostQueryHookService.handleNoteTargetsDelete(authContext, payload);\n  }\n}\n```\n\n`note-post-query-hook.service.ts` (shows ORM usage + soft delete/restore):\n```ts\n@Injectable()\nexport class NotePostQueryHookService {\n  constructor(private readonly workspaceOrmManager: WorkspaceOrmManager) {}\n\n  async handleNoteTargetsDelete(authContext, payload) {\n    const workspace = authContext.workspace;\n    assertIsDefinedOrThrow(workspace, WorkspaceNotFoundDefaultError);\n\n    await this.workspaceOrmManager.executeInWorkspaceContext(async () => {\n      const noteTargetRepository =\n        this.workspaceOrmManager.getRepository<NoteTargetWorkspaceEntity>('noteTarget');\n      await noteTargetRepository.softDelete({ noteId: In(payload.map((n) => n.id)) });\n    }, authContext);\n  }\n  // handleNoteTargetsRestore -> noteTargetRepository.restore(...)\n}\n```\n`WorkspaceOrmManager` is at `/Users/maxaubert/Projets/A2E Suite/packages/twenty-server/src/engine/twenty-orm/workspace-orm.manager.ts` (`getRepository`, `runInWorkspaceTransaction`, `executeInWorkspaceContext`).\n\n### 2c. A real resolver + service example (for behavior beyond metadata CRUD)\n\nModule: `/Users/maxaubert/Projets/A2E Suite/packages/twenty-server/src/modules/messaging/message-outbound-manager/send-email.module.ts`\n```ts\n@Module({\n  imports: [FileEmailAttachmentModule, ToolModule, MessagingSendManagerModule,\n            ConnectedAccountMetadataModule, PermissionsModule],\n  providers: [SendEmailResolver],\n})\nexport class SendEmailModule {}\n```\n\nResolver: `/Users/maxaubert/Projets/A2E Suite/packages/twenty-server/src/modules/messaging/message-outbound-manager/resolvers/send-email.resolver.ts`\n```ts\n@MetadataResolver()\n@UsePipes(ResolverValidationPipe)\n@UseFilters(AuthGraphqlApiExceptionFilter)\n@UseGuards(\n  WorkspaceAuthGuard,\n  SettingsPermissionGuard(PermissionFlagType.SEND_EMAIL_TOOL),\n)\nexport class SendEmailResolver {\n  constructor(\n    private readonly connectedAccountMetadataService: ConnectedAccountMetadataService,\n    private readonly emailComposerService: EmailComposerService,\n    private readonly fileEmailAttachmentService: FileEmailAttachmentService,\n    private readonly sendEmailService: SendEmailService,\n  ) {}\n\n  @Mutation(() => SendEmailOutputDTO)\n  async sendEmail(\n    @Args('input') input: SendEmailInput,\n    @AuthWorkspace() workspace: WorkspaceEntity,\n    @AuthUserWorkspaceId() userWorkspaceId: string,\n  ): Promise<SendEmailOutputDTO> { ... }\n}\n```\n\nA very similar mutation exists at `/Users/maxaubert/Projets/A2E Suite/packages/twenty-server/src/modules/calendar/calendar-event-creation-manager/resolvers/create-calendar-event.resolver.ts`.\n\n### 2d. Why note/task had no `*.module.ts` before\n\nThe `note` module today only needs metadata + query hooks; its GraphQL CRUD is auto-generated. Do not invent a `NoteModule` that duplicates metadata CRUD.\n\n---\n\n## 3. Workspace scoping\n\n### Standard objects (per-workspace schema) — no `workspaceId` column\nTable shape resolves `schemaName: getWorkspaceSchemaName(workspaceId)`:\n`/Users/maxaubert/Projets/A2E Suite/packages/twenty-server/src/engine/twenty-orm/table-shape/utils/build-workspace-table-shape.util.ts` (line 121). The schema is selected via `WorkspaceDataSource` / `WorkspaceOrmManager`, which load the workspace auth context and permission maps:\n`/Users/maxaubert/Projets/A2E Suite/packages/twenty-server/src/engine/twenty-orm/workspace-orm.manager.ts` (lines 100-143 `loadWorkspaceContext`). Permission enforcement lives in `WorkspaceRepository` (`.../repository/workspace-repository.ts`), methods `find/findOne/insert/update/delete/softDelete/restore`, with `applyWriteRowLevelPermissions` and `validateRLSPredicatesForRecords`.\n\n`WorkspaceAuthGuard` (`/Users/maxaubert/Projets/A2E Suite/packages/twenty-server/src/engine/guards/workspace-auth.guard.ts`) only asserts `request.workspace` exists. `@AuthWorkspace()` (`/Users/maxaubert/Projets/A2E Suite/packages/twenty-server/src/engine/decorators/auth/auth-workspace.decorator.ts`) reads it off the request:\n```ts\nexport const AuthWorkspace = createParamDecorator((options, ctx) => {\n  const request = getRequest(ctx);\n  if (!options?.allowUndefined && !request.workspace) {\n    throw new InternalServerErrorException(...);\n  }\n  return request.workspace;\n});\n```\nUsage: `@AuthWorkspace() workspace: WorkspaceEntity` (or destructured `{ id: workspaceId }`). Companion decorators: `AuthUserWorkspaceId`, `AuthWorkspaceMemberId` in the same folder.\n\n### Core-schema tables — explicit `workspaceId` enforced by `WorkspaceScopedRepository`\nBase: `/Users/maxaubert/Projets/A2E Suite/packages/twenty-server/src/engine/workspace-manager/types/workspace-related-entity.ts`\n```ts\nexport abstract class WorkspaceRelatedEntity {\n  @Column({ nullable: false, type: 'uuid' })\n  workspaceId: string;\n\n  @ManyToOne('WorkspaceEntity', { onDelete: 'CASCADE' })\n  @JoinColumn({ name: 'workspaceId' })\n  workspace: Relation<WorkspaceEntity>;\n}\n```\nRepository: `/Users/maxaubert/Projets/A2E Suite/packages/twenty-server/src/engine/twenty-orm/workspace-scoped-repository/workspace-scoped-repository.ts`. **Every method takes `workspaceId` as first argument and merges it into the WHERE clause**:\n```ts\nfindOne(workspaceId: string, options: FindOneOptions<T>): Promise<T | null> {\n  this.assertWorkspaceId(workspaceId);\n  return this.repository.findOne({ ...options, where: this.mergeWorkspaceIdIntoWhere(workspaceId, options.where) });\n}\n```\nIt deliberately omits `save/saveMany/softRemove/recover/remove` (comment lines 181-187) because TypeORM would key only on the PK and could cross workspaces. `prependWorkspaceId` throws if you pass `workspaceId` yourself.\n\nSetup requires `TypeOrmModule.forFeature([entity])` plus:\n```ts\nprovideWorkspaceScopedRepository(AgentChatThreadEntity)\n```\nand injection:\n```ts\n@InjectWorkspaceScopedRepository(AgentChatThreadEntity)\nprivate readonly threadRepository: WorkspaceScopedRepository<AgentChatThreadEntity>,\n```\n(see `/Users/maxaubert/Projets/A2E Suite/packages/twenty-server/src/engine/metadata-modules/ai/ai-chat/ai-chat.module.ts` lines 47-52, 86-90).\n\n---\n\n## 4. Entity registration with TypeORM\n\n### Core (instance) tables\n`/Users/maxaubert/Projets/A2E Suite/packages/twenty-server/src/database/typeorm/core/core.datasource.ts`:\n```ts\nexport const typeORMCoreModuleOptions: TypeOrmModuleOptions = {\n  url: process.env.PG_DATABASE_URL,\n  type: 'postgres',\n  schema: 'core',\n  entities:\n    process.env.IS_BILLING_ENABLED === 'true'\n      ? [\n          `${isJest ? 'src/' : 'dist/'}engine/core-modules/**/*.entity{.ts,.js}`,\n          `${isJest ? 'src/' : 'dist/'}engine/metadata-modules/**/*.entity{.ts,.js}`,\n        ]\n      : [\n          `${isJest ? 'src/' : 'dist/'}engine/core-modules/**/!(billing-*).entity.{ts,js}`,\n          `${isJest ? 'src/' : 'dist/'}engine/metadata-modules/**/*.entity{.ts,.js}`,\n        ],\n  synchronize: false,\n  migrations: ... legacy-typeorm-migrations-do-not-add ...,\n};\n```\nWired in `/Users/maxaubert/Projets/A2E Suite/packages/twenty-server/src/database/typeorm/typeorm.module.ts` via `TypeOrmModule.forRootAsync`.\n\n**Key consequence for chat:** the auto-load globs only cover `engine/core-modules/**` and `engine/metadata-modules/**`. There are **zero** `*.entity.ts` files under `src/modules/**` (verified). So a TypeORM entity placed at `src/modules/chat/entities/chat-message.entity.ts` would **not** be loaded by the core DataSource. Precedents:\n- `AgentChatThreadEntity` etc. live under `src/engine/metadata-modules/ai/...` and are loaded by the glob, then pulled into `AiChatModule` with `TypeOrmModule.forFeature`.\n- Domain modules such as `connected-account.module.ts` use `TypeOrmModule.forFeature([ConnectedAccountEntity, UserWorkspaceEntity])` where those entities are defined under `engine/`.\n\nThere is **no legacy TypeORM migration path anymore**: `core.datasource.ts` comment lines 60-64 says the migration system is frozen; new schema changes go through generated instance commands (`npx nx run twenty-server:database:migrate:generate --name <name> --type <fast|slow>`), auto-registered in `instance-commands.constant.ts` (see `/Users/maxaubert/Projets/A2E Suite/packages/twenty-server/docs/UPGRADE_COMMANDS.md`).\n\n### Workspace tables (metadata objects)\nNot TypeORM-decorated. Registered by metadata provisioning: the builders under `.../twenty-standard-application/...` produce flat metadata maps that are synced into each workspace. Runtime queries go through `WorkspaceOrmManager.getRepository(...)` / `WorkspaceDataSourceService`.\n\n### `TypeOrmModule.forFeature` usage\n`grep -l \"TypeOrmModule.forFeature\" src/modules` finds many (onboarding-invite-suggestions, channel-sync, calendar-common, emailing, workspace-member query-hooks, etc.). But again, all entity classes they reference live under `engine/`, not `src/modules/`.\n\n---\n\n## 5. GraphQL schema organization and `graphql:generate`\n\n- **There are no per-module `*.graphql` schema files in `twenty-server`.** The only `.graphql` files in the repo are:\n  - `packages/twenty-client-sdk/src/metadata/generated/schema.graphql`\n  - `packages/twenty-client-sdk/src/generate/__tests__/upstream-3.0.5/fixture/{,generated/}schema.graphql`\n  - `packages/twenty-utils/graphql-introspection-query.graphql`\n- The server is **code-first** (`autoSchemaFile: true` in `graphql-config.service.ts`, `metadata.module-factory.ts`, `admin-panel.module-factory.ts`). Resolver/DTO decorators (`@ObjectType`, `@Field`, `@Args`, `@ArgsType`, `@InputType`, `@Mutation`, `@Query`, `@Subscription`) produce the schema.\n- The **CRM object schema is built at runtime from metadata**: `/Users/maxaubert/Projets/A2E Suite/packages/twenty-server/src/engine/api/graphql/workspace-schema.factory.ts` calls `WorkspaceGraphqlSchemaSDLService.getOrComputeSchemaSDL(...)` then `makeExecutableSchema` with auto-generated resolvers from `WorkspaceResolverFactory`. SDL is cached per workspace/metadata version.\n- `graphql:generate` is a **frontend** target, not server. `/Users/maxaubert/Projets/A2E Suite/packages/twenty-front/project.json` (lines 252-270):\n  ```json\n  \"graphql:generate\": {\n    \"executor\": \"nx:run-commands\",\n    \"defaultConfiguration\": \"data\",\n    \"options\": { \"cwd\": \"{projectRoot}\", \"command\": \"dotenv graphql-codegen -- --config={args.config}\" },\n    \"configurations\": { \"data\": { \"config\": \"codegen.cjs\" }, \"metadata\": { \"config\": \"codegen-metadata.cjs\" }, \"admin\": { \"config\": \"codegen-admin.cjs\" } }\n  }\n  ```\n  `/Users/maxaubert/Projets/A2E Suite/packages/twenty-front/codegen.cjs` introspects a **running** server:\n  ```js\n  schema: (process.env.REACT_APP_SERVER_BASE_URL ?? 'http://localhost:3000') + '/graphql',\n  generates: { './src/generated/graphql.ts': { plugins: ['typescript','typescript-operations','typed-document-node'], ... } }\n  ```\n  So after adding/changing a server resolver you must run a live server and regenerate the three configs (`data`, `metadata`, `admin`) — CI checks this (`/Users/maxaubert/Projets/A2E Suite/.github/workflows/ci-server.yaml` lines 209-214).\n\n**Custom DTO/resolver pattern for a chat module** (copy `search`):\n- `@ArgsType()` class with `@Field(() => String)`, `@Field(() => Int)`, class-validator decorators — `/Users/maxaubert/Projets/A2E Suite/packages/twenty-server/src/engine/core-modules/search/dtos/search-args.ts`.\n- `@ObjectType()` connection/edge/pageInfo DTOs — `search-result-connection.dto.ts`, `search-result-edge.dto.ts`, `search-result-page-info.dto.ts`.\n- Resolver — `search.resolver.ts` (shown above), with `@CoreResolver()` + `@UseGuards(WorkspaceAuthGuard, CustomPermissionGuard)` + `@UsePipes(ResolverValidationPipe)` + `@UseFilters(...)`.\n\nFor system enums, use `UUIDScalarType` / `ConnectionCursorScalarType` from `src/engine/api/graphql/workspace-schema-builder/graphql-types/scalars`.\n\n---\n\n## 6. Realtime / subscriptions\n\n### GraphQL subscriptions (4 exist)\n```\nsrc/engine/metadata-modules/logic-function/logic-function.resolver.ts:231\nsrc/engine/metadata-modules/ai/ai-chat/resolvers/agent-chat-subscription.resolver.ts:40\nsrc/engine/subscriptions/event-stream.resolver.ts:55\nsrc/engine/core-modules/event-logs/event-logs-live.resolver.ts:55\n```\n\nThe closest chat precedent is `/Users/maxaubert/Projets/A2E Suite/packages/twenty-server/src/engine/metadata-modules/ai/ai-chat/resolvers/agent-chat-subscription.resolver.ts`:\n```ts\n@MetadataResolver()\n@UseGuards(WorkspaceAuthGuard, UserAuthGuard)\n@UseInterceptors(AiGraphqlApiExceptionInterceptor)\nexport class AgentChatSubscriptionResolver {\n  constructor(\n    private readonly subscriptionService: SubscriptionService,\n    private readonly agentChatStreamingService: AgentChatStreamingService,\n    @InjectWorkspaceScopedRepository(AgentChatThreadEntity)\n    private readonly threadRepository: WorkspaceScopedRepository<AgentChatThreadEntity>,\n  ) {}\n\n  @Subscription(() => AgentChatEventDTO, {\n    filter: (payload, variables) => payload.onAgentChatEvent.threadId === variables.threadId,\n  })\n  @UseGuards(SettingsPermissionGuard(PermissionFlagType.AI))\n  async onAgentChatEvent(@Args('threadId', { type: () => UUIDScalarType }) threadId: string, ...) {\n    // authorize, then\n    const iterator = await this.subscriptionService.subscribeToAgentChat({ workspaceId, threadId });\n    return wrapAsyncIteratorWithLifecycle(iterator, { initialValue: keepalivePayload, onHeartbeat, heartbeatIntervalMs });\n  }\n}\n```\nNote: subscription resolvers MUST be singleton (not request/transient scoped) — enforced with an error log in `@nestjs/graphql`.\n\nSupporting infra:\n- `/Users/maxaubert/Projets/A2E Suite/packages/twenty-server/src/engine/subscriptions/subscription.service.ts` (`subscribeToAgentChat`, `publishToAgentChat`, `publishToEventStream`)\n- `/Users/maxaubert/Projets/A2E Suite/packages/twenty-server/src/engine/subscriptions/event-stream.resolver.ts`\n- `WorkspaceEventBroadcaster` — `/Users/maxaubert/Projets/A2E Suite/packages/twenty-server/src/engine/subscriptions/workspace-event-broadcaster/workspace-event-broadcaster.service.ts`\n\n### Realtime gateway (WebSocket/Redis, not GraphQL)\n`/Users/maxaubert/Projets/A2E Suite/packages/twenty-server/src/engine/core-modules/realtime-gateway/` — `services/realtime-gateway.service.ts`, `realtime-publisher.service.ts`, `presence.service.ts`, `realtime-topic-authorization.service.ts`.\n\nTopic grammar is already chat-aware (`.../utils/parse-realtime-topic.util.ts`):\n```ts\n// Topics: workspace:<id>[:kind:scope...]\nswitch (kind) {\n  case 'presence': return { kind: 'presence', workspaceId };\n  case 'chat':     return { kind: 'workspace', workspaceId, channelId: rest[0] };\n  case 'inbox':    return { kind: 'inbox', workspaceId, userId: rest[0] };\n  case 'object':   return { kind: 'object', workspaceId, objectNameSingular, recordId };\n}\n```\nACL today (`realtime-topic-authorization.service.ts`): workspace match always; inbox is user-scoped; **chat channel ACLs are not yet enforced** (only workspace membership). Per `docs/plan/03-integration-blueprint.md` §4, chat/presence topics target `workspace:<id>:chat:<channelId>` / `workspace:<id>:presence`. Note the `prd.json` deferred item: \"bullet-3 record/channel ACLs (P0.3 scope decision defers until object:/chat: publishers exist)\".\n\n---\n\n## 7. Base entity classes and `id` / uuid columns\n\n### For workspace entities\n`/Users/maxaubert/Projets/A2E Suite/packages/twenty-server/src/engine/twenty-orm/base.workspace-entity.ts`:\n```ts\nexport abstract class BaseWorkspaceEntity {\n  id: string;\n  createdAt: string;\n  updatedAt: string;\n  deletedAt: string | null;\n}\n```\n`/Users/maxaubert/Projets/A2E Suite/packages/twenty-server/src/engine/twenty-orm/custom.workspace-entity.ts` — `CustomWorkspaceEntity extends BaseWorkspaceEntity` (used by polymorphic target objects).\n\nThere is **no uuid decorator** here; `id` is a plain property. The `id` column is created from field metadata (`FieldMetadataType.UUID`, `defaultValue: 'uuid'`, see `compute-note-standard-flat-field-metadata.util.ts` lines 29-49).\n\n`EntityRelation<T>` is just `type EntityRelation<T> = T` (`/Users/maxaubert/Projets/A2E Suite/packages/twenty-server/src/engine/workspace-manager/workspace-migration/types/entity-relation.interface.ts`), used to dodge circular-import reflection.\n\n### For core TypeORM entities\n- `WorkspaceRelatedEntity` (`/Users/maxaubert/Projets/A2E Suite/packages/twenty-server/src/engine/workspace-manager/types/workspace-related-entity.ts`) — adds `workspaceId` + `workspace`.\n- `SyncableEntity extends WorkspaceRelatedEntity` (`/Users/maxaubert/Projets/A2E Suite/packages/twenty-server/src/engine/workspace-manager/types/syncable-entity.interface.ts`) — adds `universalIdentifier` + `applicationId`, with `@Index(['workspaceId','universalIdentifier'], { unique: true })`.\n\nUUID id column pattern (`/Users/maxaubert/Projets/A2E Suite/packages/twenty-server/src/engine/core-modules/api-key/api-key.entity.ts`):\n```ts\n@Index('IDX_API_KEY_WORKSPACE_ID', ['workspaceId'])\n@Entity({ name: 'apiKey', schema: 'core' })\n@ObjectType('ApiKey')\nexport class ApiKeyEntity extends WorkspaceRelatedEntity {\n  @Field(() => UUIDScalarType)\n  @PrimaryGeneratedColumn('uuid')\n  id: string;\n  ...\n  @Field(() => Date)\n  @CreateDateColumn({ type: 'timestamptz' })\n  createdAt: Date;\n\n  @Field(() => Date)\n  @UpdateDateColumn({ type: 'timestamptz' })\n  updatedAt: Date;\n}\n```\n`UUIDScalarType` import path: `src/engine/api/graphql/workspace-schema-builder/graphql-types/scalars`.\n\n---\n\n## 8. Soft delete\n\n### Workspace entities\n- `BaseWorkspaceEntity.deletedAt: string | null` is the only declaration.\n- The actual column exists only if the `deletedAt` **field metadata** is declared (system field; e.g. `compute-note-standard-flat-field-metadata.util.ts` lines 105-132). `buildWorkspaceTableShape` computes `hasDeletedAtColumn` (line 126).\n- API: `WorkspaceRepository.softDelete(criteria)` / `restore(criteria)` (lines 649/663 of `workspace-repository.ts`), used in the note hook service above.\n\n### Core entities\nTwo patterns:\n- `@DeleteDateColumn({ type: 'timestamptz' })` — e.g. `/Users/maxaubert/Projets/A2E Suite/packages/twenty-server/src/engine/metadata-modules/webhook/entities/webhook.entity.ts` lines 40-41.\n- Plain nullable column + repository `softDelete` — e.g. `AgentChatThreadEntity` (`/Users/maxaubert/Projets/A2E Suite/packages/twenty-server/src/engine/metadata-modules/ai/ai-chat/entities/agent-chat-thread.entity.ts`) uses `@Column({ type: 'timestamptz', nullable: true }) deletedAt: Date | null;` plus an index `@Index('IDX_AGENT_CHAT_THREAD_ID_DELETED_AT', ['id','deletedAt'])`, because `WorkspaceScopedRepository` manages soft-delete via criteria rather than TypeORM's `@DeleteDateColumn` semantics.\n\n---\n\n## 9. Cursor pagination\n\n### Auto-generated object `findMany` (metadata CRUD)\nArgs interface `/Users/maxaubert/Projets/A2E Suite/packages/twenty-server/src/engine/api/graphql/workspace-resolver-builder/interfaces/workspace-resolvers-builder.interface.ts` (lines 27-30):\n```ts\nfirst?: number;\nlast?: number;\nbefore?: string;\nafter?: string;\n```\nPlus `filter`, `orderBy`. Response is a Relay-style connection with `edges { node, cursor }` and `pageInfo`.\n\nUtilities:\n- `/Users/maxaubert/Projets/A2E Suite/packages/twenty-server/src/engine/api/graphql/graphql-query-runner/utils/cursors.util.ts` — `encodeCursor({ objectRecord, order, flatObjectMetadata, flatFieldMetadataMaps, orderByValuesFromScan })`, `decodeCursor(cursor)` (base64 JSON), `getCursor(args)` (reads `after`/`before`).\n- `/Users/maxaubert/Projets/A2E Suite/packages/twenty-server/src/engine/api/common/utils/get-page-info.util.ts` → `CommonPageInfo` (`/Users/maxaubert/Projets/A2E Suite/packages/twenty-server/src/engine/api/common/types/common-page-info.type.ts`): `{ hasNextPage, hasPreviousPage, startCursor, endCursor }`.\n\n### Metadata-entity pagination (metadata modules)\n`/Users/maxaubert/Projets/A2E Suite/packages/twenty-server/src/engine/metadata-modules/pagination/`:\n- `dtos/page-info.dto.ts` — `@ObjectType('PageInfo')` with `hasNextPage`/`hasPreviousPage`/`startCursor`/`endCursor` (uses `ConnectionCursorScalarType`)\n- `utils/to-cursor-connection.util.ts`\n- `utils/find-many-with-cursor-pagination.util.ts`\n- `utils/build-metadata-cursor-page.util.ts`\n- `utils/paginate-metadata.util.ts`\n\n### Custom resolvers\nUse `limit` + `after` + your own connection DTO if the generic shape doesn't fit (the `search` resolver does exactly this):\n`/Users/maxaubert/Projets/A2E Suite/packages/twenty-server/src/engine/core-modules/search/dtos/search-args.ts`:\n```ts\n@ArgsType()\nexport class SearchArgs {\n  @Field(() => String) searchInput: string;\n  @Field(() => Int) @Max(100) limit: number;\n  @Field(() => String, { nullable: true }) after?: string;\n  ...\n}\n```\n`SearchResultConnectionDTO` = `{ edges, pageInfo: { endCursor, hasNextPage } }`.\n\n---\n\n## 10. Synthesis: a concrete `chat` module recipe (no files modified)\n\nRecommended split (matches `docs/plan/03-integration-blueprint.md` and `04-twenty-native-law.md`):\n\n1. **Chat domain objects** (channels, messages, reactions, read cursors) → ship as a first-party app `packages/twenty-apps/internal/a2e-chat/` using `defineObject`/`defineField`/`defineView`/`definePageLayout`/`defineNavigationMenuItem`/`defineRole` (format reference: `packages/twenty-apps/internal/real-estate/`). Do **not** hand-write `@Entity`/`@Column` classes for these.\n2. **Server behavior** (`src/modules/chat/`): services (e.g. message fan-out, cursor persistence), optional query-hooks for side effects, and resolvers only for GraphQL beyond metadata CRUD.\n   - Resolver base shape: `search.resolver.ts` (core) or `agent-chat-subscription.resolver.ts` (subscription).\n   - For server-only persistence tables (e.g. ephemeral typing state or a fan-out log), use a **core-schema TypeORM entity under `src/engine/metadata-modules/chat/`** (so the glob loads it) with `WorkspaceRelatedEntity`/`@PrimaryGeneratedColumn('uuid')`, `TypeOrmModule.forFeature`, and `provideWorkspaceScopedRepository(...)`. Generate a fast/slow instance command for the schema change.\n   - Realtime: publish/subscribe `workspace:<id>:chat:<channelId>` via `RealtimePublisherService` / `SubscriptionService`; the topic parser already supports `chat`.\n3. **Registration**:\n   - Behavior-only module → `src/modules/modules.module.ts`.\n   - Module with a GraphQL resolver (all domain resolvers are `@MetadataResolver`) → `src/engine/core-modules/core-engine.module.ts` imports.\n   - Query-hook module → `src/engine/api/graphql/workspace-query-runner/workspace-query-hook/workspace-query-hook.module.ts`.\n4. **Tests/verification**: unit spec next to each util/service; `npx jest <file> --config=packages/twenty-server/jest.config.mjs`; then `npx nx lint:diff-with-main twenty-server` + `npx tsgo -p tsconfig.json --noEmit` in `packages/twenty-server` (do not trust `nx typecheck` cache). Regenerate front GraphQL types against a running server.\n\n### Key file reference (absolute paths)\n- Registration: `.../src/modules/modules.module.ts`, `.../src/app.module.ts`, `.../src/engine/core-modules/core-engine.module.ts`, `.../src/engine/api/graphql/workspace-query-runner/workspace-query-hook/workspace-query-hook.module.ts`\n- Standard object example: `.../src/modules/note/**`\n- Standard metadata builders: `.../src/engine/workspace-manager/twenty-standard-application/utils/{object-metadata,field-metadata,index,view,...}/`\n- Shared catalog: `packages/twenty-shared/src/metadata/constants/*`\n- Resolver/DTO examples: `.../src/engine/core-modules/search/*`, `.../src/modules/messaging/message-outbound-manager/*`, `.../src/modules/calendar/calendar-event-creation-manager/*`\n- ORM: `.../src/engine/twenty-orm/{base.workspace-entity.ts,workspace-orm.manager.ts,datasource/*,repository/workspace-repository.ts,workspace-scoped-repository/*,table-shape/*}`\n- TypeORM core: `.../src/database/typeorm/core/core.datasource.ts`, `.../src/database/typeorm/typeorm.module.ts`\n- Realtime/subscriptions: `.../src/engine/subscriptions/*`, `.../src/engine/core-modules/realtime-gateway/*`\n- Chat precedent: `.../src/engine/metadata-modules/ai/ai-chat/*`\n- Pagination: `.../src/engine/api/graphql/graphql-query-runner/utils/cursors.util.ts`, `.../src/engine/metadata-modules/pagination/*`\n- Docs: `docs/plan/01-codebase-map.md`, `docs/plan/03-integration-blueprint.md` §4, `docs/plan/04-twenty-native-law.md` §0/§3, `packages/twenty-server/docs/UPGRADE_COMMANDS.md`\n\n### Important caveats\n- `src/modules/**` has **no** `*.entity.ts` and **no** `@CoreResolver`; domain resolvers are `@MetadataResolver` and require registration in `CoreEngineModule`.\n- A new TypeORM entity placed under `src/modules/` will silently not load (glob only covers `engine/core-modules` and `engine/metadata-modules`).\n- The TypeORM migration system is frozen; new columns require generated instance commands and (for workspace objects) workspace/upgrade commands.\n- Adding a **standard object** is a cross-package change touching `twenty-shared` catalog + server compute builders + catalog specs — prefer the app SDK for chat objects.\n- Never commit i18n catalog churn; new user-facing strings use Lingui `msg`.\n\nNo files were modified during this research.\n</task_result>\n</task>",
      "durationMs": 0
    }
  ],
  "hierarchy": [
    {
      "state": {
        "id": "subagent_1789710125448_zz4rdnr",
        "agentType": "explore",
        "description": "Study a2e app scaffold conventions",
        "status": "error",
        "childIds": [],
        "spawnedAt": "2026-09-18T05:42:05.449Z",
        "prompt": "I'm working in the A2E Suite monorepo at /Users/maxaubert/Projets/A2E Suite. I need to understand exactly how an internal `a2e-*` app is scaffolded and what files are required, so I can create a new `a2e-chat` app under `packages/twenty-apps/internal/a2e-chat/`.\n\nPlease research and report back with concrete file paths and code excerpts. Be very thorough.\n\nReference app: `packages/twenty-apps/internal/a2e-documents/` and `packages/twenty-apps/internal/a2e-projects/`.\n\nReport:\n1. Full file tree of `packages/twenty-apps/internal/a2e-documents/` (excluding node_modules) and `a2e-projects`.\n2. Contents of: `package.json`, `tsconfig.json`, `.oxlintrc.json`, `.nvmrc`, `.yarnrc.yml`, `.gitignore`, `application.config.ts`, and the default role file under `src/roles/`.\n3. The object declaration format: read one object file under `src/objects/` and one field file under `src/fields/` — show how `defineObject`, `defineField`, universal identifiers, `STANDARD_OBJECT_UNIVERSAL_IDENTIFIERS` are used.\n4. How views, page-layouts, navigation-menu-items, command-menu-items are declared — show one example of each.\n5. How logic functions / post-install are declared (one example).\n6. The test conventions: find `src/lib/__tests__/*.test.ts` and explain how `node --test --experimental-strip-types` is used, what they assert (e.g. `module.default.success`), and show one representative test.\n7. The package.json scripts (test:unit, typecheck, lint, dev:build etc.) and the exact build command.\n8. Report how universal identifiers are generated/namespaced — especially anything about the `c31b*` namespace. Look for constants files that map standard object universal identifiers.\n9. Report the `src/lib/` module structure (what goes there vs src root).\n\nReturn a detailed structured report with file paths and code snippets. Do not modify any files.",
        "endedAt": "2026-09-18T05:42:05.449Z",
        "durationMs": 0,
        "result": "<task id=\"ses_f4cf85ecfffe0THtJoaKQPQEZs\" state=\"completed\">\n<task_result>\nI now have a complete picture. Here is the detailed structured report.\n\n---\n\n# A2E internal app scaffolding — research report\n\nAll paths below are absolute. I did not modify anything.\n\nTwo reference apps exist under `/Users/maxaubert/Projets/A2E Suite/packages/twenty-apps/internal/`:\n\n| App | Package name | App UUID | UUID namespace |\n|---|---|---|---|\n| `a2e-documents` | `a2e-documents` | `19126a9c-7cc0-4368-aaba-c7e5a87b0c48` | `c31a*` |\n| `a2e-projects` | `a2e-projects` | `4f759655-84f8-434d-9c76-ee1850e8c1a4` | `c31b*` |\n| `a2e-accounting` (Bilan) | `a2e-accounting` | `b11a0000-0000-4000-8000-000000000001` | `b11a*` |\n| `a2e-chat` (planned) | — | not created | not assigned |\n\n`docs/plan/03-integration-blueprint.md` (lines 56-61) explicitly names `a2e-chat` as a planned app, and `docs/applications.md` (lines 29-35) lists current state. There is **no existing `a2e-chat`** in the tree.\n\nThe authoring guide is `/Users/maxaubert/Projets/A2E Suite/packages/twenty-apps/README-A2E.md` and the anatomy standard is `/Users/maxaubert/Projets/A2E Suite/docs/plan/04-twenty-native-law.md` §2.\n\n---\n\n## 1. Full file trees (excluding `node_modules`, and excluding generated `.twenty/output` bodies)\n\n### `packages/twenty-apps/internal/a2e-documents/`\n\n```\na2e-documents/\n├── .gitignore\n├── .nvmrc\n├── .oxlintrc.json\n├── .yarnrc.yml\n├── package.json\n├── tsconfig.json\n├── yarn.lock\n├── .twenty/output/                      # generated by `twenty dev:build`, gitignored\n│   ├── manifest.json\n│   ├── package.json\n│   ├── yarn.lock\n│   └── src/\n│       ├── front-components/*.tsx|.mjs|.map\n│       └── logic-functions/*.ts|.mjs|.map\n└── src/\n    ├── application.config.ts\n    ├── command-menu-items/\n    │   ├── create-document-and-open.command-menu-item.ts\n    │   ├── create-document.command-menu-item.ts\n    │   ├── go-to-documents.command-menu-item.ts\n    │   ├── save-company-as-document.command-menu-item.ts\n    │   └── save-person-as-document.command-menu-item.ts\n    ├── constants/\n    │   ├── field-vocabulary.ts\n    │   └── universal-identifiers.ts\n    ├── fields/\n    │   ├── company-documents.field.ts\n    │   └── person-documents.field.ts\n    ├── front-components/\n    │   ├── constants.ts\n    │   ├── create-document-command.front-component.tsx\n    │   ├── document-browser.front-component.tsx\n    │   ├── document-page.front-component.tsx\n    │   ├── save-company-as-document-command.front-component.tsx\n    │   ├── save-person-as-document-command.front-component.tsx\n    │   └── save-record-as-document-command.factory.tsx\n    ├── lib/\n    │   ├── __tests__/\n    │   │   ├── document-cycle.test.ts\n    │   │   ├── document-outline.test.ts\n    │   │   ├── document-tree-keyboard.test.ts\n    │   │   ├── document-tree-loading.test.ts\n    │   │   ├── document-tree.test.ts\n    │   │   ├── fractional-position.test.ts\n    │   │   ├── instantiate-template.test.ts\n    │   │   ├── record-note-copy.test.ts\n    │   │   ├── save-document-as-template.test.ts\n    │   │   ├── starter-templates.test.ts\n    │   │   ├── template-gallery.test.ts\n    │   │   └── trash-retention.test.ts\n    │   ├── document-cycle.ts\n    │   ├── document-outline.ts\n    │   ├── document-tree-keyboard.ts\n    │   ├── document-tree-loading.ts\n    │   ├── document-tree.ts\n    │   ├── fractional-position.ts\n    │   ├── instantiate-template.ts\n    │   ├── record-note-copy.ts\n    │   ├── save-document-as-template.ts\n    │   ├── starter-templates.ts\n    │   ├── template-gallery.ts\n    │   └── trash-retention.ts\n    ├── logic-functions/\n    │   ├── guard-document-parent-cycle.ts\n    │   ├── post-install.ts\n    │   └── purge-archived-documents.ts\n    ├── navigation-menu-items/\n    │   └── documents.navigation-menu-item.ts\n    ├── objects/\n    │   ├── document-comment-thread.object.ts\n    │   ├── document-revision.object.ts\n    │   └── document.object.ts\n    ├── page-layouts/\n    │   └── document.page-layout.ts\n    ├── roles/\n    │   └── default-function.role.ts\n    └── views/\n        ├── all-documents.view.ts\n        └── templates.view.ts\n```\n\n### `packages/twenty-apps/internal/a2e-projects/`\n\n```\na2e-projects/\n├── .gitignore\n├── .nvmrc\n├── .oxlintrc.json\n├── .yarnrc.yml\n├── package.json\n├── tsconfig.json\n├── yarn.lock\n├── a2e-projects/.twenty/output/         # stray generated dir (nested) — generated\n├── .twenty/output/                      # generated by `twenty dev:build`, gitignored\n│   ├── manifest.json\n│   ├── package.json\n│   ├── yarn.lock\n│   └── src/{front-components,logic-functions}/*.{tsx,ts,mjs,map}\n└── src/\n    ├── application.config.ts\n    ├── command-menu-items/\n    │   ├── create-project.command-menu-item.ts\n    │   ├── create-task.command-menu-item.ts\n    │   ├── go-to-projects.command-menu-item.ts\n    │   ├── open-subtasks.command-menu-item.ts\n    │   └── open-time-tracker.command-menu-item.ts\n    ├── constants/\n    │   ├── field-vocabulary.ts\n    │   └── universal-identifiers.ts\n    ├── fields/\n    │   ├── company-projects.field.ts\n    │   ├── lead-projects.field.ts\n    │   ├── milestone-tasks.field.ts\n    │   ├── note-blocked-tasks.field.ts\n    │   ├── project-members.field.ts\n    │   ├── project-milestones.field.ts\n    │   ├── project-tasks.field.ts\n    │   ├── project-time-entries.field.ts\n    │   ├── task-block-issue.field.ts\n    │   ├── task-estimate-label.field.ts\n    │   ├── task-estimate.field.ts\n    │   ├── task-human-id.field.ts\n    │   ├── task-labels.field.ts\n    │   ├── task-milestone.field.ts\n    │   ├── task-priority.field.ts\n    │   ├── task-project-status.field.ts\n    │   ├── task-project.field.ts\n    │   ├── task-subtask.field.ts\n    │   ├── task-subtasks.field.ts\n    │   ├── task-time-entries.field.ts\n    │   ├── workspace-member-project-memberships.field.ts\n    │   └── workspace-member-time-entries.field.ts\n    ├── front-components/\n    │   ├── create-project-command.front-component.tsx\n    │   ├── create-task-command.front-component.tsx\n    │   ├── go-to-projects.front-component.tsx\n    │   ├── project-gantt.front-component.tsx\n    │   ├── project-overview.front-component.tsx\n    │   ├── project-time-rollup.front-component.tsx\n    │   ├── task-subtasks.front-component.tsx\n    │   └── time-tracker.front-component.tsx\n    ├── lib/\n    │   ├── __tests__/\n    │   │   ├── command-availability.test.ts\n    │   │   ├── my-tasks.test.ts\n    │   │   ├── project-gantt.test.ts\n    │   │   ├── project-object-integrity.test.ts\n    │   │   ├── project-overview.test.ts\n    │   │   ├── recurring-task-generator-workflow.test.ts\n    │   │   ├── recurring-task-generator.test.ts\n    │   │   ├── starter-projects.test.ts\n    │   │   ├── task-board.test.ts\n    │   │   ├── task-calendar.test.ts\n    │   │   ├── task-field-integrity.test.ts\n    │   │   ├── task-human-id.test.ts\n    │   │   ├── task-tree.test.ts\n    │   │   ├── time-tracker.test.ts\n    │   │   └── trash-retention.test.ts\n    │   ├── project-gantt.ts\n    │   ├── project-overview.ts\n    │   ├── recurring-task-generator.ts\n    │   ├── starter-projects.ts\n    │   ├── task-human-id.ts\n    │   ├── task-tree.ts\n    │   ├── time-tracker.ts\n    │   └── trash-retention.ts\n    ├── logic-functions/\n    │   ├── __tests__/\n    │   │   ├── purge-trash-handler.test.ts\n    │   │   ├── recurring-task-generator-handler.test.ts\n    │   │   └── task-human-id-handler.test.ts\n    │   ├── handlers/\n    │   │   ├── purge-trash-handler.ts\n    │   │   ├── recurring-task-generator-handler.ts\n    │   │   └── task-human-id-handler.ts\n    │   ├── post-install.ts\n    │   ├── purge-trash.logic-function.ts\n    │   ├── recurring-task-generator.logic-function.ts\n    │   └── task-human-id.logic-function.ts\n    ├── navigation-menu-items/\n    │   ├── my-tasks-assigned.navigation-menu-item.ts\n    │   ├── my-tasks-created.navigation-menu-item.ts\n    │   ├── my-tasks-overdue.navigation-menu-item.ts\n    │   ├── my-tasks.navigation-menu-item.ts\n    │   └── projects.navigation-menu-item.ts\n    ├── objects/\n    │   ├── label.object.ts\n    │   ├── milestone.object.ts\n    │   ├── project-member.object.ts\n    │   ├── project.object.ts\n    │   ├── task-label.object.ts\n    │   └── time-entry.object.ts\n    ├── page-layouts/\n    │   └── project.page-layout.ts\n    ├── roles/\n    │   └── default-function.role.ts\n    ├── views/\n    │   ├── all-labels.view.ts\n    │   ├── all-milestones.view.ts\n    │   ├── all-projects.view.ts\n    │   ├── created-by-me.view.ts\n    │   ├── current-tasks.view.ts\n    │   ├── my-tasks.view.ts\n    │   ├── overdue-tasks.view.ts\n    │   ├── project-tasks.view.ts\n    │   ├── task-board.view.ts\n    │   └── task-calendar.view.ts\n    └── workflow-templates/\n        └── recurring-task-generator.workflow.ts\n```\n\nNote: `a2e-documents` has **no `yarn.lock` committed at baseline** (per `docs/applications.md` §1); `a2e-projects` does. The root `packages/twenty-apps/.gitignore` ignores `generated` and `.twenty`.\n\n---\n\n## 2. Required config files (exact contents)\n\n### 2a. `package.json`\n\n`/Users/maxaubert/Projets/A2E Suite/packages/twenty-apps/internal/a2e-projects/package.json` (the richer, canonical one — has `test:unit`):\n\n```json\n{\n  \"name\": \"a2e-projects\",\n  \"version\": \"0.1.10\",\n  \"license\": \"MIT\",\n  \"engines\": {\n    \"node\": \"^24.5.0\",\n    \"npm\": \"please-use-yarn\",\n    \"yarn\": \">=4.0.2\",\n    \"twenty\": \">=2.19.0\"\n  },\n  \"keywords\": [\"twenty-app\"],\n  \"packageManager\": \"yarn@4.13.0\",\n  \"scripts\": {\n    \"twenty\": \"twenty\",\n    \"lint\": \"oxlint -c .oxlintrc.json .\",\n    \"lint:fix\": \"oxlint --fix -c .oxlintrc.json .\",\n    \"typecheck\": \"tsc --noEmit\",\n    \"test:unit\": \"node --test --experimental-strip-types \\\"src/lib/__tests__/*.test.ts\\\" \\\"src/logic-functions/__tests__/*.test.ts\\\"\"\n  },\n  \"devDependencies\": {\n    \"@types/node\": \"^24.7.2\",\n    \"@types/react\": \"^19.0.0\",\n    \"oxlint\": \"^0.16.0\",\n    \"react\": \"^19.0.0\",\n    \"react-dom\": \"^19.0.0\",\n    \"twenty-client-sdk\": \"2.31.0\",\n    \"twenty-sdk\": \"2.31.0\",\n    \"typescript\": \"^5.9.3\"\n  }\n}\n```\n\n`/Users/maxaubert/Projets/A2E Suite/packages/twenty-apps/internal/a2e-documents/package.json` is identical except `name`, `version: \"0.2.0\"`, and it **omits `test:unit`** (its tests are run manually). For `a2e-chat`, copy the projects version and add `test:unit`.\n\n### 2b. `tsconfig.json` (identical in both)\n\n```json\n{\n  \"compileOnSave\": false,\n  \"compilerOptions\": {\n    \"noEmit\": true,\n    \"jsx\": \"react-jsx\",\n    \"moduleResolution\": \"bundler\",\n    \"allowImportingTsExtensions\": true,\n    \"allowSyntheticDefaultImports\": true,\n    \"emitDecoratorMetadata\": true,\n    \"experimentalDecorators\": true,\n    \"importHelpers\": true,\n    \"allowUnreachableCode\": false,\n    \"strict\": true,\n    \"alwaysStrict\": true,\n    \"noImplicitAny\": true,\n    \"strictBindCallApply\": false,\n    \"target\": \"es2022\",\n    \"module\": \"esnext\",\n    \"lib\": [\"es2023\", \"dom\"],\n    \"types\": [\"node\"],\n    \"skipLibCheck\": true,\n    \"skipDefaultLibCheck\": true,\n    \"resolveJsonModule\": true,\n    \"paths\": {\n      \"src/*\": [\"./src/*\"],\n      \"~/*\": [\"./*\"]\n    }\n  },\n  \"exclude\": [\"node_modules\", \"dist\"]\n}\n```\n\n### 2c. `.oxlintrc.json` (identical in both)\n\n```json\n{\n  \"$schema\": \"./node_modules/oxlint/configuration_schema.json\",\n  \"plugins\": [\"typescript\"],\n  \"categories\": {\n    \"correctness\": \"off\"\n  },\n  \"ignorePatterns\": [\"node_modules\", \"dist\"],\n  \"rules\": {\n    \"no-unused-vars\": \"off\",\n\n    \"typescript/no-unused-vars\": [\n      \"warn\",\n      { \"argsIgnorePattern\": \"^_\" }\n    ],\n    \"typescript/no-explicit-any\": \"off\"\n  },\n  \"overrides\": [\n    {\n      \"files\": [\"**/*.logic-function.ts\", \"**/logic-functions/**/*.ts\"],\n      \"rules\": {\n        \"no-restricted-imports\": [\n          \"error\",\n          {\n            \"patterns\": [\n              {\n                \"group\": [\"twenty-shared\", \"twenty-shared/*\"],\n                \"message\": \"Logic functions must not import from twenty-shared directly. Import runtime types and helpers from `twenty-sdk/logic-function` instead so the logic-function bundle stays minimal.\"\n              }\n            ]\n          }\n        ]\n      }\n    }\n  ]\n}\n```\n\nThere is also a base config at `/Users/maxaubert/Projets/A2E Suite/packages/twenty-apps/.oxlintrc.base.json` that bans `twenty-shared` imports for all apps (the app's own override narrows it to logic functions).\n\n### 2d. `.nvmrc`\n\n```\n24.5.0\n```\n\n### 2e. `.yarnrc.yml`\n\n```yaml\nnodeLinker: node-modules\n```\n\n### 2f. `.gitignore` (identical in both)\n\n```gitignore\n# See https://help.github.com/articles/ignoring-files/ for more about ignoring files.\n\n# dependencies\n/node_modules\n/.pnp\n.pnp.*\n.yarn\n\n# codegen\ngenerated\n\n# testing\n/coverage\n/e2e/.auth\n/e2e/.results\n/playwright-report\n/test-results\n\n# dev\n/dist/\n\n.twenty\n\n# production\n/build\n\n# misc\n.DS_Store\n*.pem\n\n# debug\nnpm-debug.log*\nyarn-debug.log*\nyarn-error.log*\n.pnpm-debug.log*\n\n# env files (can opt-in for committing if needed)\n.env*\n\n# typescript\n*.tsbuildinfo\n*.d.ts\n```\n\n### 2g. `application.config.ts`\n\n`/Users/maxaubert/Projets/A2E Suite/packages/twenty-apps/internal/a2e-documents/src/application.config.ts`:\n\n```ts\nimport { defineApplication } from 'twenty-sdk/define';\n\nexport const APPLICATION_UNIVERSAL_IDENTIFIER =\n  '19126a9c-7cc0-4368-aaba-c7e5a87b0c48';\n\nexport default defineApplication({\n  universalIdentifier: APPLICATION_UNIVERSAL_IDENTIFIER,\n  displayName: 'A2E Documents',\n  description:\n    'Workspace documents: hierarchical doc tree with rich-text editing, templates and sharing',\n});\n```\n\n`a2e-projects` version:\n\n```ts\nimport { defineApplication } from 'twenty-sdk/define';\n\nexport const APPLICATION_UNIVERSAL_IDENTIFIER =\n  '4f759655-84f8-434d-9c76-ee1850e8c1a4';\n\nexport default defineApplication({\n  universalIdentifier: APPLICATION_UNIVERSAL_IDENTIFIER,\n  displayName: 'A2E Projects',\n  description:\n    'Projets & tâches 2.0 : projets, statuts, gantt et suivi du temps sur le moteur de tâches natif',\n});\n```\n\nPer `README-A2E.md` §\"Creating an internal app\": generate the application UUID and the role UUID once with `node -e \"console.log(crypto.randomUUID())\"`, commit immediately, never regenerate. The `displayName` is the product name (e.g. \"A2E Chat\"), package name is `a2e-chat`.\n\n### 2h. Default role — `src/roles/default-function.role.ts`\n\n`/Users/maxaubert/Projets/A2E Suite/packages/twenty-apps/internal/a2e-documents/src/roles/default-function.role.ts`:\n\n```ts\nimport { defineApplicationRole } from 'twenty-sdk/define';\n\nexport const DEFAULT_FUNCTION_ROLE_UNIVERSAL_IDENTIFIER =\n  '1e0eda2a-8319-4211-93f7-e0e185ee35b1';\n\nexport default defineApplicationRole({\n  universalIdentifier: DEFAULT_FUNCTION_ROLE_UNIVERSAL_IDENTIFIER,\n  label: 'A2E Documents default function role',\n  description: 'Role the A2E Documents app operations run as',\n  canReadAllObjectRecords: true,\n  canUpdateAllObjectRecords: true,\n  canSoftDeleteAllObjectRecords: true,\n  canDestroyAllObjectRecords: false,\n});\n```\n\n`a2e-projects` is identical with UUID `9b6621c5-0521-4421-b97c-d10b1b9da38d` and labels `A2E Projects …`.\n\nImportant constraint recorded in `docs/plan/phases/phase-04-report.md` (line 171): the SDK allows **only ONE `defineApplicationRole` per app**. If a second assignable role is needed, use `defineRole` (as `a2e-accounting` does with `finance-user.role.ts`).\n\n---\n\n## 3. Object and field declaration format\n\n### 3a. Object — `defineObject`\n\n`/Users/maxaubert/Projets/A2E Suite/packages/twenty-apps/internal/a2e-documents/src/objects/document.object.ts` (embedded fields, relations to app objects and standard objects):\n\n```ts\nimport {\n  defineObject,\n  FieldType,\n  OnDeleteAction,\n  STANDARD_OBJECT_UNIVERSAL_IDENTIFIERS,\n} from 'twenty-sdk/define';\n\nimport {\n  documentKindOptions,\n  documentTagOptions,\n  manyToOne,\n  oneToMany,\n} from '../constants/field-vocabulary.ts';\nimport {\n  LABEL_IDENTIFIER_IDS,\n  OBJECT_IDS,\n  RELATION_IDS,\n} from '../constants/universal-identifiers.ts';\n\nexport default defineObject({\n  universalIdentifier: OBJECT_IDS.document,\n  nameSingular: 'document',\n  namePlural: 'documents',\n  labelSingular: 'Document',\n  labelPlural: 'Documents',\n  description:\n    'Document de l’espace de travail : arborescence, contenu riche, modèle, favoris et corbeille.',\n  icon: 'IconNotes',\n  labelIdentifierFieldMetadataUniversalIdentifier:\n    LABEL_IDENTIFIER_IDS.documentTitle,\n  fields: [\n    {\n      universalIdentifier: LABEL_IDENTIFIER_IDS.documentTitle,\n      type: FieldType.TEXT,\n      name: 'title',\n      label: 'Titre',\n      icon: 'IconAbc',\n      defaultValue: \"''\",\n    },\n    {\n      universalIdentifier: 'c31a0100-0001-4000-8000-000000000003',\n      type: FieldType.SELECT,\n      name: 'kind',\n      label: 'Type',\n      icon: 'IconFileText',\n      defaultValue: `'DOCUMENT'`,\n      options: documentKindOptions,\n    },\n    // ... more fields ...\n    {\n      universalIdentifier: RELATION_IDS.documentCompany,\n      type: FieldType.RELATION,\n      name: 'company',\n      label: 'Entreprise liée',\n      icon: 'IconBuildingSkyscraper',\n      relationTargetObjectMetadataUniversalIdentifier:\n        STANDARD_OBJECT_UNIVERSAL_IDENTIFIERS.company.universalIdentifier,\n      relationTargetFieldMetadataUniversalIdentifier:\n        RELATION_IDS.companyDocuments,\n      universalSettings: {\n        ...manyToOne('companyId'),\n        onDelete: OnDeleteAction.SET_NULL,\n      },\n    },\n  ],\n});\n```\n\n### 3b. Standalone field — `defineField`\n\nUsed for cross-object relation fields (fields added to standard objects or inverse sides that must live on another object). `/Users/maxaubert/Projets/A2E Suite/packages/twenty-apps/internal/a2e-projects/src/fields/task-project.field.ts`:\n\n```ts\nimport {\n  defineField,\n  FieldType,\n  OnDeleteAction,\n  RelationType,\n  STANDARD_OBJECT_UNIVERSAL_IDENTIFIERS,\n} from 'twenty-sdk/define';\n\nimport { OBJECT_IDS, TASK_FIELD_IDS } from '../constants/universal-identifiers.ts';\n\nexport default defineField({\n  universalIdentifier: TASK_FIELD_IDS.project,\n  objectUniversalIdentifier:\n    STANDARD_OBJECT_UNIVERSAL_IDENTIFIERS.task.universalIdentifier,\n  type: FieldType.RELATION,\n  name: 'project',\n  label: 'Projet',\n  description: 'Projet auquel cette tâche appartient',\n  icon: 'IconKanban',\n  isNullable: true,\n  relationTargetObjectMetadataUniversalIdentifier: OBJECT_IDS.project,\n  relationTargetFieldMetadataUniversalIdentifier:\n    TASK_FIELD_IDS.tasksOnProject,\n  universalSettings: {\n    relationType: RelationType.MANY_TO_ONE,\n    joinColumnName: 'projectId',\n    onDelete: OnDeleteAction.SET_NULL,\n  },\n});\n```\n\nA simple SELECT field on a standard object (`task-priority.field.ts`, same dir):\n\n```ts\nexport default defineField({\n  universalIdentifier: TASK_FIELD_IDS.priority,\n  objectUniversalIdentifier:\n    STANDARD_OBJECT_UNIVERSAL_IDENTIFIERS.task.universalIdentifier,\n  type: FieldType.SELECT,\n  name: 'priority',\n  label: 'Priorité',\n  icon: 'IconFlag',\n  isNullable: true,\n  options: [\n    { id: 'c31b0201-0005-4000-8000-000000000061', value: 'URGENT', label: 'Urgent', position: 0, color: 'red' },\n    // ...\n  ],\n});\n```\n\nAn inverse relation owned by the standard `company` object (`a2e-documents/src/fields/company-documents.field.ts`) hardcodes the standard company UUID:\n\n```ts\nexport default defineField({\n  universalIdentifier: RELATION_IDS.companyDocuments,\n  name: 'documents',\n  label: 'Documents',\n  type: FieldType.RELATION,\n  objectUniversalIdentifier: '20202020-b374-4779-a561-80086cb2e17f', // company\n  relationTargetObjectMetadataUniversalIdentifier: OBJECT_IDS.document,\n  relationTargetFieldMetadataUniversalIdentifier: RELATION_IDS.documentCompany,\n  universalSettings: { relationType: RelationType.ONE_TO_MANY },\n});\n```\n\n### 3c. `STANDARD_OBJECT_UNIVERSAL_IDENTIFIERS`\n\nRe-exported by `twenty-sdk/define` from:\n\n`/Users/maxaubert/Projets/A2E Suite/packages/twenty-shared/src/metadata/constants/standard-object-universal-identifiers.constant.ts`\n\n```ts\nexport const STANDARD_OBJECT_UNIVERSAL_IDENTIFIERS = {\n  timelineActivity: '20202020-6736-4337-b5c4-8b39fae325a5',\n  attachment: '20202020-bd3d-4c60-8dca-571c71d4447a',\n  blocklist: '20202020-0408-4f38-b8a8-4d5e3e26e24d',\n  calendarChannelEventAssociation: '20202020-491b-4aaa-9825-afd1bae6ae00',\n  calendarEvent: '20202020-8f1d-4eef-9f85-0d1965e27221',\n  calendarEventTarget: '6a9b9656-3e23-4234-94a4-b913c5dde668',\n  calendarEventParticipant: '20202020-a1c3-47a6-9732-27e5b1e8436d',\n  callRecording: 'ce19efb9-710f-45b2-b141-473abbeea60b',\n  noteTarget: '20202020-fff0-4b44-be82-bda313884400',\n  taskTarget: '20202020-5a9a-44e8-95df-771cd06d0fb1',\n  person: '20202020-e674-48e5-a542-72570eee7213',\n  company: '20202020-b374-4779-a561-80086cb2e17f',\n  opportunity: '20202020-9549-49dd-b2b2-883999db8938',\n  note: '20202020-0b00-45cd-b6f6-6cd806fc6804',\n  task: '20202020-1ba1-48ba-bc83-ef7e5990ed10',\n  workflow: '20202020-62be-406c-b9ca-8caa50d51392',\n  workflowAutomatedTrigger: '20202020-3319-4234-a34c-7f3b9d2e4d1f',\n  workflowVersion: '20202020-d65d-4ab9-9344-d77bfb376a3d',\n  workflowRun: '20202020-4e28-4e95-a9d7-6c00874f843c',\n  workspaceMember: '20202020-3319-4234-a34c-82d5c0e881a6',\n  dashboard: '20202020-3840-4b6d-9425-0c5188b05ca8',\n  message: '20202020-3f6b-4425-80ab-e468899ab4b2',\n  messageChannelMessageAssociation: '20202020-ad1e-4127-bccb-d83ae04d2ccb',\n  // ...\n  messageList: '826561ea-4816-411c-baa0-eec5e6ca8866',\n  messageListMember: '27773d24-8ce3-40f8-aa6c-1f590f2c08d2',\n  messageCampaign: '238acb94-dd4c-4036-bc55-19b99d821efd',\n  messageParticipant: '20202020-a433-4456-aa2d-fd9cb26b774a',\n  messageThread: '20202020-849a-4c3e-84f5-a25a7d802271',\n  messageThreadTarget: '378ad1b0-592d-4084-80ee-86fef44725b9',\n} as const;\n```\n\nFor `a2e-chat`, the native `message`, `messageThread`, `messageParticipant`, `messageChannelMessageAssociation` primitives already exist and are referenced through this map.\n\n### 3d. Relation vocabulary helpers\n\n`/Users/maxaubert/Projets/A2E Suite/packages/twenty-apps/internal/a2e-projects/src/constants/field-vocabulary.ts`:\n\n```ts\nimport { FieldType, RelationType } from 'twenty-sdk/define';\n\ntype OptionColor = 'red' | 'ruby' | ... | 'gray';\n\nconst option = (suffix, value, label, position, color) => ({\n  id: `c31b0200-0005-4000-8000-0000000000${suffix}`,\n  value, label, position, color,\n});\n\nexport const projectStatusOptions = [\n  option('01', 'PLANNING', 'Planification', 0, 'sky'),\n  // ...\n];\n\nexport const RELATION = FieldType.RELATION;\nexport const oneToMany = { relationType: RelationType.ONE_TO_MANY } as const;\nexport const manyToOne = (joinColumnName: string) =>\n  ({ relationType: RelationType.MANY_TO_ONE, joinColumnName }) as const;\n```\n\n`OptionColor` is defined locally because the SDK keeps `TagColor` un-exported. Select options use `id` in objects and `universalIdentifier` in standalone/embedded fields; both are accepted (tests read `option.id ?? option.universalIdentifier`).\n\n---\n\n## 4. Views, page-layouts, navigation, command menu\n\n### 4a. View — `defineView`\n\n`/Users/maxaubert/Projets/A2E Suite/packages/twenty-apps/internal/a2e-documents/src/views/all-documents.view.ts` (TABLE with derived view-field ids and a sort):\n\n```ts\nimport {\n  defineView,\n  ViewOpenRecordIn,\n  ViewSortDirection,\n  ViewType,\n} from 'twenty-sdk/define';\n\nimport { OBJECT_IDS, VIEW_IDS, viewFieldId } from '../constants/universal-identifiers.ts';\n\nconst field = {\n  title: 'c31a0100-0001-4000-8000-000000000001',\n  kind: 'c31a0100-0001-4000-8000-000000000003',\n  tags: 'c31a0100-0001-4000-8000-000000000008',\n  archivedAt: 'c31a0100-0001-4000-8000-000000000009',\n};\n\nconst fieldId = (viewIndex: number) => (position: number) =>\n  viewFieldId(viewIndex, position);\nconst id = fieldId(0);\n\nexport default defineView({\n  universalIdentifier: VIEW_IDS.allDocuments,\n  name: 'Tous les documents',\n  objectUniversalIdentifier: OBJECT_IDS.document,\n  type: ViewType.TABLE,\n  icon: 'IconNotes',\n  position: 0,\n  openRecordIn: ViewOpenRecordIn.SIDE_PANEL,\n  fields: [\n    {\n      universalIdentifier: id(0),\n      fieldMetadataUniversalIdentifier: field.title,\n      position: 0,\n      isVisible: true,\n      size: 280,\n    },\n    // ...\n  ],\n  sorts: [\n    {\n      universalIdentifier: 'c31a0100-0006-4000-8000-000000000001',\n      fieldMetadataUniversalIdentifier: field.title,\n      direction: ViewSortDirection.ASC,\n    },\n  ],\n});\n```\n\nKANBAN view (`a2e-projects/src/views/task-board.view.ts`) adds `mainGroupByFieldMetadataUniversalIdentifier`, `filters`, and `groups`:\n\n```ts\nexport default defineView({\n  universalIdentifier: VIEW_IDS.taskBoard,\n  name: 'Board tâches',\n  objectUniversalIdentifier:\n    STANDARD_OBJECT_UNIVERSAL_IDENTIFIERS.task.universalIdentifier,\n  type: ViewType.KANBAN,\n  icon: 'IconLayoutKanban',\n  position: 1,\n  openRecordIn: ViewOpenRecordIn.SIDE_PANEL,\n  mainGroupByFieldMetadataUniversalIdentifier: TASK_FIELD_IDS.projectStatus,\n  fields: [ /* { universalIdentifier: viewFieldId('01',1,pos), fieldMetadataUniversalIdentifier, position, isVisible, size } */ ],\n  filters: [\n    {\n      universalIdentifier: 'c31b0100-0005-4000-8000-000000000004',\n      fieldMetadataUniversalIdentifier: TASK_FIELD_IDS.project,\n      operand: ViewFilterOperand.IS_NOT_EMPTY,\n      value: '',\n    },\n  ],\n  groups: [\n    { universalIdentifier: 'c31b0100-0007-...0001', fieldValue: 'TODO', isVisible: true, position: 0 },\n    // IN_PROGRESS, DONE\n  ],\n});\n```\n\nView types seen in-tree: `ViewType.TABLE`, `ViewType.KANBAN`, `ViewType.CALENDAR` (with `calendarFieldMetadataUniversalIdentifier` + `ViewCalendarLayout.MONTH`). Supported filter operands include `ViewFilterOperand.IS_NOT_EMPTY`, `IS_IN_PAST`, `IS`, `IS_NOT`.\n\n### 4b. Page layout — `definePageLayout`\n\n`/Users/maxaubert/Projets/A2E Suite/packages/twenty-apps/internal/a2e-documents/src/page-layouts/document.page-layout.ts`:\n\n```ts\nimport { definePageLayout, PageLayoutTabLayoutMode } from 'twenty-sdk/define';\n\nimport { FRONT_COMPONENT_IDS, OBJECT_IDS } from '../constants/universal-identifiers.ts';\n\nexport default definePageLayout({\n  universalIdentifier: 'c31a0100-0008-4000-8000-000000000001',\n  name: 'Document Record Page',\n  type: 'RECORD_PAGE',\n  objectUniversalIdentifier: OBJECT_IDS.document,\n  tabs: [\n    {\n      universalIdentifier: 'c31a0100-0009-4000-8000-000000000001',\n      title: 'Home',\n      position: 10,\n      icon: 'IconNotes',\n      layoutMode: PageLayoutTabLayoutMode.VERTICAL_LIST,\n      widgets: [\n        {\n          universalIdentifier: 'c31a0100-000a-4000-8000-000000000001',\n          title: 'Fields',\n          type: 'FIELDS',\n          configuration: { configurationType: 'FIELDS' },\n        },\n        {\n          universalIdentifier: 'c31a0100-000a-4000-8000-000000000002',\n          title: 'Contenu',\n          type: 'FIELD_RICH_TEXT',\n          objectUniversalIdentifier: OBJECT_IDS.document,\n          configuration: { configurationType: 'FIELD_RICH_TEXT' },\n        },\n        {\n          universalIdentifier: 'c31a0100-000a-4000-8000-000000000004',\n          title: 'Page',\n          type: 'FRONT_COMPONENT',\n          configuration: {\n            configurationType: 'FRONT_COMPONENT',\n            frontComponentUniversalIdentifier: FRONT_COMPONENT_IDS.documentPage,\n          },\n        },\n      ],\n    },\n    {\n      universalIdentifier: 'c31a0100-0009-4000-8000-000000000002',\n      title: 'Timeline',\n      position: 20,\n      icon: 'IconHistory',\n      layoutMode: PageLayoutTabLayoutMode.VERTICAL_LIST,\n      widgets: [\n        {\n          universalIdentifier: 'c31a0100-000a-4000-8000-000000000003',\n          title: 'Timeline',\n          type: 'TIMELINE',\n          configuration: { configurationType: 'TIMELINE' },\n        },\n      ],\n    },\n  ],\n});\n```\n\nWidget types observed: `'FIELDS'`, `'FIELD_RICH_TEXT'` (needs `objectUniversalIdentifier`), `'TIMELINE'`, `'RECORD_TABLE'` (needs `objectUniversalIdentifier`, optionally `configuration.viewUniversalIdentifier`), `'FILES'`, `'FRONT_COMPONENT'`. The project page layout (`a2e-projects/src/page-layouts/project.page-layout.ts`) is the maximal example (5 tabs). A `'RECORD_TABLE'` widget renders whichever view layout it references (table, kanban, etc.), so no extra board component is needed.\n\n### 4c. Navigation menu item — `defineNavigationMenuItem`\n\n`/Users/maxaubert/Projets/A2E Suite/packages/twenty-apps/internal/a2e-documents/src/navigation-menu-items/documents.navigation-menu-item.ts`:\n\n```ts\nimport {\n  defineNavigationMenuItem,\n  NavigationMenuItemType,\n} from 'twenty-sdk/define';\n\nimport { NAVIGATION_MENU_ITEM_IDS, VIEW_IDS } from '../constants/universal-identifiers.ts';\n\nexport default defineNavigationMenuItem({\n  universalIdentifier: NAVIGATION_MENU_ITEM_IDS.documents,\n  name: 'Documents',\n  icon: 'IconNotes',\n  position: 100,\n  type: NavigationMenuItemType.VIEW,\n  viewUniversalIdentifier: VIEW_IDS.allDocuments,\n});\n```\n\nA `NavigationMenuItemType.FOLDER` item omits `viewUniversalIdentifier`; children are `VIEW` items that point back with `folderUniversalIdentifier` (see `a2e-projects/src/navigation-menu-items/my-tasks*.navigation-menu-item.ts`).\n\n### 4d. Command menu item — `defineCommandMenuItem`\n\n`/Users/maxaubert/Projets/A2E Suite/packages/twenty-apps/internal/a2e-documents/src/command-menu-items/create-document.command-menu-item.ts`:\n\n```ts\nimport { defineCommandMenuItem } from 'twenty-sdk/define';\n\nimport { DOCUMENT_BROWSER_FRONT_COMPONENT_UNIVERSAL_IDENTIFIER } from '../front-components/constants.ts';\n\nexport default defineCommandMenuItem({\n  universalIdentifier: 'c31a0000-0011-4000-8000-000000000001',\n  label: 'A2E Documents : créer un document',\n  shortLabel: 'Créer un document',\n  availabilityType: 'GLOBAL',\n  isPinned: true,\n  frontComponentUniversalIdentifier:\n    DOCUMENT_BROWSER_FRONT_COMPONENT_UNIVERSAL_IDENTIFIER,\n});\n```\n\n`availabilityType` is `'GLOBAL'` or `'RECORD_SELECTION'` (the timer command is `RECORD_SELECTION`); `isPinned` is optional. Each command points at a `defineFrontComponent`.\n\n### 4e. Front component (context) — `defineFrontComponent`\n\n`/Users/maxaubert/Projets/A2E Suite/packages/twenty-apps/internal/a2e-documents/src/front-components/document-page.front-component.tsx` (end of file):\n\n```ts\nexport default defineFrontComponent({\n  universalIdentifier: DOCUMENT_PAGE_FRONT_COMPONENT_UNIVERSAL_IDENTIFIER,\n  name: 'document-page',\n  description:\n    'Couverture, plan des titres et sous-pages sur la page d’un document.',\n  component: DocumentPage,\n});\n```\n\nComponents import the Core API binding from `twenty-client-sdk/core` (`new CoreApiClient()`), and React hooks `/ useSelectedRecordIds` from `twenty-sdk/front-component`. Front-component UUIDs are typically declared in `constants/universal-identifiers.ts` (`FRONT_COMPONENT_IDS`); a2e-documents also keeps a single literal in `front-components/constants.ts` — prefer the `FRONT_COMPONENT_IDS` registry (a2e-projects style).\n\n---\n\n## 5. Logic functions and post-install\n\n### 5a. Cron logic function — `defineLogicFunction`\n\n`/Users/maxaubert/Projets/A2E Suite/packages/twenty-apps/internal/a2e-projects/src/logic-functions/purge-trash.logic-function.ts`:\n\n```ts\nimport { defineLogicFunction } from 'twenty-sdk/define';\n\nimport { LOGIC_FUNCTION_IDS } from '../constants/universal-identifiers.ts';\nimport { purgeExpiredTrash } from './handlers/purge-trash-handler.ts';\n\nconst handler = async () => {\n  const result = await purgeExpiredTrash();\n  console.log('[a2e-projects] Corbeille purgée', result);\n  return result;\n};\n\nexport default defineLogicFunction({\n  universalIdentifier: LOGIC_FUNCTION_IDS.purgeTrash,\n  name: 'purge-projects-trash',\n  description:\n    'Purge définitive des projets, jalons, temps et étiquettes archivés depuis plus de 7 jours (miroir du cycle poubelle P3).',\n  timeoutSeconds: 120,\n  cronTriggerSettings: {\n    pattern: '30 3 * * *',\n  },\n  handler,\n});\n```\n\nAn event-triggered function (see `task-human-id.logic-function.ts` and `guard-document-parent-cycle.ts`) uses `eventTriggerSettings` instead of a cron. Logic functions stay thin: business logic lives in `src/lib/*.ts`, the transport/mutation code in `src/logic-functions/handlers/*.ts` (injectable client), and the `.logic-function.ts` file just wires the payload.\n\n### 5b. Post-install — `definePostInstallLogicFunction`\n\n`/Users/maxaubert/Projets/A2E Suite/packages/twenty-apps/internal/a2e-documents/src/logic-functions/post-install.ts` (tail):\n\n```ts\nexport default definePostInstallLogicFunction({\n  universalIdentifier: LOGIC_FUNCTION_IDS.postInstall,\n  name: 'post-install',\n  description:\n    'Prépare A2E Documents : document de bienvenue et bundle de modèles de démarrage (réunion, brief, PRD, entretien).',\n  timeoutSeconds: 120,\n  shouldRunSynchronously: false,\n  handler,\n});\n```\n\nKey requirements visible in both apps:\n- `LOGIC_FUNCTION_IDS.postInstall` must be registered in `universal-identifiers.ts`.\n- The handler must be **idempotent** (reinstall-safe) — a2e-documents diffs existing template titles (`findMissingStarterTemplates`), a2e-projects diffs existing project `key`s (`findMissingStarterProjects`).\n- Client access is `import { CoreApiClient } from 'twenty-client-sdk/core'`; calls are cast `as never` (the generated client is untyped before generation). This pattern recurs everywhere.\n- `shouldRunSynchronously: false` and `shouldRunOnVersionUpgrade` are emitted into `.twenty/output/manifest.json` under `application.postInstallLogicFunction`.\n\n### 5c. Workflow recipe (optional)\n\n`a2e-projects` also has `src/workflow-templates/recurring-task-generator.workflow.ts`. The manifest has no workflow entity; a \"recipe\" is app source data materialized through the native workflow engine, and `workflowActionTriggerSettings` on the logic function is what registers a workflow step. Only needed if chat requires scheduled automations.\n\n---\n\n## 6. Test conventions\n\nTests live in `src/lib/__tests__/*.test.ts` and `src/logic-functions/__tests__/*.test.ts`, run with Node's built-in runner + type stripping:\n\n```\nnode --test --experimental-strip-types \"src/lib/__tests__/*.test.ts\" \"src/logic-functions/__tests__/*.test.ts\"\n```\n\nNode `24.5.0` is required (`--experimental-strip-types` is rejected by Node 20, per `docs/repository-architecture-audit.md` line 638). Test files import with explicit `.ts` extensions.\n\nTwo assertion styles:\n\n1. **Pure-function tests** (`src/lib/__tests__/*.test.ts`): import from `node:assert/strict` and `node:test`, exercise the exported helpers directly. Representative: `/Users/maxaubert/Projets/A2E Suite/packages/twenty-apps/internal/a2e-projects/src/lib/__tests__/trash-retention.test.ts`:\n\n```ts\nimport assert from 'node:assert/strict';\nimport { test } from 'node:test';\n\nimport {\n  TRASH_RETENTION_DAYS,\n  buildArchivePayload,\n  buildRestorePayload,\n  isInTrash,\n  isPastTrashRetention,\n  isRestorable,\n} from '../trash-retention.ts';\n\ntest('the retention window is 7 days, shared by the UI and the cron', () => {\n  assert.equal(TRASH_RETENTION_DAYS, 7);\n});\n\ntest('a live record is not in the corbeille', () => {\n  assert.equal(isInTrash(null), false);\n  assert.equal(isInTrash(undefined), false);\n  assert.equal(isInTrash(''), false);\n  assert.equal(isInTrash('not-a-date'), false);\n});\n// ...\n```\n\n2. **Definition-validation tests** (the manifest graph walk): dynamically `await import()` each declaration module and assert the SDK result envelope. Every `define*` call returns a `DefinitionResult<T>` shaped `{ success: boolean; config: T; errors?: unknown[] }`. The pattern is in `/Users/maxaubert/Projets/A2E Suite/packages/twenty-apps/internal/a2e-projects/src/lib/__tests__/project-object-integrity.test.ts`:\n\n```ts\ntype DefinitionResult<TDefinition> = {\n  success: boolean;\n  config: TDefinition;\n  errors?: unknown[];\n};\n\nconst unwrap = async <TDefinition>(modulePath: string): Promise<TDefinition> => {\n  const module = (await import(modulePath)) as {\n    default: DefinitionResult<TDefinition>;\n  };\n\n  assert.equal(\n    module.default.success,\n    true,\n    `invalid definition: ${modulePath}`,\n  );\n\n  return module.default.config;\n};\n```\n\n`task-field-integrity.test.ts` asserts `module.default.success === true` and walks the whole object/field graph: no duplicate universal identifiers, every relation target object/field resolves, every M2O/O2M pair is symmetric and owned by its target, every label identifier resolves, select option sets kept. `project-object-integrity.test.ts` extends the walk to views, page-layouts, nav items and the role.\n\n`command-availability.test.ts` imports command/logo modules statically and reads `command.success` / `command.config` (not a default import because it imports several). Important: `assert.deepEqual(command.errors, [])`.\n\n3. **Handler tests** (`src/logic-functions/__tests__/*.test.ts`) stub the Core client with a plain object shaped like `Pick<CoreApiClient, 'query' | 'mutation'>`; the generated client is never instantiated (it throws before generation). See `/Users/maxaubert/Projets/A2E Suite/packages/twenty-apps/internal/a2e-projects/src/logic-functions/__tests__/purge-trash-handler.test.ts` and `task-human-id-handler.test.ts`.\n\nCI discovers tests via `package.json` scripts (`.github/workflows/discover-apps.yaml`): `hasTypecheck = Boolean(scripts.typecheck)`, `hasUnit = Boolean(scripts['test:unit'])`, `hasIntegration = Boolean(scripts.test)`. So a new app **must** define `typecheck` and `test:unit` in `package.json` to be exercised by CI. `a2e-documents` currently only gets lint/typecheck in CI (no `test:unit`); do not copy that gap for `a2e-chat`.\n\n---\n\n## 7. package.json scripts and the exact build command\n\nScripts (from `a2e-projects/package.json`):\n\n| Script | Command |\n|---|---|\n| `twenty` | `twenty` |\n| `lint` | `oxlint -c .oxlintrc.json .` |\n| `lint:fix` | `oxlint --fix -c .oxlintrc.json .` |\n| `typecheck` | `tsc --noEmit` |\n| `test:unit` | `node --test --experimental-strip-types \"src/lib/__tests__/*.test.ts\" \"src/logic-functions/__tests__/*.test.ts\"` |\n\nThere is **no `dev:build` script in package.json** — `dev:build` is a subcommand of the `twenty` CLI. The exact build command is run from inside the app directory:\n\n```sh\nnpx twenty dev:build .\n# or equivalently\nyarn twenty dev:build .\n```\n\nFrom the repo root with the built workspace SDK:\n\n```sh\nnode packages/twenty-sdk/dist/cli.cjs dev:build packages/twenty-apps/internal/a2e-chat\n```\n\nPublish/install (from `docs/applications.md` §3, run inside the app dir; `--private` keeps it out of npm):\n\n```sh\nyarn twenty dev:build .\nyarn twenty app:publish . --private --remote scratch\nyarn twenty app:install . --remote scratch\n```\n\n`npx nx lint:diff-with-main a2e-<app>` **does not work** for these apps (they are not Nx projects) — use `yarn lint`/`yarn typecheck`/`yarn test:unit` + `npx twenty dev:build .` as the gates. `npx oxlint --type-aware` is unsupported by the pinned oxlint 0.16.x. Root `.oxfmtrc.jsonc` ignores `**/lib/**`, so formatting lib files needs a lib-inclusive config passed with `-c`.\n\nCI (`.github/workflows/ci-twenty-apps.yaml`) runs, per changed app: `yarn install --immutable`, `yarn lint`, `yarn typecheck` (if present), `yarn test:unit` (if present).\n\n---\n\n## 8. Universal identifier generation, namespacing, and the `c31b*` namespace\n\nThere is **no automatic generator** for app-owned universal identifiers. They are hand-authored, deterministic, and committed forever (the \"additive-only law\"). The two conventions:\n\n### 8a. Toplevel UUIDs generated once\n\n`application.config.ts` `APPLICATION_UNIVERSAL_IDENTIFIER` and the default role's `DEFAULT_FUNCTION_ROLE_UNIVERSAL_IDENTIFIER` are generated with `node -e \"console.log(crypto.randomUUID())\"` and must never change once published/installed. (`README-A2E.md` §2.)\n\n### 8b. App-owned identifiers live in `src/constants/universal-identifiers.ts`\n\nThe namespace scheme is documented in the file header. `a2e-documents` (`c31a`) and `a2e-projects` (`c31b`) use:\n\n```\nc31{app}{OO}00-{KK}00-4000-8000-0000000000{NN}\n```\n\n- `{app}`: `a` = Documents, `b` = Projects.\n- `{OO}`: object index (`00` = app-level, `01` document, `02` project, `03` milestone, `04` projectMember, `05` timeEntry, `06` label, `07` taskLabel; task-extension fields use `01`).\n- `{KK}`: family key:\n  - `0000` object\n  - `0001` own field\n  - `0002` relation field\n  - `0003` view\n  - `0004` view field\n  - `0005` select option\n  - `0006` view sort (and used as view-filter family in a2e-projects)\n  - `0007` view group\n  - `0008` page layout\n  - `0009` page-layout tab\n  - `000a` widget\n  - `0010` navigation menu item\n  - `0011` command menu item\n  - `0012` logic function\n  - `0013` front component\n  - `0014` workflow step (a2e-projects)\n- `{NN}`: trailing counter, hex.\n\n`a2e-projects/src/constants/universal-identifiers.ts` header (verbatim):\n\n```ts\n// Universal identifiers for A2E Projects.\n//\n// One UUIDv4-class identifier per declarable thing, committed forever\n// (additive-only law). The scheme is shaped like A2E Documents' but uses a\n// distinct namespace so both apps install side by side (Documents owns\n// c31a*, Projects owns c31b*):\n// c31b{OO}00-{KK}00-4000-8000-0000000000{NN} where OO is the object index\n// (OBJECT_INDEX below: 02 project, 03 milestone, 04 projectMember,\n// 05 timeEntry, 06 label; 00 = app-level) and KK the family:\n//   0000 object · 0001 own field · 0002 relation field · 0003 view ·\n//   0004 view field · 0005 select option · 0006 view sort ·\n//   0009 page-layout tab · 000a widget · 0010 nav item ·\n//   0011 command menu item · 0012 logic function · 0013 front component\n//\n// Relation identifiers live here so object files never import each other\n// (circular imports resolve to undefined at manifest build time).\n```\n\nThe exported registries (a2e-projects):\n\n```ts\nexport const OBJECT_IDS = {\n  project: 'c31b0200-0000-4000-8000-000000000000',\n  milestone: 'c31b0300-0000-4000-8000-000000000000',\n  projectMember: 'c31b0400-0000-4000-8000-000000000000',\n  timeEntry: 'c31b0500-0000-4000-8000-000000000000',\n  label: 'c31b0600-0000-4000-8000-000000000000',\n  taskLabel: 'c31b0700-0000-4000-8000-000000000000',\n} as const;\n\nexport const RELATION_IDS = { projectLead: 'c31b0200-0002-…0001', /* both sides */ } as const;\nexport const LABEL_IDENTIFIER_IDS = { projectName: 'c31b0200-0001-…0001', /* … */ } as const;\nexport const LOGIC_FUNCTION_IDS = { postInstall: 'c31b0000-0012-…0003', /* … */ } as const;\nexport const TASK_FIELD_IDS = { project: 'c31b0201-0001-…0001', /* standard-task ext fields */ } as const;\nexport const COMMAND_MENU_ITEM_IDS = { createProject: 'c31b0000-0011-…0004', /* … */ } as const;\nexport const NAVIGATION_MENU_ITEM_IDS = { projects: 'c31b0000-0010-…0003', /* … */ } as const;\nexport const FRONT_COMPONENT_IDS = { projectOverview: 'c31b0000-0013-…0006', /* … */ } as const;\nexport const VIEW_IDS = { allProjects: 'c31b0200-0003-…0001', /* … */ } as const;\nexport const OBJECT_INDEX = {\n  milestone: '03', project: '02', projectMember: '04',\n  timeEntry: '05', label: '06', task: '01',\n} as const;\n```\n\nView-field identifiers are **derived positionally**, not listed:\n\n```ts\nexport const viewFieldId = (\n  objectIndex: string,\n  viewIndex: number,\n  position: number,\n): string =>\n  `c31b${objectIndex}00-0004-4000-8000-${viewIndex\n    .toString(16)\n    .padStart(2, '0')}${position.toString(16).padStart(10, '0')}`;\n```\n\na2e-documents' variant is simpler (`viewFieldId(viewIndex, position)` with hardcoded `c31a0100-0004-…`).\n\nThe header comment explains the critical **why**: relation identifiers live in the constants file so object files never import each other — circular imports resolve to `undefined` at manifest build time. Any new relation pair must be declared in `RELATION_IDS` and referenced from both sides.\n\n### 8c. The `c31b*` namespace origin (important for `a2e-chat`)\n\nFrom `docs/plan/phases/phase-04-report.md` (lines 553, 568, 581, 593, 597):\n\n> **Install blocker found and fixed:** the first `app:install` aborted — a2e-projects shared **17 universal identifiers** with A2E Documents (the whole `c31a*` namespace was cloned), so the two apps could never coexist. Approved fix: prefix shift `c31a` → `c31b` across the app (26 files, incl. the generated `viewFieldId` template).\n\nAnd (line 581):\n\n> The `c31b*` namespace and the six live-found API-shape fixes (phase-04 orchestrator entry 2026-09-17) stand.\n\nSo `c31a` = Documents, `c31b` = Projects. `c31c*` is the natural next available `c31*` namespace for `a2e-chat`. `a2e-accounting` deliberately uses a wholly different prefix `b11a*` (it predates/mirrors Bilan's own scheme). `a2e-chat` must pick a namespace that **collides with no committed identifier** in any installed app (Documents/Projects/accounting/real-estate/twenty-partners); `c31c*` is unclaimed in the current tree.\n\n### 8d. Standard object identifier map\n\nThe standard-object map is not per-app; it is `STANDARD_OBJECT_UNIVERSAL_IDENTIFIERS` in `packages/twenty-shared/src/metadata/constants/standard-object-universal-identifiers.constant.ts` (full contents in §3c), re-exported by `twenty-sdk/define`. `packages/twenty-shared/src/metadata/constants/standard-object-fields.constant.ts` maps each standard object's system fields (`createdBy`, etc.), accessed as `STANDARD_OBJECT_UNIVERSAL_IDENTIFIERS.task.fields.createdBy.universalIdentifier`.\n\n---\n\n## 9. `src/lib/` vs `src` root\n\n`src/` root holds only SDK declaration manifests (auto-discovered by the build) plus `application.config.ts`:\n\n- `application.config.ts`, `objects/`, `fields/`, `views/`, `page-layouts/`, `navigation-menu-items/`, `command-menu-items/`, `logic-functions/`, `front-components/`, `roles/`, `workflow-templates/`, and `constants/`.\n- File naming mirrors the entity: `objects/document.object.ts`, `views/all-documents.view.ts`, `page-layouts/document.page-layout.ts`, `navigation-menu-items/documents.navigation-menu-item.ts`, `command-menu-items/create-document.command-menu-item.ts`, `logic-functions/purge-trash.logic-function.ts` (or `post-install.ts`), `front-components/document-page.front-component.tsx`, `roles/default-function.role.ts`, `fields/task-project.field.ts`.\n\n`src/lib/` is the **pure, framework-free, unit-testable business logic layer** — the only place with `__tests__/` co-located, and the only place tests are wired (`src/lib/__tests__/*.test.ts` plus `src/logic-functions/__tests__/*.test.ts`). Its modules never import SDK declaration helpers or React; they are plain TypeScript functions and types. Examples:\n\n| file | responsibility |\n|---|---|\n| `lib/trash-retention.ts` | retention policy as data (`TRASH_RETENTION_DAYS`, `isPastTrashRetention`, payload builders) |\n| `lib/starter-templates.ts` / `lib/starter-projects.ts` | post-install seed content + idempotency diff helpers |\n| `lib/task-human-id.ts` / `lib/task-tree.ts` | pure CAS allocation rules / tree nesting + cycle guards |\n| `lib/project-gantt.ts` / `lib/time-tracker.ts` | pure timeline math / timer state machine + rollups |\n| `lib/document-tree.ts` / `lib/instantiate-template.ts` | tree payload builders / template copy payload |\n| `lib/recurring-task-generator.ts` | pure workflow input validation |\n\nDivision of labor visible throughout: pure rules in `lib/` → thin Core-API code in `logic-functions/handlers/` → declaration/transport wrapper in `logic-functions/*.logic-function.ts`; front components import their pure projection from `lib/` (e.g. `project-overview.front-component.tsx` imports `buildProjectOverviewSummary` from `../lib/project-overview.ts`).\n\n---\n\n## Minimal checklist to scaffold `a2e-chat` (derived, not yet done)\n\nBased on the two references, a new `packages/twenty-apps/internal/a2e-chat/` needs at least:\n\n1. `package.json` (name `a2e-chat`, `twenty-app` keyword, scripts incl. `test:unit`), `tsconfig.json`, `.oxlintrc.json`, `.nvmrc` (`24.5.0`), `.yarnrc.yml` (`nodeLinker: node-modules`), `.gitignore`, and a committed `yarn.lock` after `yarn install`.\n2. `src/application.config.ts` with a **fresh** `APPLICATION_UNIVERSAL_IDENTIFIER`.\n3. `src/roles/default-function.role.ts` with a **fresh** role UUID and least-privilege flags (`canDestroyAllObjectRecords: false`).\n4. `src/constants/universal-identifiers.ts` in an unclaimed namespace (proposed `c31c*`) with `OBJECT_IDS`, `RELATION_IDS`, `LABEL_IDENTIFIER_IDS`, `LOGIC_FUNCTION_IDS`, `COMMAND_MENU_ITEM_IDS`, `NAVIGATION_MENU_ITEM_IDS`, `FRONT_COMPONENT_IDS`, `VIEW_IDS`, and a `viewFieldId` helper.\n5. `src/constants/field-vocabulary.ts` for shared option builders / relation helpers.\n6. At minimum one `src/objects/*.object.ts` (must ship a label identifier field), matching table view(s) in `src/views/`, a record page layout in `src/page-layouts/`, at least one `src/navigation-menu-items/*.navigation-menu-item.ts`, at least two command-menu items (\"Create …\" + \"Go to …\") in `src/command-menu-items/`, and `src/logic-functions/post-install.ts` (idempotent) with an event/cron function as needed. Cross-object and standard-object relations go in `src/fields/*.field.ts`.\n7. `src/lib/*.ts` pure logic + `src/lib/__tests__/*.test.ts` (and optionally `src/logic-functions/__tests__/`) runnable via `yarn test:unit`.\n8. Gates: `yarn lint` → `yarn typecheck` → `yarn test:unit` → `npx twenty dev:build .` (all from the app dir). The `.twenty/` build output is gitignored.\n\nDo not copy `a2e-documents` or `a2e-projects` UUIDs; the phase-04 report records the collision failure that made this an explicit rule.\n</task_result>\n</task>"
      },
      "children": []
    },
    {
      "state": {
        "id": "subagent_1789710304142_n17x1pt",
        "agentType": "explore",
        "description": "Study twenty-server module pattern",
        "status": "error",
        "childIds": [],
        "spawnedAt": "2026-09-18T05:45:04.142Z",
        "prompt": "I'm working in the A2E Suite monorepo (a Twenty CRM fork) at /Users/maxaubert/Projets/A2E Suite. I need to understand the exact conventions for adding a new server domain module under `packages/twenty-server/src/modules/<name>/` so I can create a `chat` module.\n\nPlease research and report back with concrete file paths, code excerpts, and structure. Be very thorough.\n\nSpecifically:\n1. Look at `packages/twenty-server/src/modules/modules.module.ts` and report exactly how modules are registered/imported.\n2. Pick the simplest existing domain module (e.g. `note` or `task`) and give its full file tree and the contents (or key parts) of:\n   - the `<name>.module.ts`\n   - an entity file (how `@ObjectType`, `@Entity`, `@Column`, `@Field` are used; base entity class; id generation; workspace scoping with `workspaceId`; soft-delete columns)\n   - a GraphQL resolver (decorators used: `@Resolver`, `@Query`, `@Mutation`, `@Args`, guards, pagination), how cursor pagination is done (is there a shared pagination util/type? `cursor`/`first`/`after` args?)\n   - a service\n3. Report how workspace scoping is enforced (workspaceId column, `@AuthWorkspace()`, guards) with a concrete example.\n4. Report how entities get registered with TypeORM (auto-loading globs? `TypeOrmModule.forFeature`? entity metadata modules?).\n5. Report how GraphQL schema files are organized and whether there is a required `*.graphql` file, and how `graphql:generate` works.\n6. Check whether any realtime/subscription GraphQL patterns exist (e.g. `@Subscription`) and where.\n7. Report the exact base entity classes available (e.g. `BaseWorkspaceEntity`, `BaseEntity`) and their import paths, and how `id` uuid columns are defined.\n8. Report how soft-delete is represented (`deletedAt` column) and whether there's a `@DeleteDateColumn` pattern.\n\nReturn a detailed structured report with file paths and code snippets. Do not modify any files.",
        "endedAt": "2026-09-18T05:45:04.142Z",
        "durationMs": 0,
        "result": "<task id=\"ses_f4cf86698ffeUxivaGxP3PJdIA\" state=\"completed\">\n<task_result>\nI have completed the research. Here is the detailed report.\n\n---\n\n# A2E Suite / Twenty server — conventions for adding a domain module (for a `chat` module)\n\n## 0. Critical framing: there are TWO entity systems in this repo\n\nThis is Twenty 2.39 (`packages/twenty-server/src/engine/core-modules/upgrade/constants/twenty-current-version.constant.ts`). Before writing any code, understand that the repo has two distinct persistence patterns, and your `chat` module must pick one per table:\n\n| | CRM/product objects (\"standard objects\") | Platform/instance tables |\n|---|---|---|\n| Definition | plain class in `src/modules/<domain>/standard-objects/*.workspace-entity.ts` extending `BaseWorkspaceEntity` | TypeORM class with `@Entity`, `@Column`, etc. under `src/engine/core-modules/**` or `src/engine/metadata-modules/**` |\n| Storage | **per-workspace Postgres schema** (`getWorkspaceSchemaName(workspaceId)`) | single `core` schema, rows carry `workspaceId` |\n| Registration | metadata DB rows provisioned from `twenty-shared` catalog + server builders | TypeORM glob auto-load (`core.datasource.ts`) + `TypeOrmModule.forFeature` in the module |\n| GraphQL CRUD | auto-generated from metadata (`WorkspaceSchemaFactory`) | hand-written resolvers |\n| Scoping | workspace schema + permissions in `WorkspaceRepository` (no `workspaceId` column) | explicit `workspaceId` column + `WorkspaceScopedRepository` (or `WorkspaceRelatedEntity` base) |\n| Soft delete | `deletedAt` field metadata; `WorkspaceRepository.softDelete/restore` | `@DeleteDateColumn` or a `deletedAt timestamptz` column |\n\n`note`/`task`/`company`/`person` are **standard objects** — they have no `@Entity`/`@Column`/`@Resolver`. A `chat` product object should be defined via the app SDK / standard-object catalog, while a server-domain module holds behavior (services, resolvers, query hooks, realtime).\n\nThe repo's own guidance codifies this: `docs/plan/04-twenty-native-law.md` §0 and §3 (`server domain-modules → module behavior (chat service, accounting jobs)`; \"Hand-written TypeORM entity unless server logic demands it (then domain module + upgrade command)\"). Also `docs/plan/03-integration-blueprint.md` §4 defines the realtime `chat` topic.\n\n---\n\n## 1. `src/modules/modules.module.ts` — registration\n\nFile: `/Users/maxaubert/Projets/A2E Suite/packages/twenty-server/src/modules/modules.module.ts` (22 lines)\n\n```ts\n@Module({\n  imports: [\n    MessagingModule,\n    CalendarModule,\n    ConnectedAccountModule,\n    OnboardingInviteSuggestionsModule,\n    WorkflowModule,\n    WorkspaceMemberModule,\n  ],\n  providers: [],\n  exports: [],\n})\nexport class ModulesModule {}\n```\n\n`ModulesModule` is imported by `/Users/maxaubert/Projets/A2E Suite/packages/twenty-server/src/app.module.ts` (line 66).\n\n**But** domain modules that contribute **GraphQL resolvers** are registered differently — in `CoreEngineModule`:\n`/Users/maxaubert/Projets/A2E Suite/packages/twenty-server/src/engine/core-modules/core-engine.module.ts` imports e.g. `SendEmailModule` (line 86/143), `CreateCalendarEventModule` (83/144), `CallRecordingModule` (84/145), `DashboardModule` (85/183), `EmailingModule` (35/125), `MessagingWebhooksModule`, `ChannelSyncModule`.\n\nWhy it matters: resolvers are discovered by scope. In `/Users/maxaubert/Projets/A2E Suite/packages/twenty-server/src/engine/api/graphql/graphql-config/graphql-config.service.ts`:\n\n```ts\nconst config: YogaDriverConfig = {\n  autoSchemaFile: true,\n  include: [CoreEngineModule],\n  resolverSchemaScope: 'core',\n  ...\n};\n```\n\n`ResolversExplorerService` (node_modules/@nestjs/graphql) walks the `include` module's transitive imports and keeps only resolvers whose metadata scope matches. There are three decorators:\n\n- `@CoreResolver()` → `resolver-schema-scope 'core'` → `POST /graphql` (`src/engine/api/graphql/graphql-config/decorators/core-resolver.decorator.ts`)\n- `@MetadataResolver()` → `'metadata'` → `POST /metadata` (`.../metadata-resolver.decorator.ts`)\n- `@AdminResolver()` → `'admin'` (`.../admin-resolver.decorator.ts`)\n\nThe metadata endpoint's `include: [MetadataGraphQLApiModule]` transitively reaches `CoreEngineModule` (`metadata-graphql-api.module.ts` → `GraphQLConfigModule` → `CoreEngineModule`), which is how domain-module `@MetadataResolver`s get onto `/metadata`.\n\n**Every resolver under `src/modules/**` is `@MetadataResolver`** (verified: calendar, call-recording, channel-sync, dashboard, emailing, send-email). So:\n\n- Behavior-only domain module → add to `ModulesModule` (or be spawned by an existing one).\n- Domain module exposing a GraphQL resolver → add its module to `CoreEngineModule.imports`, and mark the resolver `@MetadataResolver`.\n- Query hooks → registered in `/Users/maxaubert/Projets/A2E Suite/packages/twenty-server/src/engine/api/graphql/workspace-query-runner/workspace-query-hook/workspace-query-hook.module.ts` (imports `NoteQueryHookModule`, `TaskQueryHookModule`, …). Add a `ChatQueryHookModule` there.\n\n---\n\n## 2. Simplest domain module: `note` — full tree and contents\n\nFull tree (`find`):\n```\npackages/twenty-server/src/modules/note/\n  query-hooks/\n    note-delete-many.post-query.hook.ts\n    note-delete-one.post-query.hook.ts\n    note-post-query-hook.service.ts\n    note-query-hook.module.ts\n    note-restore-many.post-query.hook.ts\n    note-restore-one.post-query.hook.ts\n  standard-objects/\n    note-target.workspace-entity.ts\n    note.workspace-entity.ts\n```\n(No `<name>.module.ts`, resolver, or service: those live in the shared `WorkspaceQueryHookModule` and in the metadata engine.)\n\n### 2a. The standard-object workspace entity (no decorators)\n\n`/Users/maxaubert/Projets/A2E Suite/packages/twenty-server/src/modules/note/standard-objects/note.workspace-entity.ts`:\n\n```ts\nimport { type ActorMetadata, type RichTextMetadata } from 'twenty-shared/types';\n\nimport { BaseWorkspaceEntity } from 'src/engine/twenty-orm/base.workspace-entity';\nimport { type EntityRelation } from 'src/engine/workspace-manager/workspace-migration/types/entity-relation.interface';\nimport { type AttachmentWorkspaceEntity } from 'src/modules/attachment/standard-objects/attachment.workspace-entity';\nimport { type NoteTargetWorkspaceEntity } from 'src/modules/note/standard-objects/note-target.workspace-entity';\nimport { type TimelineActivityWorkspaceEntity } from 'src/modules/timeline/standard-objects/timeline-activity.workspace-entity';\n\nexport class NoteWorkspaceEntity extends BaseWorkspaceEntity {\n  position: number;\n  title: string;\n  bodyV2: RichTextMetadata | null;\n  createdBy: ActorMetadata;\n  updatedBy: ActorMetadata;\n  noteTargets: EntityRelation<NoteTargetWorkspaceEntity[]>;\n  attachments: EntityRelation<AttachmentWorkspaceEntity[]>;\n  timelineActivities: EntityRelation<TimelineActivityWorkspaceEntity[]>;\n  searchVector: string;\n}\n```\n\n`note-target.workspace-entity.ts` shows polymorphic relations:\n```ts\nexport class NoteTargetWorkspaceEntity extends BaseWorkspaceEntity {\n  note: EntityRelation<NoteWorkspaceEntity> | null;\n  noteId: string | null;\n  targetPerson: EntityRelation<PersonWorkspaceEntity> | null;\n  targetPersonId: string | null;\n  ...\n  custom: EntityRelation<CustomWorkspaceEntity>;\n}\n```\n\nNote there are **no `@ObjectType`, `@Entity`, `@Column`, `@Field`, no `id`, no `workspaceId`, no `createdAt/deletedAt`** on the class — those come from `BaseWorkspaceEntity` and from field metadata.\n\nThe **field-level metadata** (id, createdAt, updatedAt, deletedAt, title, bodyV2, searchVector, relations) is declared server-side in:\n`/Users/maxaubert/Projets/A2E Suite/packages/twenty-server/src/engine/workspace-manager/twenty-standard-application/utils/field-metadata/compute-note-standard-flat-field-metadata.util.ts`\n\nRepresentative excerpt (system fields + a normal field + relation):\n```ts\nexport const buildNoteStandardFlatFieldMetadatas = ({ ... }) => ({\n  id: createStandardFieldFlatMetadata({\n    objectName, workspaceId,\n    context: {\n      fieldName: 'id',\n      type: FieldMetadataType.UUID,\n      label: i18nLabel(msg({ message: `Id`, context: 'fieldMetadata.label' })),\n      icon: 'Icon123',\n      isSystem: true, isNullable: false, isUIEditable: false,\n      defaultValue: 'uuid',\n    }, ...\n  }),\n  deletedAt: createStandardFieldFlatMetadata({\n    context: {\n      fieldName: 'deletedAt',\n      type: FieldMetadataType.DATE_TIME,\n      isSystem: true, isNullable: true, isUIEditable: false,\n      settings: { displayFormat: DateDisplayFormat.RELATIVE },\n    }, ...\n  }),\n  bodyV2: createStandardFieldFlatMetadata({\n    context: { fieldName: 'bodyV2', type: FieldMetadataType.RICH_TEXT, ... }\n  }),\n  noteTargets: createStandardRelationFieldFlatMetadata({\n    context: {\n      type: FieldMetadataType.RELATION, fieldName: 'noteTargets',\n      targetObjectName: 'noteTarget', targetFieldName: 'note',\n      settings: { relationType: RelationType.ONE_TO_MANY },\n      ...\n    }, ...\n  }),\n});\n```\n\nThe **object-level metadata** (nameSingular/namePlural/labels/icon/searchable/shortcut) is in:\n`/Users/maxaubert/Projets/A2E Suite/packages/twenty-server/src/engine/workspace-manager/twenty-standard-application/utils/object-metadata/create-standard-flat-object-metadata.util.ts`:\n```ts\nnote: ({ now, workspaceId, ... }) =>\n  createStandardObjectFlatMetadata({\n    objectName: 'note',\n    context: {\n      universalIdentifier: STANDARD_OBJECTS.note.universalIdentifier,\n      nameSingular: 'note',\n      namePlural: 'notes',\n      labelSingular: i18nLabel(msg({ message: `Note`, context: 'objectMetadata.labelSingular' })),\n      labelPlural: i18nLabel(msg({ message: `Notes`, context: 'objectMetadata.labelPlural' })),\n      icon: 'IconNotes',\n      isSearchable: true,\n      shortcut: 'N',\n      labelIdentifierFieldMetadataName: 'title',\n    }, ...\n  }),\n```\nThe map is aggregated by `/Users/maxaubert/Projets/A2E Suite/packages/twenty-server/src/engine/workspace-manager/twenty-standard-application/utils/object-metadata/build-standard-flat-object-metadata-maps.util.ts`.\n\nThe **cross-package single source of truth** for IDs and fields is in `twenty-shared`:\n- `/Users/maxaubert/Projets/A2E Suite/packages/twenty-shared/src/metadata/constants/standard-object-universal-identifiers.constant.ts` (`note: '20202020-0b00-45cd-b6f6-6cd806fc6804'`)\n- `/Users/maxaubert/Projets/A2E Suite/packages/twenty-shared/src/metadata/constants/standard-object-fields.constant.ts`\n- `/Users/maxaubert/Projets/A2E Suite/packages/twenty-shared/src/metadata/constants/standard-object.constant.ts` (`STANDARD_OBJECTS.note = { universalIdentifier, fields, indexes, views }`)\n- `AllStandardObjectName = keyof typeof STANDARD_OBJECTS` at `.../types/all-standard-object-name.type.ts`\n\nAdding a standard object therefore means editing both the shared catalog and the server builders (plus specs such as `standard-metadata-label-catalog.spec.ts`, `standard-field-writability.spec.ts`, `standard-object-readability.spec.ts`). **For chat, prefer shipping objects via the app SDK (`packages/twenty-apps/internal/a2e-chat`) unless the object is truly core.**\n\n### 2b. Query-hook module/service (the \"module\" for a standard object)\n\n`/Users/maxaubert/Projets/A2E Suite/packages/twenty-server/src/modules/note/query-hooks/note-query-hook.module.ts`:\n```ts\n@Module({\n  providers: [\n    NotePostQueryHookService,\n    NoteDeleteManyPostQueryHook,\n    NoteDeleteOnePostQueryHook,\n    NoteRestoreManyPostQueryHook,\n    NoteRestoreOnePostQueryHook,\n  ],\n})\nexport class NoteQueryHookModule {}\n```\n\n`note-delete-one.post-query.hook.ts`:\n```ts\n@Injectable()\n@WorkspaceQueryHook({ key: `note.deleteOne`, type: WorkspaceQueryHookType.POST_HOOK })\nexport class NoteDeleteOnePostQueryHook implements WorkspacePostQueryHookInstance {\n  constructor(private readonly notePostQueryHookService: NotePostQueryHookService) {}\n  async execute(authContext, _objectName, payload: NoteWorkspaceEntity[]): Promise<void> {\n    await this.notePostQueryHookService.handleNoteTargetsDelete(authContext, payload);\n  }\n}\n```\n\n`note-post-query-hook.service.ts` (shows ORM usage + soft delete/restore):\n```ts\n@Injectable()\nexport class NotePostQueryHookService {\n  constructor(private readonly workspaceOrmManager: WorkspaceOrmManager) {}\n\n  async handleNoteTargetsDelete(authContext, payload) {\n    const workspace = authContext.workspace;\n    assertIsDefinedOrThrow(workspace, WorkspaceNotFoundDefaultError);\n\n    await this.workspaceOrmManager.executeInWorkspaceContext(async () => {\n      const noteTargetRepository =\n        this.workspaceOrmManager.getRepository<NoteTargetWorkspaceEntity>('noteTarget');\n      await noteTargetRepository.softDelete({ noteId: In(payload.map((n) => n.id)) });\n    }, authContext);\n  }\n  // handleNoteTargetsRestore -> noteTargetRepository.restore(...)\n}\n```\n`WorkspaceOrmManager` is at `/Users/maxaubert/Projets/A2E Suite/packages/twenty-server/src/engine/twenty-orm/workspace-orm.manager.ts` (`getRepository`, `runInWorkspaceTransaction`, `executeInWorkspaceContext`).\n\n### 2c. A real resolver + service example (for behavior beyond metadata CRUD)\n\nModule: `/Users/maxaubert/Projets/A2E Suite/packages/twenty-server/src/modules/messaging/message-outbound-manager/send-email.module.ts`\n```ts\n@Module({\n  imports: [FileEmailAttachmentModule, ToolModule, MessagingSendManagerModule,\n            ConnectedAccountMetadataModule, PermissionsModule],\n  providers: [SendEmailResolver],\n})\nexport class SendEmailModule {}\n```\n\nResolver: `/Users/maxaubert/Projets/A2E Suite/packages/twenty-server/src/modules/messaging/message-outbound-manager/resolvers/send-email.resolver.ts`\n```ts\n@MetadataResolver()\n@UsePipes(ResolverValidationPipe)\n@UseFilters(AuthGraphqlApiExceptionFilter)\n@UseGuards(\n  WorkspaceAuthGuard,\n  SettingsPermissionGuard(PermissionFlagType.SEND_EMAIL_TOOL),\n)\nexport class SendEmailResolver {\n  constructor(\n    private readonly connectedAccountMetadataService: ConnectedAccountMetadataService,\n    private readonly emailComposerService: EmailComposerService,\n    private readonly fileEmailAttachmentService: FileEmailAttachmentService,\n    private readonly sendEmailService: SendEmailService,\n  ) {}\n\n  @Mutation(() => SendEmailOutputDTO)\n  async sendEmail(\n    @Args('input') input: SendEmailInput,\n    @AuthWorkspace() workspace: WorkspaceEntity,\n    @AuthUserWorkspaceId() userWorkspaceId: string,\n  ): Promise<SendEmailOutputDTO> { ... }\n}\n```\n\nA very similar mutation exists at `/Users/maxaubert/Projets/A2E Suite/packages/twenty-server/src/modules/calendar/calendar-event-creation-manager/resolvers/create-calendar-event.resolver.ts`.\n\n### 2d. Why note/task had no `*.module.ts` before\n\nThe `note` module today only needs metadata + query hooks; its GraphQL CRUD is auto-generated. Do not invent a `NoteModule` that duplicates metadata CRUD.\n\n---\n\n## 3. Workspace scoping\n\n### Standard objects (per-workspace schema) — no `workspaceId` column\nTable shape resolves `schemaName: getWorkspaceSchemaName(workspaceId)`:\n`/Users/maxaubert/Projets/A2E Suite/packages/twenty-server/src/engine/twenty-orm/table-shape/utils/build-workspace-table-shape.util.ts` (line 121). The schema is selected via `WorkspaceDataSource` / `WorkspaceOrmManager`, which load the workspace auth context and permission maps:\n`/Users/maxaubert/Projets/A2E Suite/packages/twenty-server/src/engine/twenty-orm/workspace-orm.manager.ts` (lines 100-143 `loadWorkspaceContext`). Permission enforcement lives in `WorkspaceRepository` (`.../repository/workspace-repository.ts`), methods `find/findOne/insert/update/delete/softDelete/restore`, with `applyWriteRowLevelPermissions` and `validateRLSPredicatesForRecords`.\n\n`WorkspaceAuthGuard` (`/Users/maxaubert/Projets/A2E Suite/packages/twenty-server/src/engine/guards/workspace-auth.guard.ts`) only asserts `request.workspace` exists. `@AuthWorkspace()` (`/Users/maxaubert/Projets/A2E Suite/packages/twenty-server/src/engine/decorators/auth/auth-workspace.decorator.ts`) reads it off the request:\n```ts\nexport const AuthWorkspace = createParamDecorator((options, ctx) => {\n  const request = getRequest(ctx);\n  if (!options?.allowUndefined && !request.workspace) {\n    throw new InternalServerErrorException(...);\n  }\n  return request.workspace;\n});\n```\nUsage: `@AuthWorkspace() workspace: WorkspaceEntity` (or destructured `{ id: workspaceId }`). Companion decorators: `AuthUserWorkspaceId`, `AuthWorkspaceMemberId` in the same folder.\n\n### Core-schema tables — explicit `workspaceId` enforced by `WorkspaceScopedRepository`\nBase: `/Users/maxaubert/Projets/A2E Suite/packages/twenty-server/src/engine/workspace-manager/types/workspace-related-entity.ts`\n```ts\nexport abstract class WorkspaceRelatedEntity {\n  @Column({ nullable: false, type: 'uuid' })\n  workspaceId: string;\n\n  @ManyToOne('WorkspaceEntity', { onDelete: 'CASCADE' })\n  @JoinColumn({ name: 'workspaceId' })\n  workspace: Relation<WorkspaceEntity>;\n}\n```\nRepository: `/Users/maxaubert/Projets/A2E Suite/packages/twenty-server/src/engine/twenty-orm/workspace-scoped-repository/workspace-scoped-repository.ts`. **Every method takes `workspaceId` as first argument and merges it into the WHERE clause**:\n```ts\nfindOne(workspaceId: string, options: FindOneOptions<T>): Promise<T | null> {\n  this.assertWorkspaceId(workspaceId);\n  return this.repository.findOne({ ...options, where: this.mergeWorkspaceIdIntoWhere(workspaceId, options.where) });\n}\n```\nIt deliberately omits `save/saveMany/softRemove/recover/remove` (comment lines 181-187) because TypeORM would key only on the PK and could cross workspaces. `prependWorkspaceId` throws if you pass `workspaceId` yourself.\n\nSetup requires `TypeOrmModule.forFeature([entity])` plus:\n```ts\nprovideWorkspaceScopedRepository(AgentChatThreadEntity)\n```\nand injection:\n```ts\n@InjectWorkspaceScopedRepository(AgentChatThreadEntity)\nprivate readonly threadRepository: WorkspaceScopedRepository<AgentChatThreadEntity>,\n```\n(see `/Users/maxaubert/Projets/A2E Suite/packages/twenty-server/src/engine/metadata-modules/ai/ai-chat/ai-chat.module.ts` lines 47-52, 86-90).\n\n---\n\n## 4. Entity registration with TypeORM\n\n### Core (instance) tables\n`/Users/maxaubert/Projets/A2E Suite/packages/twenty-server/src/database/typeorm/core/core.datasource.ts`:\n```ts\nexport const typeORMCoreModuleOptions: TypeOrmModuleOptions = {\n  url: process.env.PG_DATABASE_URL,\n  type: 'postgres',\n  schema: 'core',\n  entities:\n    process.env.IS_BILLING_ENABLED === 'true'\n      ? [\n          `${isJest ? 'src/' : 'dist/'}engine/core-modules/**/*.entity{.ts,.js}`,\n          `${isJest ? 'src/' : 'dist/'}engine/metadata-modules/**/*.entity{.ts,.js}`,\n        ]\n      : [\n          `${isJest ? 'src/' : 'dist/'}engine/core-modules/**/!(billing-*).entity.{ts,js}`,\n          `${isJest ? 'src/' : 'dist/'}engine/metadata-modules/**/*.entity{.ts,.js}`,\n        ],\n  synchronize: false,\n  migrations: ... legacy-typeorm-migrations-do-not-add ...,\n};\n```\nWired in `/Users/maxaubert/Projets/A2E Suite/packages/twenty-server/src/database/typeorm/typeorm.module.ts` via `TypeOrmModule.forRootAsync`.\n\n**Key consequence for chat:** the auto-load globs only cover `engine/core-modules/**` and `engine/metadata-modules/**`. There are **zero** `*.entity.ts` files under `src/modules/**` (verified). So a TypeORM entity placed at `src/modules/chat/entities/chat-message.entity.ts` would **not** be loaded by the core DataSource. Precedents:\n- `AgentChatThreadEntity` etc. live under `src/engine/metadata-modules/ai/...` and are loaded by the glob, then pulled into `AiChatModule` with `TypeOrmModule.forFeature`.\n- Domain modules such as `connected-account.module.ts` use `TypeOrmModule.forFeature([ConnectedAccountEntity, UserWorkspaceEntity])` where those entities are defined under `engine/`.\n\nThere is **no legacy TypeORM migration path anymore**: `core.datasource.ts` comment lines 60-64 says the migration system is frozen; new schema changes go through generated instance commands (`npx nx run twenty-server:database:migrate:generate --name <name> --type <fast|slow>`), auto-registered in `instance-commands.constant.ts` (see `/Users/maxaubert/Projets/A2E Suite/packages/twenty-server/docs/UPGRADE_COMMANDS.md`).\n\n### Workspace tables (metadata objects)\nNot TypeORM-decorated. Registered by metadata provisioning: the builders under `.../twenty-standard-application/...` produce flat metadata maps that are synced into each workspace. Runtime queries go through `WorkspaceOrmManager.getRepository(...)` / `WorkspaceDataSourceService`.\n\n### `TypeOrmModule.forFeature` usage\n`grep -l \"TypeOrmModule.forFeature\" src/modules` finds many (onboarding-invite-suggestions, channel-sync, calendar-common, emailing, workspace-member query-hooks, etc.). But again, all entity classes they reference live under `engine/`, not `src/modules/`.\n\n---\n\n## 5. GraphQL schema organization and `graphql:generate`\n\n- **There are no per-module `*.graphql` schema files in `twenty-server`.** The only `.graphql` files in the repo are:\n  - `packages/twenty-client-sdk/src/metadata/generated/schema.graphql`\n  - `packages/twenty-client-sdk/src/generate/__tests__/upstream-3.0.5/fixture/{,generated/}schema.graphql`\n  - `packages/twenty-utils/graphql-introspection-query.graphql`\n- The server is **code-first** (`autoSchemaFile: true` in `graphql-config.service.ts`, `metadata.module-factory.ts`, `admin-panel.module-factory.ts`). Resolver/DTO decorators (`@ObjectType`, `@Field`, `@Args`, `@ArgsType`, `@InputType`, `@Mutation`, `@Query`, `@Subscription`) produce the schema.\n- The **CRM object schema is built at runtime from metadata**: `/Users/maxaubert/Projets/A2E Suite/packages/twenty-server/src/engine/api/graphql/workspace-schema.factory.ts` calls `WorkspaceGraphqlSchemaSDLService.getOrComputeSchemaSDL(...)` then `makeExecutableSchema` with auto-generated resolvers from `WorkspaceResolverFactory`. SDL is cached per workspace/metadata version.\n- `graphql:generate` is a **frontend** target, not server. `/Users/maxaubert/Projets/A2E Suite/packages/twenty-front/project.json` (lines 252-270):\n  ```json\n  \"graphql:generate\": {\n    \"executor\": \"nx:run-commands\",\n    \"defaultConfiguration\": \"data\",\n    \"options\": { \"cwd\": \"{projectRoot}\", \"command\": \"dotenv graphql-codegen -- --config={args.config}\" },\n    \"configurations\": { \"data\": { \"config\": \"codegen.cjs\" }, \"metadata\": { \"config\": \"codegen-metadata.cjs\" }, \"admin\": { \"config\": \"codegen-admin.cjs\" } }\n  }\n  ```\n  `/Users/maxaubert/Projets/A2E Suite/packages/twenty-front/codegen.cjs` introspects a **running** server:\n  ```js\n  schema: (process.env.REACT_APP_SERVER_BASE_URL ?? 'http://localhost:3000') + '/graphql',\n  generates: { './src/generated/graphql.ts': { plugins: ['typescript','typescript-operations','typed-document-node'], ... } }\n  ```\n  So after adding/changing a server resolver you must run a live server and regenerate the three configs (`data`, `metadata`, `admin`) — CI checks this (`/Users/maxaubert/Projets/A2E Suite/.github/workflows/ci-server.yaml` lines 209-214).\n\n**Custom DTO/resolver pattern for a chat module** (copy `search`):\n- `@ArgsType()` class with `@Field(() => String)`, `@Field(() => Int)`, class-validator decorators — `/Users/maxaubert/Projets/A2E Suite/packages/twenty-server/src/engine/core-modules/search/dtos/search-args.ts`.\n- `@ObjectType()` connection/edge/pageInfo DTOs — `search-result-connection.dto.ts`, `search-result-edge.dto.ts`, `search-result-page-info.dto.ts`.\n- Resolver — `search.resolver.ts` (shown above), with `@CoreResolver()` + `@UseGuards(WorkspaceAuthGuard, CustomPermissionGuard)` + `@UsePipes(ResolverValidationPipe)` + `@UseFilters(...)`.\n\nFor system enums, use `UUIDScalarType` / `ConnectionCursorScalarType` from `src/engine/api/graphql/workspace-schema-builder/graphql-types/scalars`.\n\n---\n\n## 6. Realtime / subscriptions\n\n### GraphQL subscriptions (4 exist)\n```\nsrc/engine/metadata-modules/logic-function/logic-function.resolver.ts:231\nsrc/engine/metadata-modules/ai/ai-chat/resolvers/agent-chat-subscription.resolver.ts:40\nsrc/engine/subscriptions/event-stream.resolver.ts:55\nsrc/engine/core-modules/event-logs/event-logs-live.resolver.ts:55\n```\n\nThe closest chat precedent is `/Users/maxaubert/Projets/A2E Suite/packages/twenty-server/src/engine/metadata-modules/ai/ai-chat/resolvers/agent-chat-subscription.resolver.ts`:\n```ts\n@MetadataResolver()\n@UseGuards(WorkspaceAuthGuard, UserAuthGuard)\n@UseInterceptors(AiGraphqlApiExceptionInterceptor)\nexport class AgentChatSubscriptionResolver {\n  constructor(\n    private readonly subscriptionService: SubscriptionService,\n    private readonly agentChatStreamingService: AgentChatStreamingService,\n    @InjectWorkspaceScopedRepository(AgentChatThreadEntity)\n    private readonly threadRepository: WorkspaceScopedRepository<AgentChatThreadEntity>,\n  ) {}\n\n  @Subscription(() => AgentChatEventDTO, {\n    filter: (payload, variables) => payload.onAgentChatEvent.threadId === variables.threadId,\n  })\n  @UseGuards(SettingsPermissionGuard(PermissionFlagType.AI))\n  async onAgentChatEvent(@Args('threadId', { type: () => UUIDScalarType }) threadId: string, ...) {\n    // authorize, then\n    const iterator = await this.subscriptionService.subscribeToAgentChat({ workspaceId, threadId });\n    return wrapAsyncIteratorWithLifecycle(iterator, { initialValue: keepalivePayload, onHeartbeat, heartbeatIntervalMs });\n  }\n}\n```\nNote: subscription resolvers MUST be singleton (not request/transient scoped) — enforced with an error log in `@nestjs/graphql`.\n\nSupporting infra:\n- `/Users/maxaubert/Projets/A2E Suite/packages/twenty-server/src/engine/subscriptions/subscription.service.ts` (`subscribeToAgentChat`, `publishToAgentChat`, `publishToEventStream`)\n- `/Users/maxaubert/Projets/A2E Suite/packages/twenty-server/src/engine/subscriptions/event-stream.resolver.ts`\n- `WorkspaceEventBroadcaster` — `/Users/maxaubert/Projets/A2E Suite/packages/twenty-server/src/engine/subscriptions/workspace-event-broadcaster/workspace-event-broadcaster.service.ts`\n\n### Realtime gateway (WebSocket/Redis, not GraphQL)\n`/Users/maxaubert/Projets/A2E Suite/packages/twenty-server/src/engine/core-modules/realtime-gateway/` — `services/realtime-gateway.service.ts`, `realtime-publisher.service.ts`, `presence.service.ts`, `realtime-topic-authorization.service.ts`.\n\nTopic grammar is already chat-aware (`.../utils/parse-realtime-topic.util.ts`):\n```ts\n// Topics: workspace:<id>[:kind:scope...]\nswitch (kind) {\n  case 'presence': return { kind: 'presence', workspaceId };\n  case 'chat':     return { kind: 'workspace', workspaceId, channelId: rest[0] };\n  case 'inbox':    return { kind: 'inbox', workspaceId, userId: rest[0] };\n  case 'object':   return { kind: 'object', workspaceId, objectNameSingular, recordId };\n}\n```\nACL today (`realtime-topic-authorization.service.ts`): workspace match always; inbox is user-scoped; **chat channel ACLs are not yet enforced** (only workspace membership). Per `docs/plan/03-integration-blueprint.md` §4, chat/presence topics target `workspace:<id>:chat:<channelId>` / `workspace:<id>:presence`. Note the `prd.json` deferred item: \"bullet-3 record/channel ACLs (P0.3 scope decision defers until object:/chat: publishers exist)\".\n\n---\n\n## 7. Base entity classes and `id` / uuid columns\n\n### For workspace entities\n`/Users/maxaubert/Projets/A2E Suite/packages/twenty-server/src/engine/twenty-orm/base.workspace-entity.ts`:\n```ts\nexport abstract class BaseWorkspaceEntity {\n  id: string;\n  createdAt: string;\n  updatedAt: string;\n  deletedAt: string | null;\n}\n```\n`/Users/maxaubert/Projets/A2E Suite/packages/twenty-server/src/engine/twenty-orm/custom.workspace-entity.ts` — `CustomWorkspaceEntity extends BaseWorkspaceEntity` (used by polymorphic target objects).\n\nThere is **no uuid decorator** here; `id` is a plain property. The `id` column is created from field metadata (`FieldMetadataType.UUID`, `defaultValue: 'uuid'`, see `compute-note-standard-flat-field-metadata.util.ts` lines 29-49).\n\n`EntityRelation<T>` is just `type EntityRelation<T> = T` (`/Users/maxaubert/Projets/A2E Suite/packages/twenty-server/src/engine/workspace-manager/workspace-migration/types/entity-relation.interface.ts`), used to dodge circular-import reflection.\n\n### For core TypeORM entities\n- `WorkspaceRelatedEntity` (`/Users/maxaubert/Projets/A2E Suite/packages/twenty-server/src/engine/workspace-manager/types/workspace-related-entity.ts`) — adds `workspaceId` + `workspace`.\n- `SyncableEntity extends WorkspaceRelatedEntity` (`/Users/maxaubert/Projets/A2E Suite/packages/twenty-server/src/engine/workspace-manager/types/syncable-entity.interface.ts`) — adds `universalIdentifier` + `applicationId`, with `@Index(['workspaceId','universalIdentifier'], { unique: true })`.\n\nUUID id column pattern (`/Users/maxaubert/Projets/A2E Suite/packages/twenty-server/src/engine/core-modules/api-key/api-key.entity.ts`):\n```ts\n@Index('IDX_API_KEY_WORKSPACE_ID', ['workspaceId'])\n@Entity({ name: 'apiKey', schema: 'core' })\n@ObjectType('ApiKey')\nexport class ApiKeyEntity extends WorkspaceRelatedEntity {\n  @Field(() => UUIDScalarType)\n  @PrimaryGeneratedColumn('uuid')\n  id: string;\n  ...\n  @Field(() => Date)\n  @CreateDateColumn({ type: 'timestamptz' })\n  createdAt: Date;\n\n  @Field(() => Date)\n  @UpdateDateColumn({ type: 'timestamptz' })\n  updatedAt: Date;\n}\n```\n`UUIDScalarType` import path: `src/engine/api/graphql/workspace-schema-builder/graphql-types/scalars`.\n\n---\n\n## 8. Soft delete\n\n### Workspace entities\n- `BaseWorkspaceEntity.deletedAt: string | null` is the only declaration.\n- The actual column exists only if the `deletedAt` **field metadata** is declared (system field; e.g. `compute-note-standard-flat-field-metadata.util.ts` lines 105-132). `buildWorkspaceTableShape` computes `hasDeletedAtColumn` (line 126).\n- API: `WorkspaceRepository.softDelete(criteria)` / `restore(criteria)` (lines 649/663 of `workspace-repository.ts`), used in the note hook service above.\n\n### Core entities\nTwo patterns:\n- `@DeleteDateColumn({ type: 'timestamptz' })` — e.g. `/Users/maxaubert/Projets/A2E Suite/packages/twenty-server/src/engine/metadata-modules/webhook/entities/webhook.entity.ts` lines 40-41.\n- Plain nullable column + repository `softDelete` — e.g. `AgentChatThreadEntity` (`/Users/maxaubert/Projets/A2E Suite/packages/twenty-server/src/engine/metadata-modules/ai/ai-chat/entities/agent-chat-thread.entity.ts`) uses `@Column({ type: 'timestamptz', nullable: true }) deletedAt: Date | null;` plus an index `@Index('IDX_AGENT_CHAT_THREAD_ID_DELETED_AT', ['id','deletedAt'])`, because `WorkspaceScopedRepository` manages soft-delete via criteria rather than TypeORM's `@DeleteDateColumn` semantics.\n\n---\n\n## 9. Cursor pagination\n\n### Auto-generated object `findMany` (metadata CRUD)\nArgs interface `/Users/maxaubert/Projets/A2E Suite/packages/twenty-server/src/engine/api/graphql/workspace-resolver-builder/interfaces/workspace-resolvers-builder.interface.ts` (lines 27-30):\n```ts\nfirst?: number;\nlast?: number;\nbefore?: string;\nafter?: string;\n```\nPlus `filter`, `orderBy`. Response is a Relay-style connection with `edges { node, cursor }` and `pageInfo`.\n\nUtilities:\n- `/Users/maxaubert/Projets/A2E Suite/packages/twenty-server/src/engine/api/graphql/graphql-query-runner/utils/cursors.util.ts` — `encodeCursor({ objectRecord, order, flatObjectMetadata, flatFieldMetadataMaps, orderByValuesFromScan })`, `decodeCursor(cursor)` (base64 JSON), `getCursor(args)` (reads `after`/`before`).\n- `/Users/maxaubert/Projets/A2E Suite/packages/twenty-server/src/engine/api/common/utils/get-page-info.util.ts` → `CommonPageInfo` (`/Users/maxaubert/Projets/A2E Suite/packages/twenty-server/src/engine/api/common/types/common-page-info.type.ts`): `{ hasNextPage, hasPreviousPage, startCursor, endCursor }`.\n\n### Metadata-entity pagination (metadata modules)\n`/Users/maxaubert/Projets/A2E Suite/packages/twenty-server/src/engine/metadata-modules/pagination/`:\n- `dtos/page-info.dto.ts` — `@ObjectType('PageInfo')` with `hasNextPage`/`hasPreviousPage`/`startCursor`/`endCursor` (uses `ConnectionCursorScalarType`)\n- `utils/to-cursor-connection.util.ts`\n- `utils/find-many-with-cursor-pagination.util.ts`\n- `utils/build-metadata-cursor-page.util.ts`\n- `utils/paginate-metadata.util.ts`\n\n### Custom resolvers\nUse `limit` + `after` + your own connection DTO if the generic shape doesn't fit (the `search` resolver does exactly this):\n`/Users/maxaubert/Projets/A2E Suite/packages/twenty-server/src/engine/core-modules/search/dtos/search-args.ts`:\n```ts\n@ArgsType()\nexport class SearchArgs {\n  @Field(() => String) searchInput: string;\n  @Field(() => Int) @Max(100) limit: number;\n  @Field(() => String, { nullable: true }) after?: string;\n  ...\n}\n```\n`SearchResultConnectionDTO` = `{ edges, pageInfo: { endCursor, hasNextPage } }`.\n\n---\n\n## 10. Synthesis: a concrete `chat` module recipe (no files modified)\n\nRecommended split (matches `docs/plan/03-integration-blueprint.md` and `04-twenty-native-law.md`):\n\n1. **Chat domain objects** (channels, messages, reactions, read cursors) → ship as a first-party app `packages/twenty-apps/internal/a2e-chat/` using `defineObject`/`defineField`/`defineView`/`definePageLayout`/`defineNavigationMenuItem`/`defineRole` (format reference: `packages/twenty-apps/internal/real-estate/`). Do **not** hand-write `@Entity`/`@Column` classes for these.\n2. **Server behavior** (`src/modules/chat/`): services (e.g. message fan-out, cursor persistence), optional query-hooks for side effects, and resolvers only for GraphQL beyond metadata CRUD.\n   - Resolver base shape: `search.resolver.ts` (core) or `agent-chat-subscription.resolver.ts` (subscription).\n   - For server-only persistence tables (e.g. ephemeral typing state or a fan-out log), use a **core-schema TypeORM entity under `src/engine/metadata-modules/chat/`** (so the glob loads it) with `WorkspaceRelatedEntity`/`@PrimaryGeneratedColumn('uuid')`, `TypeOrmModule.forFeature`, and `provideWorkspaceScopedRepository(...)`. Generate a fast/slow instance command for the schema change.\n   - Realtime: publish/subscribe `workspace:<id>:chat:<channelId>` via `RealtimePublisherService` / `SubscriptionService`; the topic parser already supports `chat`.\n3. **Registration**:\n   - Behavior-only module → `src/modules/modules.module.ts`.\n   - Module with a GraphQL resolver (all domain resolvers are `@MetadataResolver`) → `src/engine/core-modules/core-engine.module.ts` imports.\n   - Query-hook module → `src/engine/api/graphql/workspace-query-runner/workspace-query-hook/workspace-query-hook.module.ts`.\n4. **Tests/verification**: unit spec next to each util/service; `npx jest <file> --config=packages/twenty-server/jest.config.mjs`; then `npx nx lint:diff-with-main twenty-server` + `npx tsgo -p tsconfig.json --noEmit` in `packages/twenty-server` (do not trust `nx typecheck` cache). Regenerate front GraphQL types against a running server.\n\n### Key file reference (absolute paths)\n- Registration: `.../src/modules/modules.module.ts`, `.../src/app.module.ts`, `.../src/engine/core-modules/core-engine.module.ts`, `.../src/engine/api/graphql/workspace-query-runner/workspace-query-hook/workspace-query-hook.module.ts`\n- Standard object example: `.../src/modules/note/**`\n- Standard metadata builders: `.../src/engine/workspace-manager/twenty-standard-application/utils/{object-metadata,field-metadata,index,view,...}/`\n- Shared catalog: `packages/twenty-shared/src/metadata/constants/*`\n- Resolver/DTO examples: `.../src/engine/core-modules/search/*`, `.../src/modules/messaging/message-outbound-manager/*`, `.../src/modules/calendar/calendar-event-creation-manager/*`\n- ORM: `.../src/engine/twenty-orm/{base.workspace-entity.ts,workspace-orm.manager.ts,datasource/*,repository/workspace-repository.ts,workspace-scoped-repository/*,table-shape/*}`\n- TypeORM core: `.../src/database/typeorm/core/core.datasource.ts`, `.../src/database/typeorm/typeorm.module.ts`\n- Realtime/subscriptions: `.../src/engine/subscriptions/*`, `.../src/engine/core-modules/realtime-gateway/*`\n- Chat precedent: `.../src/engine/metadata-modules/ai/ai-chat/*`\n- Pagination: `.../src/engine/api/graphql/graphql-query-runner/utils/cursors.util.ts`, `.../src/engine/metadata-modules/pagination/*`\n- Docs: `docs/plan/01-codebase-map.md`, `docs/plan/03-integration-blueprint.md` §4, `docs/plan/04-twenty-native-law.md` §0/§3, `packages/twenty-server/docs/UPGRADE_COMMANDS.md`\n\n### Important caveats\n- `src/modules/**` has **no** `*.entity.ts` and **no** `@CoreResolver`; domain resolvers are `@MetadataResolver` and require registration in `CoreEngineModule`.\n- A new TypeORM entity placed under `src/modules/` will silently not load (glob only covers `engine/core-modules` and `engine/metadata-modules`).\n- The TypeORM migration system is frozen; new columns require generated instance commands and (for workspace objects) workspace/upgrade commands.\n- Adding a **standard object** is a cross-package change touching `twenty-shared` catalog + server compute builders + catalog specs — prefer the app SDK for chat objects.\n- Never commit i18n catalog churn; new user-facing strings use Lingui `msg`.\n\nNo files were modified during this research.\n</task_result>\n</task>"
      },
      "children": []
    }
  ],
  "stats": {
    "totalSubagents": 2,
    "byType": {
      "explore": 2
    },
    "totalDurationMs": 0,
    "failureCount": 2,
    "maxDepth": 1
  }
}